package,event,date,version,certainty,evidence_url,prerelease,known_in_legacy,after_cron_stopped
plotly,anywidget_implementation_present_by,2024-11-27T20:13:52.098925Z,6.0.0rc0,observed_by,https://files.pythonhosted.org/packages/45/1b/3c058b6e883a7ddc122b3d0e6552bff1b5b4ab712444bb4e320517d9b944/plotly-6.0.0rc0-py3-none-any.whl,True,True,False
numerous-widgets,first_extant_package_release,2024-12-02T14:11:05.122811Z,0.0.2,exact_upload_of_available_release,https://pypi.org/project/numerous-widgets/,False,False,False
numerous-widgets,custom_widget_present_by,2024-12-02T14:11:05.122811Z,0.0.2,observed_by,https://files.pythonhosted.org/packages/94/1a/b813f332dd38935459ad9fa075aac53ca4f0ef8cd24196a3753b5cca4eb3/numerous_widgets-0.0.2-py3-none-any.whl,False,False,False
numerous-widgets,anywidget_implementation_present_by,2024-12-02T14:11:05.122811Z,0.0.2,observed_by,https://files.pythonhosted.org/packages/94/1a/b813f332dd38935459ad9fa075aac53ca4f0ef8cd24196a3753b5cca4eb3/numerous_widgets-0.0.2-py3-none-any.whl,False,False,False
numerous-widgets,anywidget_dependency_observed,2024-12-02T14:11:05.122811Z,0.0.2,dependency_observation_only,https://pypi.org/pypi/numerous-widgets/0.0.2/json,False,False,False
node-graph-widget,first_extant_package_release,2024-12-03T13:07:23.653804Z,0.0.1,exact_upload_of_available_release,https://pypi.org/project/node-graph-widget/,False,False,False
node-graph-widget,custom_widget_present_by,2024-12-03T13:07:23.653804Z,0.0.1,observed_by,https://files.pythonhosted.org/packages/de/c1/a146e69a6db572acfb0ab006f04fdf5913d722eba909f07a9ad33bfd2af2/node_graph_widget-0.0.1-py3-none-any.whl,False,False,False
node-graph-widget,anywidget_implementation_present_by,2024-12-03T13:07:23.653804Z,0.0.1,observed_by,https://files.pythonhosted.org/packages/de/c1/a146e69a6db572acfb0ab006f04fdf5913d722eba909f07a9ad33bfd2af2/node_graph_widget-0.0.1-py3-none-any.whl,False,False,False
node-graph-widget,anywidget_dependency_observed,2024-12-03T13:07:23.653804Z,0.0.1,dependency_observation_only,https://pypi.org/pypi/node-graph-widget/0.0.1/json,False,False,False
jupyter-anywidget-webllm,first_extant_package_release,2024-12-03T14:17:21.517266Z,0.0.1,exact_upload_of_available_release,https://pypi.org/project/jupyter-anywidget-webllm/,False,False,False
jupyter-anywidget-webllm,custom_widget_present_by,2024-12-03T14:17:21.517266Z,0.0.1,observed_by,https://files.pythonhosted.org/packages/16/de/5a7cba3c0e409092f0fd811cb9786dec2f9e2965072dded5eac9f621bb8f/jupyter_anywidget_webllm-0.0.1-py2.py3-none-any.whl,False,False,False
jupyter-anywidget-webllm,anywidget_implementation_present_by,2024-12-03T14:17:21.517266Z,0.0.1,observed_by,https://files.pythonhosted.org/packages/16/de/5a7cba3c0e409092f0fd811cb9786dec2f9e2965072dded5eac9f621bb8f/jupyter_anywidget_webllm-0.0.1-py2.py3-none-any.whl,False,False,False
jupyter-anywidget-webllm,anywidget_dependency_observed,2024-12-03T14:17:21.517266Z,0.0.1,dependency_observation_only,https://pypi.org/pypi/jupyter-anywidget-webllm/0.0.1/json,False,False,False
texture-viz,custom_widget_present_by,2024-12-03T16:34:53.942911Z,0.0.5,observed_by,https://files.pythonhosted.org/packages/79/0a/823f57c15fe4884c153b3ce75252576eb1e001ab7034ce6a9b01b443d593/texture_viz-0.0.5-py3-none-any.whl,False,True,False
texture-viz,anywidget_implementation_present_by,2024-12-03T16:34:53.942911Z,0.0.5,observed_by,https://files.pythonhosted.org/packages/79/0a/823f57c15fe4884c153b3ce75252576eb1e001ab7034ce6a9b01b443d593/texture_viz-0.0.5-py3-none-any.whl,False,True,False
ghostumap2,first_extant_package_release,2024-12-05T08:49:00.202405Z,0.0.0,exact_upload_of_available_release,https://pypi.org/project/ghostumap2/,False,False,False
ghostumap2,custom_widget_present_by,2024-12-05T08:49:00.202405Z,0.0.0,observed_by,https://files.pythonhosted.org/packages/68/d0/a6451e82a50147873525086c52e581475ce8486f60e36ea483fc05ae3478/ghostumap2-0.0.0.tar.gz,False,False,False
ghostumap2,anywidget_implementation_present_by,2024-12-05T08:49:00.202405Z,0.0.0,observed_by,https://files.pythonhosted.org/packages/68/d0/a6451e82a50147873525086c52e581475ce8486f60e36ea483fc05ae3478/ghostumap2-0.0.0.tar.gz,False,False,False
ghostumap2,anywidget_dependency_observed,2024-12-05T08:49:00.202405Z,0.0.0,dependency_observation_only,https://pypi.org/pypi/ghostumap2/0.0.0/json,False,False,False
neo4j-viz,first_extant_package_release,2024-12-06T14:26:01.884222Z,0.1.1,exact_upload_of_available_release,https://pypi.org/project/neo4j-viz/,False,False,False
numerous-apps,first_extant_package_release,2024-12-12T08:32:42.489527Z,0.0.2,exact_upload_of_available_release,https://pypi.org/project/numerous-apps/,False,False,False
numerous-apps,custom_widget_present_by,2024-12-12T08:32:42.489527Z,0.0.2,observed_by,https://files.pythonhosted.org/packages/57/3e/cc064ff38662695cd56f51ab042f39e86c1bfdca10e461c2ff185ba4413b/numerous_apps-0.0.2-py3-none-any.whl,False,False,False
numerous-apps,anywidget_implementation_present_by,2024-12-12T08:32:42.489527Z,0.0.2,observed_by,https://files.pythonhosted.org/packages/57/3e/cc064ff38662695cd56f51ab042f39e86c1bfdca10e461c2ff185ba4413b/numerous_apps-0.0.2-py3-none-any.whl,False,False,False
numerous-apps,anywidget_dependency_observed,2024-12-12T08:32:42.489527Z,0.0.2,dependency_observation_only,https://pypi.org/pypi/numerous-apps/0.0.2/json,False,False,False
cosmograph,custom_widget_present_by,2024-12-16T16:23:45.250382Z,0.0.5,observed_by,https://files.pythonhosted.org/packages/c2/5c/81ea74ccad75c0a3f255951eddb6d0bf81e4b3de9f400b7b0355bc0ddbc3/cosmograph-0.0.5-py3-none-any.whl,False,True,False
cosmograph,anywidget_implementation_present_by,2024-12-16T16:23:45.250382Z,0.0.5,observed_by,https://files.pythonhosted.org/packages/c2/5c/81ea74ccad75c0a3f255951eddb6d0bf81e4b3de9f400b7b0355bc0ddbc3/cosmograph-0.0.5-py3-none-any.whl,False,True,False
mapstorch,first_extant_package_release,2024-12-19T05:08:38.884318Z,0.0.1,exact_upload_of_available_release,https://pypi.org/project/mapstorch/,False,False,False
mapstorch,custom_widget_present_by,2024-12-19T05:08:38.884318Z,0.0.1,observed_by,https://files.pythonhosted.org/packages/e5/51/aedb1ccd3973cd0d760696795eb62ac61e4458714f0ac29c2c1ca6ecbf12/mapstorch-0.0.1-py3-none-any.whl,False,False,False
mapstorch,anywidget_implementation_present_by,2024-12-19T05:08:38.884318Z,0.0.1,observed_by,https://files.pythonhosted.org/packages/e5/51/aedb1ccd3973cd0d760696795eb62ac61e4458714f0ac29c2c1ca6ecbf12/mapstorch-0.0.1-py3-none-any.whl,False,False,False
mapstorch,anywidget_dependency_observed,2024-12-19T05:08:38.884318Z,0.0.1,dependency_observation_only,https://pypi.org/pypi/mapstorch/0.0.1/json,False,False,False
guidance-stitch,first_extant_package_release,2024-12-19T06:14:50.160747Z,0.1.0,exact_upload_of_available_release,https://pypi.org/project/guidance-stitch/,False,False,False
guidance-stitch,custom_widget_present_by,2024-12-19T06:14:50.160747Z,0.1.0,observed_by,https://files.pythonhosted.org/packages/9e/99/ceeb3e88aca92b61402b43609fff20f9371525c8d121ea67b12f05755d48/guidance_stitch-0.1.0-py3-none-any.whl,False,False,False
ipyannote,first_extant_package_release,2024-12-20T16:07:19.933825Z,0.1.0,exact_upload_of_available_release,https://pypi.org/project/ipyannote/,False,False,False
ipyannote,custom_widget_present_by,2024-12-20T16:07:19.933825Z,0.1.0,observed_by,https://files.pythonhosted.org/packages/39/57/0b4870bc587808a953ed25dcb4b489edc0a379ff80cf227369693ccfc465/ipyannote-0.1.0-py3-none-any.whl,False,False,False
ipyannote,anywidget_implementation_present_by,2024-12-20T16:07:19.933825Z,0.1.0,observed_by,https://files.pythonhosted.org/packages/39/57/0b4870bc587808a953ed25dcb4b489edc0a379ff80cf227369693ccfc465/ipyannote-0.1.0-py3-none-any.whl,False,False,False
ipyannote,anywidget_dependency_observed,2024-12-20T16:07:19.933825Z,0.1.0,dependency_observation_only,https://pypi.org/pypi/ipyannote/0.1.0/json,False,False,False
buckaroo,anywidget_implementation_present_by,2024-12-27T16:20:51.679229Z,0.8.0,observed_by,https://files.pythonhosted.org/packages/94/62/bb9f8fd94de89447b651569d31648fdd27ac9fc97aee942aebc6feb0133a/buckaroo-0.8.0-py3-none-any.whl,False,True,False
buckaroo,anywidget_dependency_observed,2024-12-27T16:20:51.679229Z,0.8.0,dependency_observation_only,https://pypi.org/pypi/buckaroo/0.8.0/json,False,True,False
table-widget,first_extant_package_release,2025-01-08T19:51:19.569526Z,0.0.1,exact_upload_of_available_release,https://pypi.org/project/table-widget/,False,False,False
table-widget,custom_widget_present_by,2025-01-08T19:51:19.569526Z,0.0.1,observed_by,https://files.pythonhosted.org/packages/88/ce/61c28ef4375891041aa8cf221bbc64c1dbb0310d64662870caa81cfd84df/table_widget-0.0.1-py2.py3-none-any.whl,False,False,False
table-widget,anywidget_implementation_present_by,2025-01-08T19:51:19.569526Z,0.0.1,observed_by,https://files.pythonhosted.org/packages/88/ce/61c28ef4375891041aa8cf221bbc64c1dbb0310d64662870caa81cfd84df/table_widget-0.0.1-py2.py3-none-any.whl,False,False,False
table-widget,anywidget_dependency_observed,2025-01-08T19:51:19.569526Z,0.0.1,dependency_observation_only,https://pypi.org/pypi/table-widget/0.0.1/json,False,False,False
revisit-notebook-widget,first_extant_package_release,2025-01-10T21:10:10.809743Z,0.0.0,exact_upload_of_available_release,https://pypi.org/project/revisit-notebook-widget/,False,False,False
revisit-notebook-widget,anywidget_dependency_observed,2025-01-10T21:10:10.809743Z,0.0.0,dependency_observation_only,https://pypi.org/pypi/revisit-notebook-widget/0.0.0/json,False,False,False
revisit-notebook-widget,custom_widget_present_by,2025-01-10T21:10:14.294991Z,0.0.0,observed_by,https://files.pythonhosted.org/packages/e0/a8/1524ade7238953a802cf971ca927b6125d7f6e5d78e7713a7e828faff64b/revisit_notebook_widget-0.0.0-py2.py3-none-any.whl,False,False,False
revisit-notebook-widget,anywidget_implementation_present_by,2025-01-10T21:10:14.294991Z,0.0.0,observed_by,https://files.pythonhosted.org/packages/e0/a8/1524ade7238953a802cf971ca927b6125d7f6e5d78e7713a7e828faff64b/revisit_notebook_widget-0.0.0-py2.py3-none-any.whl,False,False,False
patoka,first_extant_package_release,2025-01-22T22:17:27.778165Z,0.2.7,exact_upload_of_available_release,https://pypi.org/project/patoka/,False,False,False
patoka,custom_widget_present_by,2025-01-22T22:17:27.778165Z,0.2.7,observed_by,https://files.pythonhosted.org/packages/ce/92/d1280763f61a7a966aa8420763df624a0929bbc53b9735c920362d3016a3/patoka-0.2.7-py3-none-any.whl,False,False,False
patoka,anywidget_implementation_present_by,2025-01-22T22:17:27.778165Z,0.2.7,observed_by,https://files.pythonhosted.org/packages/ce/92/d1280763f61a7a966aa8420763df624a0929bbc53b9735c920362d3016a3/patoka-0.2.7-py3-none-any.whl,False,False,False
patoka,anywidget_dependency_observed,2025-01-22T22:17:27.778165Z,0.2.7,dependency_observation_only,https://pypi.org/pypi/patoka/0.2.7/json,False,False,False
genstudio,first_extant_package_release,2025-01-23T12:09:48.472077Z,2025.1.23.1209.dev0,exact_upload_of_available_release,https://pypi.org/project/genstudio/,True,False,False
genstudio,custom_widget_present_by,2025-01-23T12:09:48.472077Z,2025.1.23.1209.dev0,observed_by,https://files.pythonhosted.org/packages/9e/70/3e547311bba165914a8b5d4aeb74ab1c7dedabe5335b56c00dcc2732db2b/genstudio-2025.1.23.1209.dev0-py3-none-any.whl,True,False,False
genstudio,anywidget_implementation_present_by,2025-01-23T12:09:48.472077Z,2025.1.23.1209.dev0,observed_by,https://files.pythonhosted.org/packages/9e/70/3e547311bba165914a8b5d4aeb74ab1c7dedabe5335b56c00dcc2732db2b/genstudio-2025.1.23.1209.dev0-py3-none-any.whl,True,False,False
genstudio,anywidget_dependency_observed,2025-01-23T12:09:48.472077Z,2025.1.23.1209.dev0,dependency_observation_only,https://pypi.org/pypi/genstudio/2025.1.23.1209.dev0/json,True,False,False
texture-viz,anywidget_dependency_observed,2025-01-27T21:19:01.149369Z,0.0.6,dependency_observation_only,https://pypi.org/pypi/texture-viz/0.0.6/json,False,True,True
cosmograph,anywidget_dependency_observed,2025-01-31T11:45:53.294344Z,0.0.39,dependency_observation_only,https://pypi.org/pypi/cosmograph/0.0.39/json,False,True,True
optmwidgets,first_extant_package_release,2025-02-10T09:42:35.998894Z,0.1.5,exact_upload_of_available_release,https://pypi.org/project/optmwidgets/,False,False,True
optmwidgets,custom_widget_present_by,2025-02-10T09:42:35.998894Z,0.1.5,observed_by,https://files.pythonhosted.org/packages/8c/00/c4d2fe1d1484e1dbd62a2a66014ec23a1a07eee9ae86d4d832b46773f5f1/optmwidgets-0.1.5-py2.py3-none-any.whl,False,False,True
cellpop,first_extant_package_release,2025-02-12T16:09:18.892235Z,0.1.0,exact_upload_of_available_release,https://pypi.org/project/cellpop/,False,False,True
cellpop,custom_widget_present_by,2025-02-12T16:09:18.892235Z,0.1.0,observed_by,https://files.pythonhosted.org/packages/44/62/4eef190ca3da01449ca67e65db97028754f51a169d0619ace9660b949379/cellpop-0.1.0-py2.py3-none-any.whl,False,False,True
cellpop,anywidget_implementation_present_by,2025-02-12T16:09:18.892235Z,0.1.0,observed_by,https://files.pythonhosted.org/packages/44/62/4eef190ca3da01449ca67e65db97028754f51a169d0619ace9660b949379/cellpop-0.1.0-py2.py3-none-any.whl,False,False,True
cellpop,anywidget_dependency_observed,2025-02-12T16:09:18.892235Z,0.1.0,dependency_observation_only,https://pypi.org/pypi/cellpop/0.1.0/json,False,False,True
graph-widget,first_extant_package_release,2025-02-18T14:47:50.623639Z,0.0.0,exact_upload_of_available_release,https://pypi.org/project/graph-widget/,False,False,True
graph-widget,custom_widget_present_by,2025-02-18T14:47:50.623639Z,0.0.0,observed_by,https://files.pythonhosted.org/packages/54/9a/aef46d91c3e84d6fe227c890007ae320f482016fa1ad5f2bbd08521187ad/graph_widget-0.0.0-py2.py3-none-any.whl,False,False,True
graph-widget,anywidget_implementation_present_by,2025-02-18T14:47:50.623639Z,0.0.0,observed_by,https://files.pythonhosted.org/packages/54/9a/aef46d91c3e84d6fe227c890007ae320f482016fa1ad5f2bbd08521187ad/graph_widget-0.0.0-py2.py3-none-any.whl,False,False,True
graph-widget,anywidget_dependency_observed,2025-02-18T14:47:50.623639Z,0.0.0,dependency_observation_only,https://pypi.org/pypi/graph-widget/0.0.0/json,False,False,True
brushable-widget,first_extant_package_release,2025-02-18T22:01:25.052538Z,0.0.0,exact_upload_of_available_release,https://pypi.org/project/brushable-widget/,False,False,True
brushable-widget,custom_widget_present_by,2025-02-18T22:01:25.052538Z,0.0.0,observed_by,https://files.pythonhosted.org/packages/ad/a4/630b6975e36d08868f93499618e89dca4b00f7c799ae69be8e863c3a9d54/brushable_widget-0.0.0-py2.py3-none-any.whl,False,False,True
brushable-widget,anywidget_implementation_present_by,2025-02-18T22:01:25.052538Z,0.0.0,observed_by,https://files.pythonhosted.org/packages/ad/a4/630b6975e36d08868f93499618e89dca4b00f7c799ae69be8e863c3a9d54/brushable_widget-0.0.0-py2.py3-none-any.whl,False,False,True
brushable-widget,anywidget_dependency_observed,2025-02-18T22:01:25.052538Z,0.0.0,dependency_observation_only,https://pypi.org/pypi/brushable-widget/0.0.0/json,False,False,True
reactome-anywidget,first_extant_package_release,2025-02-19T09:23:56.546559Z,0.0.0a0,exact_upload_of_available_release,https://pypi.org/project/reactome-anywidget/,True,False,True
reactome-anywidget,custom_widget_present_by,2025-02-19T09:23:56.546559Z,0.0.0a0,observed_by,https://files.pythonhosted.org/packages/e6/e3/28578f177323457b58f2b2d272a1459e971e804eb1c41858c695e3b3f7c1/reactome_anywidget-0.0.0a0-py3-none-any.whl,True,False,True
reactome-anywidget,anywidget_implementation_present_by,2025-02-19T09:23:56.546559Z,0.0.0a0,observed_by,https://files.pythonhosted.org/packages/e6/e3/28578f177323457b58f2b2d272a1459e971e804eb1c41858c695e3b3f7c1/reactome_anywidget-0.0.0a0-py3-none-any.whl,True,False,True
reactome-anywidget,anywidget_dependency_observed,2025-02-19T09:23:56.546559Z,0.0.0a0,dependency_observation_only,https://pypi.org/pypi/reactome-anywidget/0.0.0a0/json,True,False,True
plopp,anywidget_dependency_observed,2025-02-21T21:39:56.693978Z,25.2.0,dependency_observation_only,https://pypi.org/pypi/plopp/25.2.0/json,False,False,True
ipysketch-lite,custom_widget_present_by,2025-02-22T10:31:34.051769Z,0.4.0,observed_by,https://files.pythonhosted.org/packages/b0/e5/a2fd660a1b71543329cc812662d66e3305c511fdf158a8dc5bee65210e59/ipysketch_lite-0.4.0-py3-none-any.whl,False,False,True
ipysketch-lite,anywidget_implementation_present_by,2025-02-22T10:31:34.051769Z,0.4.0,observed_by,https://files.pythonhosted.org/packages/b0/e5/a2fd660a1b71543329cc812662d66e3305c511fdf158a8dc5bee65210e59/ipysketch_lite-0.4.0-py3-none-any.whl,False,False,True
ipysketch-lite,anywidget_dependency_observed,2025-02-22T10:31:34.051769Z,0.4.0,dependency_observation_only,https://pypi.org/pypi/ipysketch-lite/0.4.0/json,False,False,True
chat-ui,first_extant_package_release,2025-02-24T13:43:03.994742Z,0.1.0,exact_upload_of_available_release,https://pypi.org/project/chat-ui/,False,False,True
chat-ui,anywidget_dependency_observed,2025-02-24T13:43:03.994742Z,0.1.0,dependency_observation_only,https://pypi.org/pypi/chat-ui/0.1.0/json,False,False,True
chat-ui,custom_widget_present_by,2025-02-24T13:43:05.674323Z,0.1.0,observed_by,https://files.pythonhosted.org/packages/f7/30/99d72198fe908099e2cf5e78e18e66b207a810a9bb9fde7952a8b1f8ec1b/chat_ui-0.1.0-py2.py3-none-any.whl,False,False,True
chat-ui,anywidget_implementation_present_by,2025-02-24T13:43:05.674323Z,0.1.0,observed_by,https://files.pythonhosted.org/packages/f7/30/99d72198fe908099e2cf5e78e18e66b207a810a9bb9fde7952a8b1f8ec1b/chat_ui-0.1.0-py2.py3-none-any.whl,False,False,True
aiidalab-qe,first_extant_package_release,2025-02-27T13:08:43.264662Z,24.10.0a8,exact_upload_of_available_release,https://pypi.org/project/aiidalab-qe/,True,False,True
aiidalab-qe,custom_widget_present_by,2025-02-27T13:08:43.264662Z,24.10.0a8,observed_by,https://files.pythonhosted.org/packages/3b/11/6f12d4376bfd7bf8fbc54bcd465c0f05309f9f83ba3d413b7803915cf017/aiidalab_qe-24.10.0a8-py3-none-any.whl,True,False,True
aiidalab-qe,anywidget_implementation_present_by,2025-02-27T13:08:43.264662Z,24.10.0a8,observed_by,https://files.pythonhosted.org/packages/3b/11/6f12d4376bfd7bf8fbc54bcd465c0f05309f9f83ba3d413b7803915cf017/aiidalab_qe-24.10.0a8-py3-none-any.whl,True,False,True
aiidalab-qe,anywidget_dependency_observed,2025-02-27T13:08:43.264662Z,24.10.0a8,dependency_observation_only,https://pypi.org/pypi/aiidalab-qe/24.10.0a8/json,True,False,True
vuepy-core,first_extant_package_release,2025-03-10T16:01:15.962881Z,0.1.8a1,exact_upload_of_available_release,https://pypi.org/project/vuepy-core/,True,True,True
vuepy-core,custom_widget_present_by,2025-03-10T16:01:15.962881Z,0.1.8a1,observed_by,https://files.pythonhosted.org/packages/74/3f/e6e369524d3322a2f6fe33e06935ba830d8ec7f0bce84657e41be07f6af8/vuepy_core-0.1.8a1-py3-none-any.whl,True,True,True
vuepy-core,anywidget_implementation_present_by,2025-03-10T16:01:15.962881Z,0.1.8a1,observed_by,https://files.pythonhosted.org/packages/74/3f/e6e369524d3322a2f6fe33e06935ba830d8ec7f0bce84657e41be07f6af8/vuepy_core-0.1.8a1-py3-none-any.whl,True,True,True
vuepy-core,anywidget_dependency_observed,2025-03-10T16:01:15.962881Z,0.1.8a1,dependency_observation_only,https://pypi.org/pypi/vuepy-core/0.1.8a1/json,True,True,True
jupyter-paint-segment,first_extant_package_release,2025-03-11T10:39:26.016803Z,0.1.0,exact_upload_of_available_release,https://pypi.org/project/jupyter-paint-segment/,False,False,True
jupyter-paint-segment,custom_widget_present_by,2025-03-11T10:39:26.016803Z,0.1.0,observed_by,https://files.pythonhosted.org/packages/98/9c/ada534246e07734ae2eac97335f54305aea4ac6c38bbf3bc346a3cf2955f/jupyter_paint_segment-0.1.0-py3-none-any.whl,False,False,True
jupyter-paint-segment,anywidget_implementation_present_by,2025-03-11T10:39:26.016803Z,0.1.0,observed_by,https://files.pythonhosted.org/packages/98/9c/ada534246e07734ae2eac97335f54305aea4ac6c38bbf3bc346a3cf2955f/jupyter_paint_segment-0.1.0-py3-none-any.whl,False,False,True
jupyter-paint-segment,anywidget_dependency_observed,2025-03-11T10:39:26.016803Z,0.1.0,dependency_observation_only,https://pypi.org/pypi/jupyter-paint-segment/0.1.0/json,False,False,True
ipyaudio,first_extant_package_release,2025-03-15T06:59:26.259321Z,0.1.0.dev0,exact_upload_of_available_release,https://pypi.org/project/ipyaudio/,True,False,True
ipypencil,first_extant_package_release,2025-03-22T07:52:00.342462Z,0.1.0.dev0,exact_upload_of_available_release,https://pypi.org/project/ipypencil/,True,False,True
ipypencil,custom_widget_present_by,2025-03-22T07:52:00.342462Z,0.1.0.dev0,observed_by,https://files.pythonhosted.org/packages/ab/a6/c12b878f899eb6b93b7c8406d491de21c629e46be12d87ca711d231d3e1f/ipypencil-0.1.0.dev0-py3-none-any.whl,True,False,True
toponymy,first_extant_package_release,2025-03-24T19:08:49.469460Z,0.2.0,exact_upload_of_available_release,https://pypi.org/project/toponymy/,False,False,True
luminarycloud-jupyter,first_extant_package_release,2025-03-24T22:04:27.910530Z,0.1.0,exact_upload_of_available_release,https://pypi.org/project/luminarycloud-jupyter/,False,False,True
luminarycloud-jupyter,custom_widget_present_by,2025-03-24T22:04:27.910530Z,0.1.0,observed_by,https://files.pythonhosted.org/packages/db/78/a660c031e0170ebd1c552c55adb6af4f4fbcdd0a58b60539d70a49d1bca5/luminarycloud_jupyter-0.1.0-py3-none-any.whl,False,False,True
luminarycloud-jupyter,anywidget_implementation_present_by,2025-03-24T22:04:27.910530Z,0.1.0,observed_by,https://files.pythonhosted.org/packages/db/78/a660c031e0170ebd1c552c55adb6af4f4fbcdd0a58b60539d70a49d1bca5/luminarycloud_jupyter-0.1.0-py3-none-any.whl,False,False,True
jupyter-optmwidgets,first_extant_package_release,2025-03-25T08:06:06.036614Z,0.1.1,exact_upload_of_available_release,https://pypi.org/project/jupyter-optmwidgets/,False,False,True
jupyter-optmwidgets,custom_widget_present_by,2025-03-25T08:06:06.036614Z,0.1.1,observed_by,https://files.pythonhosted.org/packages/7a/5f/b00aaea631879b6f0072c9fdc6da296b18d4136dc047804dcd8058c85d1a/jupyter_optmwidgets-0.1.1-py2.py3-none-any.whl,False,False,True
ipysankeywidget,anywidget_implementation_present_by,2025-03-26T09:55:25.611241Z,0.6.0,observed_by,https://files.pythonhosted.org/packages/ac/57/908a8be2b042924bada4baab70a55fe13dc8f461374cea7d000537afb4bc/ipysankeywidget-0.6.0-py2.py3-none-any.whl,False,True,True
ipysankeywidget,anywidget_dependency_observed,2025-03-26T09:55:25.611241Z,0.6.0,dependency_observation_only,https://pypi.org/pypi/ipysankeywidget/0.6.0/json,False,True,True
mopaint,first_extant_package_release,2025-03-31T09:33:04.453809Z,0.1.0,exact_upload_of_available_release,https://pypi.org/project/mopaint/,False,False,True
mopaint,custom_widget_present_by,2025-03-31T09:33:04.453809Z,0.1.0,observed_by,https://files.pythonhosted.org/packages/b0/bb/a7df12699d4445905446dce4e02bb41cd7bfc67c287d564d7e6b3773e0f3/mopaint-0.1.0-py3-none-any.whl,False,False,True
mopaint,anywidget_implementation_present_by,2025-03-31T09:33:04.453809Z,0.1.0,observed_by,https://files.pythonhosted.org/packages/b0/bb/a7df12699d4445905446dce4e02bb41cd7bfc67c287d564d7e6b3773e0f3/mopaint-0.1.0-py3-none-any.whl,False,False,True
mopaint,anywidget_dependency_observed,2025-03-31T09:33:04.453809Z,0.1.0,dependency_observation_only,https://pypi.org/pypi/mopaint/0.1.0/json,False,False,True
optmentorwidgets,first_extant_package_release,2025-04-01T09:26:11.071883Z,0.1.2,exact_upload_of_available_release,https://pypi.org/project/optmentorwidgets/,False,True,True
optmentorwidgets,custom_widget_present_by,2025-04-01T16:09:14.832471Z,0.1.10,observed_by,https://files.pythonhosted.org/packages/1e/66/c1cf2416093b4f1d827d621cd88a37a488bdec9d305c31d9e4bb7ceace53/optmentorwidgets-0.1.10-py2.py3-none-any.whl,False,True,True
bactovision,first_extant_package_release,2025-04-02T13:01:51.483009Z,0.1.0,exact_upload_of_available_release,https://pypi.org/project/bactovision/,False,True,True
bactovision,custom_widget_present_by,2025-04-02T13:01:51.483009Z,0.1.0,observed_by,https://files.pythonhosted.org/packages/f1/e3/019a997ea99cb2c368ce6e51cd778a96d38028a251f05f4e0bae8d1b7083/bactovision-0.1.0-py3-none-any.whl,False,True,True
bactovision,anywidget_implementation_present_by,2025-04-02T13:01:51.483009Z,0.1.0,observed_by,https://files.pythonhosted.org/packages/f1/e3/019a997ea99cb2c368ce6e51cd778a96d38028a251f05f4e0bae8d1b7083/bactovision-0.1.0-py3-none-any.whl,False,True,True
bactovision,anywidget_dependency_observed,2025-04-02T13:01:51.483009Z,0.1.0,dependency_observation_only,https://pypi.org/pypi/bactovision/0.1.0/json,False,True,True
ipyaudio,custom_widget_present_by,2025-04-04T13:20:33.081675Z,0.1.5,observed_by,https://files.pythonhosted.org/packages/7e/e1/cee49620315eba07e54ebf78ca287745052d0b88665d00f493132c270e6f/ipyaudio-0.1.5-py3-none-any.whl,False,False,True
foxglove-sdk,first_extant_package_release,2025-04-07T20:02:45.328751Z,0.5.0,exact_upload_of_available_release,https://pypi.org/project/foxglove-sdk/,False,False,True
d2-widget,first_extant_package_release,2025-04-21T11:51:57.148750Z,0.0.0,exact_upload_of_available_release,https://pypi.org/project/d2-widget/,False,False,True
d2-widget,custom_widget_present_by,2025-04-21T11:51:57.148750Z,0.0.0,observed_by,https://files.pythonhosted.org/packages/07/3e/92904fed466c99988aac41ce010d3f594b36a0cb9e0075357e5effb51e95/d2_widget-0.0.0-py3-none-any.whl,False,False,True
d2-widget,anywidget_implementation_present_by,2025-04-21T11:51:57.148750Z,0.0.0,observed_by,https://files.pythonhosted.org/packages/07/3e/92904fed466c99988aac41ce010d3f594b36a0cb9e0075357e5effb51e95/d2_widget-0.0.0-py3-none-any.whl,False,False,True
d2-widget,anywidget_dependency_observed,2025-04-21T11:51:57.148750Z,0.0.0,dependency_observation_only,https://pypi.org/pypi/d2-widget/0.0.0/json,False,False,True
p5widget,first_extant_package_release,2025-04-21T21:17:43.308271Z,0.1.0,exact_upload_of_available_release,https://pypi.org/project/p5widget/,False,False,True
p5widget,custom_widget_present_by,2025-04-21T21:17:43.308271Z,0.1.0,observed_by,https://files.pythonhosted.org/packages/f7/11/6ddcb58d93335c7662a970c3d19ff7d0c617c8fa86fe6a84387ac7ede3c2/p5widget-0.1.0-py3-none-any.whl,False,False,True
p5widget,anywidget_implementation_present_by,2025-04-21T21:17:43.308271Z,0.1.0,observed_by,https://files.pythonhosted.org/packages/f7/11/6ddcb58d93335c7662a970c3d19ff7d0c617c8fa86fe6a84387ac7ede3c2/p5widget-0.1.0-py3-none-any.whl,False,False,True
p5widget,anywidget_dependency_observed,2025-04-21T21:17:43.308271Z,0.1.0,dependency_observation_only,https://pypi.org/pypi/p5widget/0.1.0/json,False,False,True
luminarycloud-jupyter,anywidget_dependency_observed,2025-04-22T20:48:20.195044Z,0.1.4,dependency_observation_only,https://pypi.org/pypi/luminarycloud-jupyter/0.1.4/json,False,False,True
bt-visualizer,first_extant_package_release,2025-04-28T11:29:29.883142Z,0.1.6,exact_upload_of_available_release,https://pypi.org/project/bt-visualizer/,False,False,True
bt-visualizer,custom_widget_present_by,2025-04-28T11:29:29.883142Z,0.1.6,observed_by,https://files.pythonhosted.org/packages/62/86/d89108d67c65d04ea504b5adec70fb4bbf1ead50249498f768ffe0341bbe/bt_visualizer-0.1.6-py3-none-any.whl,False,False,True
bt-visualizer,anywidget_implementation_present_by,2025-04-28T11:29:29.883142Z,0.1.6,observed_by,https://files.pythonhosted.org/packages/62/86/d89108d67c65d04ea504b5adec70fb4bbf1ead50249498f768ffe0341bbe/bt_visualizer-0.1.6-py3-none-any.whl,False,False,True
bt-visualizer,anywidget_dependency_observed,2025-04-28T11:29:29.883142Z,0.1.6,dependency_observation_only,https://pypi.org/pypi/bt-visualizer/0.1.6/json,False,False,True
mammos-entity,first_extant_package_release,2025-04-30T12:26:11.226620Z,0.1.6,exact_upload_of_available_release,https://pypi.org/project/mammos-entity/,False,False,True
geemap,custom_widget_present_by,2025-05-01T15:32:41.532473Z,0.36.0rc1,observed_by,https://files.pythonhosted.org/packages/0d/9f/a53d4db6e64c1e520bc2eb23fdb736fd597b0e80c5d36a472352a40ba8d9/geemap-0.36.0rc1-py3-none-any.whl,True,True,True
geemap,anywidget_implementation_present_by,2025-05-01T15:32:41.532473Z,0.36.0rc1,observed_by,https://files.pythonhosted.org/packages/0d/9f/a53d4db6e64c1e520bc2eb23fdb736fd597b0e80c5d36a472352a40ba8d9/geemap-0.36.0rc1-py3-none-any.whl,True,True,True
geemap,anywidget_dependency_observed,2025-05-01T15:32:41.532473Z,0.36.0rc1,dependency_observation_only,https://pypi.org/pypi/geemap/0.36.0rc1/json,True,True,True
cm-jupyter-widget,first_extant_package_release,2025-05-14T13:14:47.346037Z,0.1.0,exact_upload_of_available_release,https://pypi.org/project/cm-jupyter-widget/,False,False,True
cm-jupyter-widget,custom_widget_present_by,2025-05-14T13:14:47.346037Z,0.1.0,observed_by,https://files.pythonhosted.org/packages/30/b9/036aabe2e7f7d445eff238d71808679cae365c378faab94566a3793f1a84/cm_jupyter_widget-0.1.0-py3-none-any.whl,False,False,True
cm-jupyter-widget,anywidget_implementation_present_by,2025-05-14T13:14:47.346037Z,0.1.0,observed_by,https://files.pythonhosted.org/packages/30/b9/036aabe2e7f7d445eff238d71808679cae365c378faab94566a3793f1a84/cm_jupyter_widget-0.1.0-py3-none-any.whl,False,False,True
cm-jupyter-widget,anywidget_dependency_observed,2025-05-14T13:14:47.346037Z,0.1.0,dependency_observation_only,https://pypi.org/pypi/cm-jupyter-widget/0.1.0/json,False,False,True
ipyprogressivis,first_extant_package_release,2025-05-16T14:43:23.813642Z,0.3.0,exact_upload_of_available_release,https://pypi.org/project/ipyprogressivis/,False,False,True
ipyprogressivis,custom_widget_present_by,2025-05-16T14:43:23.813642Z,0.3.0,observed_by,https://files.pythonhosted.org/packages/dd/92/1d6d503eb13661e04ae3d20904743e795e04f51b7950956a6b9762da8d5b/ipyprogressivis-0.3.0-py3-none-any.whl,False,False,True
viawidgets,first_extant_package_release,2025-05-23T10:07:00.397799Z,0.1.0,exact_upload_of_available_release,https://pypi.org/project/viawidgets/,False,False,True
viawidgets,custom_widget_present_by,2025-05-23T10:07:00.397799Z,0.1.0,observed_by,https://files.pythonhosted.org/packages/68/57/09fbfe30ca8a5239bb226de80107fb486664ec37f1f39afc528ac5a0f15f/viawidgets-0.1.0-py3-none-any.whl,False,False,True
viawidgets,anywidget_implementation_present_by,2025-05-23T10:07:00.397799Z,0.1.0,observed_by,https://files.pythonhosted.org/packages/68/57/09fbfe30ca8a5239bb226de80107fb486664ec37f1f39afc528ac5a0f15f/viawidgets-0.1.0-py3-none-any.whl,False,False,True
viawidgets,anywidget_dependency_observed,2025-05-23T10:07:00.397799Z,0.1.0,dependency_observation_only,https://pypi.org/pypi/viawidgets/0.1.0/json,False,False,True
ifc-anywidget,first_extant_package_release,2025-05-24T20:58:11.359379Z,0.1.0,exact_upload_of_available_release,https://pypi.org/project/ifc-anywidget/,False,False,True
ifc-anywidget,custom_widget_present_by,2025-05-24T20:58:11.359379Z,0.1.0,observed_by,https://files.pythonhosted.org/packages/d9/a1/fbd0d9eb995faa3df15d11296865098a1c333ea8687b93eee974358ec427/ifc_anywidget-0.1.0-py3-none-any.whl,False,False,True
ifc-anywidget,anywidget_implementation_present_by,2025-05-24T20:58:11.359379Z,0.1.0,observed_by,https://files.pythonhosted.org/packages/d9/a1/fbd0d9eb995faa3df15d11296865098a1c333ea8687b93eee974358ec427/ifc_anywidget-0.1.0-py3-none-any.whl,False,False,True
ifc-anywidget,anywidget_dependency_observed,2025-05-24T20:58:11.359379Z,0.1.0,dependency_observation_only,https://pypi.org/pypi/ifc-anywidget/0.1.0/json,False,False,True
emblaze,anywidget_implementation_present_by,2025-05-24T22:42:41.067982Z,0.11.0,observed_by,https://files.pythonhosted.org/packages/4a/8a/3578b1a0929505e793ccbfd9113934c817831234c3b215222e4842d5e674/emblaze-0.11.0-py3-none-any.whl,False,True,True
emblaze,anywidget_dependency_observed,2025-05-24T22:42:41.067982Z,0.11.0,dependency_observation_only,https://pypi.org/pypi/emblaze/0.11.0/json,False,True,True
ipyleaflet-bis,first_extant_package_release,2025-05-25T21:30:56.826320Z,0.20.0,exact_upload_of_available_release,https://pypi.org/project/ipyleaflet-bis/,False,True,True
ipyleaflet-bis,custom_widget_present_by,2025-05-25T21:30:56.826320Z,0.20.0,observed_by,https://files.pythonhosted.org/packages/73/54/9189ece57dd5495736598bd4117b92fbb69de0ae3b3c4f21b80edc03a3be/ipyleaflet_bis-0.20.0-py3-none-any.whl,False,True,True
saefarer,first_extant_package_release,2025-06-02T18:17:28.506700Z,0.0.0,exact_upload_of_available_release,https://pypi.org/project/saefarer/,False,False,True
saefarer,custom_widget_present_by,2025-06-02T18:17:28.506700Z,0.0.0,observed_by,https://files.pythonhosted.org/packages/d0/bc/28e9cfa3fe926c0907a50f32c4cd015e706caa82a39dbed321b289c915e7/saefarer-0.0.0-py3-none-any.whl,False,False,True
saefarer,anywidget_implementation_present_by,2025-06-02T18:17:28.506700Z,0.0.0,observed_by,https://files.pythonhosted.org/packages/d0/bc/28e9cfa3fe926c0907a50f32c4cd015e706caa82a39dbed321b289c915e7/saefarer-0.0.0-py3-none-any.whl,False,False,True
saefarer,anywidget_dependency_observed,2025-06-02T18:17:28.506700Z,0.0.0,dependency_observation_only,https://pypi.org/pypi/saefarer/0.0.0/json,False,False,True
trainplot,custom_widget_present_by,2025-06-10T17:49:16.446583Z,0.4.0,observed_by,https://files.pythonhosted.org/packages/26/54/26b64a96256647d450630bff373dba9554457c4b555f85233dc510520166/trainplot-0.4.0-py3-none-any.whl,False,False,True
trainplot,anywidget_implementation_present_by,2025-06-10T17:49:16.446583Z,0.4.0,observed_by,https://files.pythonhosted.org/packages/26/54/26b64a96256647d450630bff373dba9554457c4b555f85233dc510520166/trainplot-0.4.0-py3-none-any.whl,False,False,True
trainplot,anywidget_dependency_observed,2025-06-10T17:49:16.446583Z,0.4.0,dependency_observation_only,https://pypi.org/pypi/trainplot/0.4.0/json,False,False,True
svetlanna,first_extant_package_release,2025-06-11T16:03:25.096825Z,1.0.1,exact_upload_of_available_release,https://pypi.org/project/svetlanna/,False,False,True
svetlanna,custom_widget_present_by,2025-06-11T16:03:25.096825Z,1.0.1,observed_by,https://files.pythonhosted.org/packages/9a/0e/1d9939da80d096eb30bc46d50dbc948193913bbe09a3a092cc16b4fc1fcb/svetlanna-1.0.1.tar.gz,False,False,True
svetlanna,anywidget_implementation_present_by,2025-06-11T16:03:25.096825Z,1.0.1,observed_by,https://files.pythonhosted.org/packages/9a/0e/1d9939da80d096eb30bc46d50dbc948193913bbe09a3a092cc16b4fc1fcb/svetlanna-1.0.1.tar.gz,False,False,True
svetlanna,anywidget_dependency_observed,2025-06-11T16:03:25.096825Z,1.0.1,dependency_observation_only,https://pypi.org/pypi/svetlanna/1.0.1/json,False,False,True
toponymy,custom_widget_present_by,2025-06-11T21:08:14.173148Z,0.3.0,observed_by,https://files.pythonhosted.org/packages/e6/9b/18cfeaa30d43087a9080a92e69f89267d59b914576ae2a8860fe41621832/toponymy-0.3.0-py3-none-any.whl,False,False,True
toponymy,anywidget_implementation_present_by,2025-06-11T21:08:14.173148Z,0.3.0,observed_by,https://files.pythonhosted.org/packages/e6/9b/18cfeaa30d43087a9080a92e69f89267d59b914576ae2a8860fe41621832/toponymy-0.3.0-py3-none-any.whl,False,False,True
toponymy,anywidget_dependency_observed,2025-06-11T21:08:14.173148Z,0.3.0,dependency_observation_only,https://pypi.org/pypi/toponymy/0.3.0/json,False,False,True
colight,first_extant_package_release,2025-06-11T22:13:37.204446Z,2025.4.1.dev202506112213,exact_upload_of_available_release,https://pypi.org/project/colight/,True,False,True
colight,custom_widget_present_by,2025-06-11T22:13:37.204446Z,2025.4.1.dev202506112213,observed_by,https://files.pythonhosted.org/packages/1e/b5/088b43594052bafa489aa497179d6806008ed6f9711fb529d5c0e3397c34/colight-2025.4.1.dev202506112213-py3-none-any.whl,True,False,True
colight,anywidget_implementation_present_by,2025-06-11T22:13:37.204446Z,2025.4.1.dev202506112213,observed_by,https://files.pythonhosted.org/packages/1e/b5/088b43594052bafa489aa497179d6806008ed6f9711fb529d5c0e3397c34/colight-2025.4.1.dev202506112213-py3-none-any.whl,True,False,True
colight,anywidget_dependency_observed,2025-06-11T22:13:37.204446Z,2025.4.1.dev202506112213,dependency_observation_only,https://pypi.org/pypi/colight/2025.4.1.dev202506112213/json,True,False,True
graph-3d-widget,first_extant_package_release,2025-06-16T21:08:00.288773Z,0.0.1,exact_upload_of_available_release,https://pypi.org/project/graph-3d-widget/,False,False,True
graph-3d-widget,custom_widget_present_by,2025-06-16T21:08:00.288773Z,0.0.1,observed_by,https://files.pythonhosted.org/packages/c1/6e/ceff277f06d5cfd69154fe484333478c063f8b9803aa2b44ce5ffd149ae6/graph_3d_widget-0.0.1-py2.py3-none-any.whl,False,False,True
graph-3d-widget,anywidget_implementation_present_by,2025-06-16T21:08:00.288773Z,0.0.1,observed_by,https://files.pythonhosted.org/packages/c1/6e/ceff277f06d5cfd69154fe484333478c063f8b9803aa2b44ce5ffd149ae6/graph_3d_widget-0.0.1-py2.py3-none-any.whl,False,False,True
graph-3d-widget,anywidget_dependency_observed,2025-06-16T21:08:00.288773Z,0.0.1,dependency_observation_only,https://pypi.org/pypi/graph-3d-widget/0.0.1/json,False,False,True
nyancad,first_extant_package_release,2025-06-19T11:56:52.424513Z,0.1.0,exact_upload_of_available_release,https://pypi.org/project/nyancad/,False,False,True
nyancad,custom_widget_present_by,2025-06-19T11:56:52.424513Z,0.1.0,observed_by,https://files.pythonhosted.org/packages/df/f9/1b17238bd419f703cc82678e06561cbdddaaef3f039b3ecaf4dca5142ae5/nyancad-0.1.0-py3-none-any.whl,False,False,True
nyancad,anywidget_implementation_present_by,2025-06-19T11:56:52.424513Z,0.1.0,observed_by,https://files.pythonhosted.org/packages/df/f9/1b17238bd419f703cc82678e06561cbdddaaef3f039b3ecaf4dca5142ae5/nyancad-0.1.0-py3-none-any.whl,False,False,True
nyancad,anywidget_dependency_observed,2025-06-19T11:56:52.424513Z,0.1.0,dependency_observation_only,https://pypi.org/pypi/nyancad/0.1.0/json,False,False,True
plotly,anywidget_dependency_observed,2025-06-26T16:20:40.760696Z,6.2.0,dependency_observation_only,https://pypi.org/pypi/plotly/6.2.0/json,False,True,True
motimer,first_extant_package_release,2025-06-30T02:20:17.372454Z,0.1.0,exact_upload_of_available_release,https://pypi.org/project/motimer/,False,False,True
motimer,custom_widget_present_by,2025-06-30T02:20:17.372454Z,0.1.0,observed_by,https://files.pythonhosted.org/packages/4d/e7/8d0a94f5d966652122344b4e7869705c45ae0250af3cea2bd7d10f7d5f8e/motimer-0.1.0-py3-none-any.whl,False,False,True
motimer,anywidget_implementation_present_by,2025-06-30T02:20:17.372454Z,0.1.0,observed_by,https://files.pythonhosted.org/packages/4d/e7/8d0a94f5d966652122344b4e7869705c45ae0250af3cea2bd7d10f7d5f8e/motimer-0.1.0-py3-none-any.whl,False,False,True
motimer,anywidget_dependency_observed,2025-06-30T02:20:17.372454Z,0.1.0,dependency_observation_only,https://pypi.org/pypi/motimer/0.1.0/json,False,False,True
anymap,first_extant_package_release,2025-07-02T00:56:15.288284Z,0.0.1,exact_upload_of_available_release,https://pypi.org/project/anymap/,False,False,True
anymap,anywidget_dependency_observed,2025-07-02T00:56:15.288284Z,0.0.1,dependency_observation_only,https://pypi.org/pypi/anymap/0.0.1/json,False,False,True
anymap,custom_widget_present_by,2025-07-02T04:52:49.039203Z,0.1.0,observed_by,https://files.pythonhosted.org/packages/45/c6/63abfa2f888cae90f283e504f86932312a056e90b29c584f88d53e8ac976/anymap-0.1.0-py2.py3-none-any.whl,False,False,True
anymap,anywidget_implementation_present_by,2025-07-02T04:52:49.039203Z,0.1.0,observed_by,https://files.pythonhosted.org/packages/45/c6/63abfa2f888cae90f283e504f86932312a056e90b29c584f88d53e8ac976/anymap-0.1.0-py2.py3-none-any.whl,False,False,True
bpy-widget,first_extant_package_release,2025-07-08T22:06:59.952321Z,0.1.0,exact_upload_of_available_release,https://pypi.org/project/bpy-widget/,False,False,True
bpy-widget,custom_widget_present_by,2025-07-08T22:06:59.952321Z,0.1.0,observed_by,https://files.pythonhosted.org/packages/80/8e/a9e1d5ea1e6b87f126281d1a4aa64a1cc0acc5a0f76229dd1860deaec18b/bpy_widget-0.1.0-py3-none-any.whl,False,False,True
bpy-widget,anywidget_implementation_present_by,2025-07-08T22:06:59.952321Z,0.1.0,observed_by,https://files.pythonhosted.org/packages/80/8e/a9e1d5ea1e6b87f126281d1a4aa64a1cc0acc5a0f76229dd1860deaec18b/bpy_widget-0.1.0-py3-none-any.whl,False,False,True
bpy-widget,anywidget_dependency_observed,2025-07-08T22:06:59.952321Z,0.1.0,dependency_observation_only,https://pypi.org/pypi/bpy-widget/0.1.0/json,False,False,True
groggy,first_extant_package_release,2025-07-10T20:54:13.140782Z,0.2.1,exact_upload_of_available_release,https://pypi.org/project/groggy/,False,False,True
cubevis,first_extant_package_release,2025-07-16T16:00:55.947021Z,0.5.2,exact_upload_of_available_release,https://pypi.org/project/cubevis/,False,False,True
inspect-viz,first_extant_package_release,2025-07-18T11:32:06.218921Z,0.2.5,exact_upload_of_available_release,https://pypi.org/project/inspect-viz/,False,False,True
inspect-viz,custom_widget_present_by,2025-07-18T11:32:06.218921Z,0.2.5,observed_by,https://files.pythonhosted.org/packages/ae/96/130747d7f0cd2bac513c5e8533b29057e4ac5183870079adbb64bfe1f62a/inspect_viz-0.2.5-py3-none-any.whl,False,False,True
inspect-viz,anywidget_implementation_present_by,2025-07-18T11:32:06.218921Z,0.2.5,observed_by,https://files.pythonhosted.org/packages/ae/96/130747d7f0cd2bac513c5e8533b29057e4ac5183870079adbb64bfe1f62a/inspect_viz-0.2.5-py3-none-any.whl,False,False,True
inspect-viz,anywidget_dependency_observed,2025-07-18T11:32:06.218921Z,0.2.5,dependency_observation_only,https://pypi.org/pypi/inspect-viz/0.2.5/json,False,False,True
mols2grid,anywidget_implementation_present_by,2025-07-18T17:35:01.761866Z,2.1.0a1,observed_by,https://files.pythonhosted.org/packages/e3/d5/beea5e6b5a68f9517785776ac74147964df80fee1ea5f643bb8d1ff761ef/mols2grid-2.1.0a1-py3-none-any.whl,True,True,True
mols2grid,anywidget_dependency_observed,2025-07-18T17:35:01.761866Z,2.1.0a1,dependency_observation_only,https://pypi.org/pypi/mols2grid/2.1.0a1/json,True,True,True
pymatviz,custom_widget_present_by,2025-07-24T17:58:16.182612Z,0.17.0,observed_by,https://files.pythonhosted.org/packages/76/5f/9bff4f9c1393dbc1838c0048e831f2fa2e14b3ede74b29048eb205664e66/pymatviz-0.17.0-py3-none-any.whl,False,False,True
pymatviz,anywidget_implementation_present_by,2025-07-24T17:58:16.182612Z,0.17.0,observed_by,https://files.pythonhosted.org/packages/76/5f/9bff4f9c1393dbc1838c0048e831f2fa2e14b3ede74b29048eb205664e66/pymatviz-0.17.0-py3-none-any.whl,False,False,True
pymatviz,anywidget_dependency_observed,2025-07-24T17:58:16.182612Z,0.17.0,dependency_observation_only,https://pypi.org/pypi/pymatviz/0.17.0/json,False,False,True
uchimata,first_extant_package_release,2025-07-28T19:47:31.024937Z,0.2.0,exact_upload_of_available_release,https://pypi.org/project/uchimata/,False,True,True
uchimata,custom_widget_present_by,2025-07-28T19:47:31.024937Z,0.2.0,observed_by,https://files.pythonhosted.org/packages/63/a9/ebfbecd77aab672e12a2691dcd81b5a402ac05e91808134a20c4fbfaee59/uchimata-0.2.0-py3-none-any.whl,False,True,True
uchimata,anywidget_implementation_present_by,2025-07-28T19:47:31.024937Z,0.2.0,observed_by,https://files.pythonhosted.org/packages/63/a9/ebfbecd77aab672e12a2691dcd81b5a402ac05e91808134a20c4fbfaee59/uchimata-0.2.0-py3-none-any.whl,False,True,True
uchimata,anywidget_dependency_observed,2025-07-28T19:47:31.024937Z,0.2.0,dependency_observation_only,https://pypi.org/pypi/uchimata/0.2.0/json,False,True,True
oold,custom_widget_present_by,2025-08-09T16:58:00.682235Z,0.7.0,observed_by,https://files.pythonhosted.org/packages/46/56/92be4e067a7f21b3b169bf1a9c30f9b4ffcfb18f59309649817194dd59c5/oold-0.7.0-py3-none-any.whl,False,False,True
oold,anywidget_implementation_present_by,2025-08-09T16:58:00.682235Z,0.7.0,observed_by,https://files.pythonhosted.org/packages/46/56/92be4e067a7f21b3b169bf1a9c30f9b4ffcfb18f59309649817194dd59c5/oold-0.7.0-py3-none-any.whl,False,False,True
oold,anywidget_dependency_observed,2025-08-09T16:58:00.682235Z,0.7.0,dependency_observation_only,https://pypi.org/pypi/oold/0.7.0/json,False,False,True
aiidalab-qe-base,first_extant_package_release,2025-08-12T13:31:11.704010Z,0.1.0,exact_upload_of_available_release,https://pypi.org/project/aiidalab-qe-base/,False,False,True
aiidalab-qe-base,custom_widget_present_by,2025-08-12T13:31:11.704010Z,0.1.0,observed_by,https://files.pythonhosted.org/packages/4a/7b/3efb9f8b354aad021bc3bf9869fb3a914849830dcc1ab7c1d5c5a95487a3/aiidalab_qe_base-0.1.0-py3-none-any.whl,False,False,True
aiidalab-qe-base,anywidget_implementation_present_by,2025-08-12T13:31:11.704010Z,0.1.0,observed_by,https://files.pythonhosted.org/packages/4a/7b/3efb9f8b354aad021bc3bf9869fb3a914849830dcc1ab7c1d5c5a95487a3/aiidalab_qe_base-0.1.0-py3-none-any.whl,False,False,True
aiidalab-qe-base,anywidget_dependency_observed,2025-08-12T13:31:11.704010Z,0.1.0,dependency_observation_only,https://pypi.org/pypi/aiidalab-qe-base/0.1.0/json,False,False,True
distortions,first_extant_package_release,2025-08-15T17:10:09.278328Z,0.0.2,exact_upload_of_available_release,https://pypi.org/project/distortions/,False,False,True
distortions,custom_widget_present_by,2025-08-15T17:10:09.278328Z,0.0.2,observed_by,https://files.pythonhosted.org/packages/ca/ab/9ca8c9757ab147f82f27eed8171290e05171228ef4da920e69163303d600/distortions-0.0.2-py3-none-any.whl,False,False,True
distortions,anywidget_implementation_present_by,2025-08-15T17:10:09.278328Z,0.0.2,observed_by,https://files.pythonhosted.org/packages/ca/ab/9ca8c9757ab147f82f27eed8171290e05171228ef4da920e69163303d600/distortions-0.0.2-py3-none-any.whl,False,False,True
dashlab,first_extant_package_release,2025-08-19T17:47:23.145707Z,0.1.0,exact_upload_of_available_release,https://pypi.org/project/dashlab/,False,False,True
chartout,first_extant_package_release,2025-08-19T18:40:19.403234Z,0.0.0,exact_upload_of_available_release,https://pypi.org/project/chartout/,False,False,True
chartout,custom_widget_present_by,2025-08-19T18:40:21.143049Z,0.0.0,observed_by,https://files.pythonhosted.org/packages/78/68/da5fc13185e5087b61de7190e3332329ca9b2d8181ce2f1ebfbf875b33a2/chartout-0.0.0-py3-none-any.whl,False,False,True
chartout,anywidget_implementation_present_by,2025-08-19T18:40:21.143049Z,0.0.0,observed_by,https://files.pythonhosted.org/packages/78/68/da5fc13185e5087b61de7190e3332329ca9b2d8181ce2f1ebfbf875b33a2/chartout-0.0.0-py3-none-any.whl,False,False,True
dashlab,custom_widget_present_by,2025-08-19T19:13:35.302053Z,0.1.1,observed_by,https://files.pythonhosted.org/packages/ce/fb/af40311bb9b5bce9cf5f8bacc776e9006b61381bf6de46d6e42292a32a10/dashlab-0.1.1-py3-none-any.whl,False,False,True
dashlab,anywidget_implementation_present_by,2025-08-19T19:13:35.302053Z,0.1.1,observed_by,https://files.pythonhosted.org/packages/ce/fb/af40311bb9b5bce9cf5f8bacc776e9006b61381bf6de46d6e42292a32a10/dashlab-0.1.1-py3-none-any.whl,False,False,True
dashlab,anywidget_dependency_observed,2025-08-19T19:13:35.302053Z,0.1.1,dependency_observation_only,https://pypi.org/pypi/dashlab/0.1.1/json,False,False,True
jupyter-scatter-scsketch,first_extant_package_release,2025-08-19T21:31:45.348796Z,0.22.0,exact_upload_of_available_release,https://pypi.org/project/jupyter-scatter-scsketch/,False,True,True
jupyter-scatter-scsketch,custom_widget_present_by,2025-08-19T21:31:45.348796Z,0.22.0,observed_by,https://files.pythonhosted.org/packages/8c/f2/2c675c8338508308726559d835950f717571d5ac2bd2fdb33ec91c211509/jupyter_scatter_scsketch-0.22.0-py3-none-any.whl,False,True,True
jupyter-scatter-scsketch,anywidget_implementation_present_by,2025-08-19T21:31:45.348796Z,0.22.0,observed_by,https://files.pythonhosted.org/packages/8c/f2/2c675c8338508308726559d835950f717571d5ac2bd2fdb33ec91c211509/jupyter_scatter_scsketch-0.22.0-py3-none-any.whl,False,True,True
jupyter-scatter-scsketch,anywidget_dependency_observed,2025-08-19T21:31:45.348796Z,0.22.0,dependency_observation_only,https://pypi.org/pypi/jupyter-scatter-scsketch/0.22.0/json,False,True,True
scsketch,first_extant_package_release,2025-08-27T21:18:17.035324Z,0.0.0,exact_upload_of_available_release,https://pypi.org/project/scsketch/,False,False,True
scsketch,custom_widget_present_by,2025-08-27T21:18:17.035324Z,0.0.0,observed_by,https://files.pythonhosted.org/packages/b7/84/46ce6cd648190edf1f94d72a74c2d52679e3bfcd4d76cc10d52d3ea99f16/scsketch-0.0.0-py2.py3-none-any.whl,False,False,True
scsketch,anywidget_implementation_present_by,2025-08-27T21:18:17.035324Z,0.0.0,observed_by,https://files.pythonhosted.org/packages/b7/84/46ce6cd648190edf1f94d72a74c2d52679e3bfcd4d76cc10d52d3ea99f16/scsketch-0.0.0-py2.py3-none-any.whl,False,False,True
scsketch,anywidget_dependency_observed,2025-08-27T21:18:17.035324Z,0.0.0,dependency_observation_only,https://pypi.org/pypi/scsketch/0.0.0/json,False,False,True
markmap-anywidget,first_extant_package_release,2025-09-04T14:53:44.363055Z,0.1.2,exact_upload_of_available_release,https://pypi.org/project/markmap-anywidget/,False,False,True
markmap-anywidget,custom_widget_present_by,2025-09-04T14:53:44.363055Z,0.1.2,observed_by,https://files.pythonhosted.org/packages/fd/6b/aaeb8da1a096753fc40dac8dfc7a60a147ecbc1a9a833ea1a6a7dd657c45/markmap_anywidget-0.1.2-py3-none-any.whl,False,False,True
markmap-anywidget,anywidget_implementation_present_by,2025-09-04T14:53:44.363055Z,0.1.2,observed_by,https://files.pythonhosted.org/packages/fd/6b/aaeb8da1a096753fc40dac8dfc7a60a147ecbc1a9a833ea1a6a7dd657c45/markmap_anywidget-0.1.2-py3-none-any.whl,False,False,True
markmap-anywidget,anywidget_dependency_observed,2025-09-04T14:53:44.363055Z,0.1.2,dependency_observation_only,https://pypi.org/pypi/markmap-anywidget/0.1.2/json,False,False,True
crumpy,first_extant_package_release,2025-09-06T00:43:54.160339Z,0.1.0,exact_upload_of_available_release,https://pypi.org/project/crumpy/,False,False,True
crumpy,custom_widget_present_by,2025-09-06T00:43:54.160339Z,0.1.0,observed_by,https://files.pythonhosted.org/packages/d1/36/1f41b964c36d7e30843650dcce3f0d56df0ba23c0c2e5a3737ca4f477f43/crumpy-0.1.0-py3-none-any.whl,False,False,True
crumpy,anywidget_implementation_present_by,2025-09-06T00:43:54.160339Z,0.1.0,observed_by,https://files.pythonhosted.org/packages/d1/36/1f41b964c36d7e30843650dcce3f0d56df0ba23c0c2e5a3737ca4f477f43/crumpy-0.1.0-py3-none-any.whl,False,False,True
crumpy,anywidget_dependency_observed,2025-09-06T00:43:54.160339Z,0.1.0,dependency_observation_only,https://pypi.org/pypi/crumpy/0.1.0/json,False,False,True
qsl,custom_widget_present_by,2025-09-10T15:58:51.830387Z,0.2.46,observed_by,https://files.pythonhosted.org/packages/d2/00/f090c6479505edae587e373c498c128c2568988ed821d41dbef58eb9f746/qsl-0.2.46-py3-none-any.whl,False,True,True
pysimlin,first_extant_package_release,2025-09-11T17:50:24.376773Z,0.1.0,exact_upload_of_available_release,https://pypi.org/project/pysimlin/,False,False,True
qsl,anywidget_implementation_present_by,2025-09-16T19:36:34.825525Z,0.2.47,observed_by,https://files.pythonhosted.org/packages/88/76/e42dd044707ed48024b58ccc460d2c5e290aac1a3e572e0770b583ea1761/qsl-0.2.47-py3-none-any.whl,False,True,True
qsl,anywidget_dependency_observed,2025-09-16T19:36:34.825525Z,0.2.47,dependency_observation_only,https://pypi.org/pypi/qsl/0.2.47/json,False,True,True
anywidget-aggrid,first_extant_package_release,2025-09-28T19:46:00.936108Z,0.1.0,exact_upload_of_available_release,https://pypi.org/project/anywidget-aggrid/,False,False,True
anywidget-aggrid,custom_widget_present_by,2025-09-28T19:46:00.936108Z,0.1.0,observed_by,https://files.pythonhosted.org/packages/84/2b/0ef9c7d3eb628e87176c18a01a919db9441a07abda2a5876b099bd3c1bda/anywidget_aggrid-0.1.0-py3-none-any.whl,False,False,True
anywidget-aggrid,anywidget_implementation_present_by,2025-09-28T19:46:00.936108Z,0.1.0,observed_by,https://files.pythonhosted.org/packages/84/2b/0ef9c7d3eb628e87176c18a01a919db9441a07abda2a5876b099bd3c1bda/anywidget_aggrid-0.1.0-py3-none-any.whl,False,False,True
anywidget-aggrid,anywidget_dependency_observed,2025-09-28T19:46:00.936108Z,0.1.0,dependency_observation_only,https://pypi.org/pypi/anywidget-aggrid/0.1.0/json,False,False,True
vegafusion,custom_widget_present_by,2025-09-29T11:57:05.772526Z,2.0.3,observed_by,https://files.pythonhosted.org/packages/d5/98/30d1eefcb121bae9afa06661a6a2a1572af2908917a2b0ba42e697f22c09/vegafusion-2.0.3.tar.gz,False,True,True
vegafusion,anywidget_implementation_present_by,2025-09-29T11:57:05.772526Z,2.0.3,observed_by,https://files.pythonhosted.org/packages/d5/98/30d1eefcb121bae9afa06661a6a2a1572af2908917a2b0ba42e697f22c09/vegafusion-2.0.3.tar.gz,False,True,True
process-tree-widget,first_extant_package_release,2025-10-08T09:56:34.800655Z,0.0.1,exact_upload_of_available_release,https://pypi.org/project/process-tree-widget/,False,False,True
process-tree-widget,custom_widget_present_by,2025-10-08T09:56:34.800655Z,0.0.1,observed_by,https://files.pythonhosted.org/packages/bb/68/0622ccb2fb4fe3c17b30fef7cc715dd557b0aa99e19c9eb74b3715a783e3/process_tree_widget-0.0.1-py2.py3-none-any.whl,False,False,True
process-tree-widget,anywidget_implementation_present_by,2025-10-08T09:56:34.800655Z,0.0.1,observed_by,https://files.pythonhosted.org/packages/bb/68/0622ccb2fb4fe3c17b30fef7cc715dd557b0aa99e19c9eb74b3715a783e3/process_tree_widget-0.0.1-py2.py3-none-any.whl,False,False,True
process-tree-widget,anywidget_dependency_observed,2025-10-08T09:56:34.800655Z,0.0.1,dependency_observation_only,https://pypi.org/pypi/process-tree-widget/0.0.1/json,False,False,True
json-view-anywidget,first_extant_package_release,2025-10-21T11:03:44.082092Z,0.1.0,exact_upload_of_available_release,https://pypi.org/project/json-view-anywidget/,False,False,True
json-view-anywidget,custom_widget_present_by,2025-10-21T11:03:44.082092Z,0.1.0,observed_by,https://files.pythonhosted.org/packages/dc/0e/427cb3ef462dfbe9bf4f8bea306feab0256e6cccc6b65adc3ec561cd84e3/json_view_anywidget-0.1.0-py3-none-any.whl,False,False,True
json-view-anywidget,anywidget_implementation_present_by,2025-10-21T11:03:44.082092Z,0.1.0,observed_by,https://files.pythonhosted.org/packages/dc/0e/427cb3ef462dfbe9bf4f8bea306feab0256e6cccc6b65adc3ec561cd84e3/json_view_anywidget-0.1.0-py3-none-any.whl,False,False,True
json-view-anywidget,anywidget_dependency_observed,2025-10-21T11:03:44.082092Z,0.1.0,dependency_observation_only,https://pypi.org/pypi/json-view-anywidget/0.1.0/json,False,False,True
groggy,custom_widget_present_by,2025-10-22T11:52:15.015506Z,0.5.1,observed_by,https://files.pythonhosted.org/packages/de/7e/1f84b6f177120dcd012f5cd3760c1aece5d61ba18c6574859238f886c1c8/groggy-0.5.1-cp39-cp39-win_amd64.whl,False,False,True
retentioneering,custom_widget_present_by,2025-10-26T10:20:18.099896Z,4.0.0rc9,observed_by,https://files.pythonhosted.org/packages/65/2b/87ff94413d22df4a0401c80dcb3944cac826ddb953674e09cda48bdf4673/retentioneering-4.0.0rc9-py3-none-any.whl,True,False,True
retentioneering,anywidget_implementation_present_by,2025-10-26T10:20:18.099896Z,4.0.0rc9,observed_by,https://files.pythonhosted.org/packages/65/2b/87ff94413d22df4a0401c80dcb3944cac826ddb953674e09cda48bdf4673/retentioneering-4.0.0rc9-py3-none-any.whl,True,False,True
retentioneering,anywidget_dependency_observed,2025-10-26T10:20:18.099896Z,4.0.0rc9,dependency_observation_only,https://pypi.org/pypi/retentioneering/4.0.0rc9/json,True,False,True
alloylens,first_extant_package_release,2025-10-26T21:55:33.308655Z,0.0.1,exact_upload_of_available_release,https://pypi.org/project/alloylens/,False,False,True
alloylens,custom_widget_present_by,2025-10-26T21:55:33.308655Z,0.0.1,observed_by,https://files.pythonhosted.org/packages/b4/bc/a0f44b714a7a6d96f4b86759ccc5ee29b9a636170dcaf2146ccfc1426ccd/alloylens-0.0.1-py3-none-any.whl,False,False,True
alloylens,anywidget_implementation_present_by,2025-10-26T21:55:33.308655Z,0.0.1,observed_by,https://files.pythonhosted.org/packages/b4/bc/a0f44b714a7a6d96f4b86759ccc5ee29b9a636170dcaf2146ccfc1426ccd/alloylens-0.0.1-py3-none-any.whl,False,False,True
alloylens,anywidget_dependency_observed,2025-10-26T21:55:33.308655Z,0.0.1,dependency_observation_only,https://pypi.org/pypi/alloylens/0.0.1/json,False,False,True
vizpro,first_extant_package_release,2025-10-27T03:47:03.853736Z,0.1.0.dev0,exact_upload_of_available_release,https://pypi.org/project/vizpro/,True,False,True
vizpro,custom_widget_present_by,2025-10-27T03:47:03.853736Z,0.1.0.dev0,observed_by,https://files.pythonhosted.org/packages/37/61/9e11187459241c91112b83d23b843602e6a8e4b0ce03c510212fba4ea04f/vizpro-0.1.0.dev0-py3-none-any.whl,True,False,True
foxglove-sdk,anywidget_dependency_observed,2025-10-27T16:29:11.332704Z,0.15.2,dependency_observation_only,https://pypi.org/pypi/foxglove-sdk/0.15.2/json,False,False,True
foxglove-sdk,custom_widget_present_by,2025-10-27T16:31:55.164260Z,0.15.2,observed_by,https://files.pythonhosted.org/packages/9b/5d/5da1de974a78bb51030b8fbd1b5c640c4227de1fd2de1e18e394b429c51d/foxglove_sdk-0.15.2-cp39-cp39-win32.whl,False,False,True
foxglove-sdk,anywidget_implementation_present_by,2025-10-27T16:31:55.164260Z,0.15.2,observed_by,https://files.pythonhosted.org/packages/9b/5d/5da1de974a78bb51030b8fbd1b5c640c4227de1fd2de1e18e394b429c51d/foxglove_sdk-0.15.2-cp39-cp39-win32.whl,False,False,True
ipyketcher,first_extant_package_release,2025-10-31T12:52:48.725211Z,0.1.0,exact_upload_of_available_release,https://pypi.org/project/ipyketcher/,False,False,True
ipyketcher,custom_widget_present_by,2025-10-31T12:52:48.725211Z,0.1.0,observed_by,https://files.pythonhosted.org/packages/02/3f/13cc551e4192a22530f8b0df3e565a1fb090a47b49c5142d6be408219673/ipyketcher-0.1.0-py2.py3-none-any.whl,False,False,True
ipyketcher,anywidget_implementation_present_by,2025-10-31T12:52:48.725211Z,0.1.0,observed_by,https://files.pythonhosted.org/packages/02/3f/13cc551e4192a22530f8b0df3e565a1fb090a47b49c5142d6be408219673/ipyketcher-0.1.0-py2.py3-none-any.whl,False,False,True
ipyketcher,anywidget_dependency_observed,2025-10-31T12:52:48.725211Z,0.1.0,dependency_observation_only,https://pypi.org/pypi/ipyketcher/0.1.0/json,False,False,True
dr-widget,first_extant_package_release,2025-11-04T08:49:55.083885Z,0.1.0,exact_upload_of_available_release,https://pypi.org/project/dr-widget/,False,False,True
dr-widget,custom_widget_present_by,2025-11-04T08:49:55.083885Z,0.1.0,observed_by,https://files.pythonhosted.org/packages/3f/a3/ffa863b49b8346093d0607ac3f30b500011dbca57744b52ab13b7d68c707/dr_widget-0.1.0-py3-none-any.whl,False,False,True
dr-widget,anywidget_implementation_present_by,2025-11-04T08:49:55.083885Z,0.1.0,observed_by,https://files.pythonhosted.org/packages/3f/a3/ffa863b49b8346093d0607ac3f30b500011dbca57744b52ab13b7d68c707/dr_widget-0.1.0-py3-none-any.whl,False,False,True
dr-widget,anywidget_dependency_observed,2025-11-04T08:49:55.083885Z,0.1.0,dependency_observation_only,https://pypi.org/pypi/dr-widget/0.1.0/json,False,False,True
tempo-ql,first_extant_package_release,2025-11-07T12:15:38.082670Z,0.1.1,exact_upload_of_available_release,https://pypi.org/project/tempo-ql/,False,False,True
tempo-ql,custom_widget_present_by,2025-11-07T12:15:38.082670Z,0.1.1,observed_by,https://files.pythonhosted.org/packages/93/f6/43eafb2e230955c1846be6f419e59ad442e80f636f52c6d8dbd7a8a9bb05/tempo_ql-0.1.1-py3-none-any.whl,False,False,True
tempo-ql,anywidget_implementation_present_by,2025-11-07T12:15:38.082670Z,0.1.1,observed_by,https://files.pythonhosted.org/packages/93/f6/43eafb2e230955c1846be6f419e59ad442e80f636f52c6d8dbd7a8a9bb05/tempo_ql-0.1.1-py3-none-any.whl,False,False,True
tempo-ql,anywidget_dependency_observed,2025-11-07T12:15:38.082670Z,0.1.1,dependency_observation_only,https://pypi.org/pypi/tempo-ql/0.1.1/json,False,False,True
visl3d,custom_widget_present_by,2025-11-07T16:38:17.882742Z,0.5,observed_by,https://files.pythonhosted.org/packages/b9/06/bfc4b738facc8e3c987ee2825e9741904d07493332d6951faa1cd8d3397d/visl3d-0.5-py3-none-any.whl,False,False,True
visl3d,anywidget_implementation_present_by,2025-11-07T16:38:17.882742Z,0.5,observed_by,https://files.pythonhosted.org/packages/b9/06/bfc4b738facc8e3c987ee2825e9741904d07493332d6951faa1cd8d3397d/visl3d-0.5-py3-none-any.whl,False,False,True
vibe-widget,first_extant_package_release,2025-11-17T00:57:23.527382Z,0.1.0,exact_upload_of_available_release,https://pypi.org/project/vibe-widget/,False,False,True
vibe-widget,custom_widget_present_by,2025-11-17T00:57:23.527382Z,0.1.0,observed_by,https://files.pythonhosted.org/packages/af/53/99b069563831fa5fa3ca0e1054226c50f3bb9ad787b3a0e253eec1423df0/vibe_widget-0.1.0-py3-none-any.whl,False,False,True
vibe-widget,anywidget_implementation_present_by,2025-11-17T00:57:23.527382Z,0.1.0,observed_by,https://files.pythonhosted.org/packages/af/53/99b069563831fa5fa3ca0e1054226c50f3bb9ad787b3a0e253eec1423df0/vibe_widget-0.1.0-py3-none-any.whl,False,False,True
vibe-widget,anywidget_dependency_observed,2025-11-17T00:57:23.527382Z,0.1.0,dependency_observation_only,https://pypi.org/pypi/vibe-widget/0.1.0/json,False,False,True
imandrax-tools,first_extant_package_release,2025-11-17T18:07:54.881449Z,0.1.0,exact_upload_of_available_release,https://pypi.org/project/imandrax-tools/,False,False,True
cesiumjs-anywidget,first_extant_package_release,2025-11-19T15:15:10.214843Z,0.2.4,exact_upload_of_available_release,https://pypi.org/project/cesiumjs-anywidget/,False,False,True
cesiumjs-anywidget,custom_widget_present_by,2025-11-19T15:15:10.214843Z,0.2.4,observed_by,https://files.pythonhosted.org/packages/d5/46/298a76149c6420847742f49c4672dd6255e8869479581fba727477a134aa/cesiumjs_anywidget-0.2.4-py3-none-any.whl,False,False,True
cesiumjs-anywidget,anywidget_implementation_present_by,2025-11-19T15:15:10.214843Z,0.2.4,observed_by,https://files.pythonhosted.org/packages/d5/46/298a76149c6420847742f49c4672dd6255e8869479581fba727477a134aa/cesiumjs_anywidget-0.2.4-py3-none-any.whl,False,False,True
cesiumjs-anywidget,anywidget_dependency_observed,2025-11-19T15:15:10.214843Z,0.2.4,dependency_observation_only,https://pypi.org/pypi/cesiumjs-anywidget/0.2.4/json,False,False,True
mercury,custom_widget_present_by,2025-11-20T11:53:39.145802Z,3.0.0a1,observed_by,https://files.pythonhosted.org/packages/34/fb/5c69174e79a0488249babf20814aef406c018e2ba675a991f36055c583fa/mercury-3.0.0a1.tar.gz,True,False,True
mercury,anywidget_implementation_present_by,2025-11-20T11:53:39.145802Z,3.0.0a1,observed_by,https://files.pythonhosted.org/packages/34/fb/5c69174e79a0488249babf20814aef406c018e2ba675a991f36055c583fa/mercury-3.0.0a1.tar.gz,True,False,True
mercury,anywidget_dependency_observed,2025-11-20T11:53:39.145802Z,3.0.0a1,dependency_observation_only,https://pypi.org/pypi/mercury/3.0.0a1/json,True,False,True
mongodb-ai-widgets,first_extant_package_release,2025-11-24T07:43:02.539013Z,0.1.0,exact_upload_of_available_release,https://pypi.org/project/mongodb-ai-widgets/,False,False,True
mongodb-ai-widgets,custom_widget_present_by,2025-11-24T07:43:02.539013Z,0.1.0,observed_by,https://files.pythonhosted.org/packages/91/b8/28a90911107bd81712eb9c706f5e8e0d673ecc0ca79379465b55a994ba2a/mongodb_ai_widgets-0.1.0-py3-none-any.whl,False,False,True
mongodb-ai-widgets,anywidget_implementation_present_by,2025-11-24T07:43:02.539013Z,0.1.0,observed_by,https://files.pythonhosted.org/packages/91/b8/28a90911107bd81712eb9c706f5e8e0d673ecc0ca79379465b55a994ba2a/mongodb_ai_widgets-0.1.0-py3-none-any.whl,False,False,True
mongodb-ai-widgets,anywidget_dependency_observed,2025-11-24T07:43:02.539013Z,0.1.0,dependency_observation_only,https://pypi.org/pypi/mongodb-ai-widgets/0.1.0/json,False,False,True
pynodewidget,first_extant_package_release,2025-11-24T16:09:42.488808Z,0.1.0,exact_upload_of_available_release,https://pypi.org/project/pynodewidget/,False,False,True
pynodewidget,custom_widget_present_by,2025-11-24T16:09:42.488808Z,0.1.0,observed_by,https://files.pythonhosted.org/packages/fa/82/0eeacb23de0b396b7cebeafeb0acc9cce5c42d8adee074acdafc5369901e/pynodewidget-0.1.0-py3-none-any.whl,False,False,True
pynodewidget,anywidget_implementation_present_by,2025-11-24T16:09:42.488808Z,0.1.0,observed_by,https://files.pythonhosted.org/packages/fa/82/0eeacb23de0b396b7cebeafeb0acc9cce5c42d8adee074acdafc5369901e/pynodewidget-0.1.0-py3-none-any.whl,False,False,True
pynodewidget,anywidget_dependency_observed,2025-11-24T16:09:42.488808Z,0.1.0,dependency_observation_only,https://pypi.org/pypi/pynodewidget/0.1.0/json,False,False,True
ipyeoxelements,first_extant_package_release,2025-11-24T20:17:21.121898Z,1.0.0rc1,exact_upload_of_available_release,https://pypi.org/project/ipyeoxelements/,True,False,True
ipyeoxelements,custom_widget_present_by,2025-11-24T20:17:21.121898Z,1.0.0rc1,observed_by,https://files.pythonhosted.org/packages/fd/b4/521d496918811fd28fedfe7e9fca0357a40db2c7864fe3363d0f0b2b3abc/ipyeoxelements-1.0.0rc1-py3-none-any.whl,True,False,True
ipyeoxelements,anywidget_implementation_present_by,2025-11-24T20:17:21.121898Z,1.0.0rc1,observed_by,https://files.pythonhosted.org/packages/fd/b4/521d496918811fd28fedfe7e9fca0357a40db2c7864fe3363d0f0b2b3abc/ipyeoxelements-1.0.0rc1-py3-none-any.whl,True,False,True
ipyeoxelements,anywidget_dependency_observed,2025-11-24T20:17:21.121898Z,1.0.0rc1,dependency_observation_only,https://pypi.org/pypi/ipyeoxelements/1.0.0rc1/json,True,False,True
pylifemap,first_extant_package_release,2025-12-11T17:10:59.428660Z,0.1,exact_upload_of_available_release,https://pypi.org/project/pylifemap/,False,True,True
pylifemap,custom_widget_present_by,2025-12-11T17:10:59.428660Z,0.1,observed_by,https://files.pythonhosted.org/packages/5b/58/91cddd2b91643ea2e0f35abefd2d3b6ee18aa18b14b3a7b635aaaec21bed/pylifemap-0.1-py3-none-any.whl,False,True,True
pylifemap,anywidget_implementation_present_by,2025-12-11T17:10:59.428660Z,0.1,observed_by,https://files.pythonhosted.org/packages/5b/58/91cddd2b91643ea2e0f35abefd2d3b6ee18aa18b14b3a7b635aaaec21bed/pylifemap-0.1-py3-none-any.whl,False,True,True
pylifemap,anywidget_dependency_observed,2025-12-11T17:10:59.428660Z,0.1,dependency_observation_only,https://pypi.org/pypi/pylifemap/0.1/json,False,True,True
xdggs,custom_widget_present_by,2025-12-12T11:26:07.063314Z,0.5.0,observed_by,https://files.pythonhosted.org/packages/1d/73/6109768228e6a3b6b791a14b055d59ff192a310813af0fe0e1e8a5e38f10/xdggs-0.5.0-py3-none-any.whl,False,False,True
xdggs,anywidget_implementation_present_by,2025-12-12T11:26:07.063314Z,0.5.0,observed_by,https://files.pythonhosted.org/packages/1d/73/6109768228e6a3b6b791a14b055d59ff192a310813af0fe0e1e8a5e38f10/xdggs-0.5.0-py3-none-any.whl,False,False,True
langchain-widget,first_extant_package_release,2025-12-17T15:19:34.295867Z,0.0.1,exact_upload_of_available_release,https://pypi.org/project/langchain-widget/,False,False,True
langchain-widget,custom_widget_present_by,2025-12-17T15:19:34.295867Z,0.0.1,observed_by,https://files.pythonhosted.org/packages/e5/ad/0e1ff5ad8ee95e24706f55a09fb0993c6d0c90c007dbc8d5948a35f5291c/langchain_widget-0.0.1-py2.py3-none-any.whl,False,False,True
langchain-widget,anywidget_implementation_present_by,2025-12-17T15:19:34.295867Z,0.0.1,observed_by,https://files.pythonhosted.org/packages/e5/ad/0e1ff5ad8ee95e24706f55a09fb0993c6d0c90c007dbc8d5948a35f5291c/langchain_widget-0.0.1-py2.py3-none-any.whl,False,False,True
langchain-widget,anywidget_dependency_observed,2025-12-17T15:19:34.295867Z,0.0.1,dependency_observation_only,https://pypi.org/pypi/langchain-widget/0.0.1/json,False,False,True
anywidget-glsl,first_extant_package_release,2026-01-06T15:46:41.422896Z,1.0.0,exact_upload_of_available_release,https://pypi.org/project/anywidget-glsl/,False,False,True
anywidget-glsl,custom_widget_present_by,2026-01-06T15:46:41.422896Z,1.0.0,observed_by,https://files.pythonhosted.org/packages/0b/da/6e35eec1241c9444729d6b36e01a5c24cd01a2dbabfd0d794abd71242c51/anywidget_glsl-1.0.0-py3-none-any.whl,False,False,True
anywidget-glsl,anywidget_implementation_present_by,2026-01-06T15:46:41.422896Z,1.0.0,observed_by,https://files.pythonhosted.org/packages/0b/da/6e35eec1241c9444729d6b36e01a5c24cd01a2dbabfd0d794abd71242c51/anywidget_glsl-1.0.0-py3-none-any.whl,False,False,True
anywidget-glsl,anywidget_dependency_observed,2026-01-06T15:46:41.422896Z,1.0.0,dependency_observation_only,https://pypi.org/pypi/anywidget-glsl/1.0.0/json,False,False,True
anymap-ts,first_extant_package_release,2026-01-07T04:44:08.598156Z,0.1.0,exact_upload_of_available_release,https://pypi.org/project/anymap-ts/,False,False,True
anymap-ts,custom_widget_present_by,2026-01-07T04:44:08.598156Z,0.1.0,observed_by,https://files.pythonhosted.org/packages/c2/e8/a041a2cca2fdf5647860e83bc0506fd6a495a401856ea0bb987754e5ad5e/anymap_ts-0.1.0-py3-none-any.whl,False,False,True
anymap-ts,anywidget_implementation_present_by,2026-01-07T04:44:08.598156Z,0.1.0,observed_by,https://files.pythonhosted.org/packages/c2/e8/a041a2cca2fdf5647860e83bc0506fd6a495a401856ea0bb987754e5ad5e/anymap_ts-0.1.0-py3-none-any.whl,False,False,True
anymap-ts,anywidget_dependency_observed,2026-01-07T04:44:08.598156Z,0.1.0,dependency_observation_only,https://pypi.org/pypi/anymap-ts/0.1.0/json,False,False,True
ipycobe,first_extant_package_release,2026-01-07T21:15:47.649467Z,0.1.1,exact_upload_of_available_release,https://pypi.org/project/ipycobe/,False,False,True
ipycobe,custom_widget_present_by,2026-01-07T21:15:47.649467Z,0.1.1,observed_by,https://files.pythonhosted.org/packages/c9/91/e17b4b66bf3840e2e159474367328a6fc5a9277465fd5bbb2d83ab36d6c6/ipycobe-0.1.1-py3-none-any.whl,False,False,True
ipycobe,anywidget_implementation_present_by,2026-01-07T21:15:47.649467Z,0.1.1,observed_by,https://files.pythonhosted.org/packages/c9/91/e17b4b66bf3840e2e159474367328a6fc5a9277465fd5bbb2d83ab36d6c6/ipycobe-0.1.1-py3-none-any.whl,False,False,True
ipycobe,anywidget_dependency_observed,2026-01-07T21:15:47.649467Z,0.1.1,dependency_observation_only,https://pypi.org/pypi/ipycobe/0.1.1/json,False,False,True
cnotebook,first_extant_package_release,2026-01-10T16:03:01.451189Z,1.0.1,exact_upload_of_available_release,https://pypi.org/project/cnotebook/,False,False,True
pyglobegl,first_extant_package_release,2026-01-11T14:27:39.017943Z,0.1.0,exact_upload_of_available_release,https://pypi.org/project/pyglobegl/,False,False,True
pyglobegl,custom_widget_present_by,2026-01-11T14:27:39.017943Z,0.1.0,observed_by,https://files.pythonhosted.org/packages/61/8f/9c3c26982b6fec39fee8b93076c5d59ac325b9e299e679fb8e037e9ecd3d/pyglobegl-0.1.0-py3-none-any.whl,False,False,True
pyglobegl,anywidget_implementation_present_by,2026-01-11T14:27:39.017943Z,0.1.0,observed_by,https://files.pythonhosted.org/packages/61/8f/9c3c26982b6fec39fee8b93076c5d59ac325b9e299e679fb8e037e9ecd3d/pyglobegl-0.1.0-py3-none-any.whl,False,False,True
pyglobegl,anywidget_dependency_observed,2026-01-11T14:27:39.017943Z,0.1.0,dependency_observation_only,https://pypi.org/pypi/pyglobegl/0.1.0/json,False,False,True
anywidget-cad-viewer,first_extant_package_release,2026-01-13T01:25:09.615908Z,0.1.0,exact_upload_of_available_release,https://pypi.org/project/anywidget-cad-viewer/,False,False,True
anywidget-cad-viewer,custom_widget_present_by,2026-01-13T01:25:09.615908Z,0.1.0,observed_by,https://files.pythonhosted.org/packages/4d/ba/04b96f4d15c8fd9759b61f2608e14f5ee2513b9807dbd558d124abbb3ea7/anywidget_cad_viewer-0.1.0-py3-none-any.whl,False,False,True
anywidget-cad-viewer,anywidget_implementation_present_by,2026-01-13T01:25:09.615908Z,0.1.0,observed_by,https://files.pythonhosted.org/packages/4d/ba/04b96f4d15c8fd9759b61f2608e14f5ee2513b9807dbd558d124abbb3ea7/anywidget_cad_viewer-0.1.0-py3-none-any.whl,False,False,True
anywidget-cad-viewer,anywidget_dependency_observed,2026-01-13T01:25:09.615908Z,0.1.0,dependency_observation_only,https://pypi.org/pypi/anywidget-cad-viewer/0.1.0/json,False,False,True
scatter3d-anywidget,first_extant_package_release,2026-01-13T14:23:59.973630Z,0.1.2,exact_upload_of_available_release,https://pypi.org/project/scatter3d-anywidget/,False,False,True
scatter3d-anywidget,anywidget_dependency_observed,2026-01-13T14:23:59.973630Z,0.1.2,dependency_observation_only,https://pypi.org/pypi/scatter3d-anywidget/0.1.2/json,False,False,True
scatter3d-anywidget,custom_widget_present_by,2026-01-13T14:24:03.153222Z,0.1.2,observed_by,https://files.pythonhosted.org/packages/4f/32/18ccbd74dbd482988a177078b376b31bf329225580f7f0fcedb1590292d2/scatter3d_anywidget-0.1.2-py3-none-any.whl,False,False,True
scatter3d-anywidget,anywidget_implementation_present_by,2026-01-13T14:24:03.153222Z,0.1.2,observed_by,https://files.pythonhosted.org/packages/4f/32/18ccbd74dbd482988a177078b376b31bf329225580f7f0fcedb1590292d2/scatter3d_anywidget-0.1.2-py3-none-any.whl,False,False,True
dialog,first_extant_package_release,2026-01-14T16:43:53.346960Z,0.0.1,exact_upload_of_available_release,https://pypi.org/project/dialog/,False,False,True
hoodini-colab,first_extant_package_release,2026-01-15T10:39:15.431979Z,0.1.0,exact_upload_of_available_release,https://pypi.org/project/hoodini-colab/,False,False,True
hoodini-colab,custom_widget_present_by,2026-01-15T10:39:15.431979Z,0.1.0,observed_by,https://files.pythonhosted.org/packages/34/fe/c397c7383402ba83fedc551ce65e120cbc936e4509ceba91590da8ba042f/hoodini_colab-0.1.0-py3-none-any.whl,False,False,True
hoodini-colab,anywidget_implementation_present_by,2026-01-15T10:39:15.431979Z,0.1.0,observed_by,https://files.pythonhosted.org/packages/34/fe/c397c7383402ba83fedc551ce65e120cbc936e4509ceba91590da8ba042f/hoodini_colab-0.1.0-py3-none-any.whl,False,False,True
hoodini-colab,anywidget_dependency_observed,2026-01-15T10:39:15.431979Z,0.1.0,dependency_observation_only,https://pypi.org/pypi/hoodini-colab/0.1.0/json,False,False,True
pyabc2,custom_widget_present_by,2026-01-20T19:39:57.231112Z,0.1.1,observed_by,https://files.pythonhosted.org/packages/c3/7e/989df37e2ac052aa9be631ff19dd9f2c381dd1861da61752c5e5e3fb9fbd/pyabc2-0.1.1-py3-none-any.whl,False,False,True
pyabc2,anywidget_implementation_present_by,2026-01-20T19:39:57.231112Z,0.1.1,observed_by,https://files.pythonhosted.org/packages/c3/7e/989df37e2ac052aa9be631ff19dd9f2c381dd1861da61752c5e5e3fb9fbd/pyabc2-0.1.1-py3-none-any.whl,False,False,True
pyabc2,anywidget_dependency_observed,2026-01-20T19:39:57.231112Z,0.1.1,dependency_observation_only,https://pypi.org/pypi/pyabc2/0.1.1/json,False,False,True
pyviewarr,first_extant_package_release,2026-01-22T17:27:19.398660Z,0.1.0,exact_upload_of_available_release,https://pypi.org/project/pyviewarr/,False,False,True
pyviewarr,custom_widget_present_by,2026-01-22T17:27:19.398660Z,0.1.0,observed_by,https://files.pythonhosted.org/packages/17/2a/d7f9004dffa4179b1c22bd85e969a780196421bd56f60501961238deff07/pyviewarr-0.1.0-py2.py3-none-any.whl,False,False,True
pyviewarr,anywidget_implementation_present_by,2026-01-22T17:27:19.398660Z,0.1.0,observed_by,https://files.pythonhosted.org/packages/17/2a/d7f9004dffa4179b1c22bd85e969a780196421bd56f60501961238deff07/pyviewarr-0.1.0-py2.py3-none-any.whl,False,False,True
pyviewarr,anywidget_dependency_observed,2026-01-22T17:27:19.398660Z,0.1.0,dependency_observation_only,https://pypi.org/pypi/pyviewarr/0.1.0/json,False,False,True
cubed,custom_widget_present_by,2026-01-29T10:01:02.485444Z,0.25.0,observed_by,https://files.pythonhosted.org/packages/8d/a1/b59296c0471b9a2a6f979bd9f72bcd30eed34774477eea539652fcae6ec5/cubed-0.25.0-py3-none-any.whl,False,False,True
cubed,anywidget_implementation_present_by,2026-01-29T10:01:02.485444Z,0.25.0,observed_by,https://files.pythonhosted.org/packages/8d/a1/b59296c0471b9a2a6f979bd9f72bcd30eed34774477eea539652fcae6ec5/cubed-0.25.0-py3-none-any.whl,False,False,True
cubed,anywidget_dependency_observed,2026-01-29T10:01:02.485444Z,0.25.0,dependency_observation_only,https://pypi.org/pypi/cubed/0.25.0/json,False,False,True
spatialvista,first_extant_package_release,2026-01-30T07:01:40.557842Z,0.1.0,exact_upload_of_available_release,https://pypi.org/project/spatialvista/,False,False,True
spatialvista,custom_widget_present_by,2026-01-30T07:01:40.557842Z,0.1.0,observed_by,https://files.pythonhosted.org/packages/96/46/9e8a72e457f71f025343939cf537b769991ffc9508fc394939a88eb74d3a/spatialvista-0.1.0-py3-none-any.whl,False,False,True
spatialvista,anywidget_implementation_present_by,2026-01-30T07:01:40.557842Z,0.1.0,observed_by,https://files.pythonhosted.org/packages/96/46/9e8a72e457f71f025343939cf537b769991ffc9508fc394939a88eb74d3a/spatialvista-0.1.0-py3-none-any.whl,False,False,True
spatialvista,anywidget_dependency_observed,2026-01-30T07:01:40.557842Z,0.1.0,dependency_observation_only,https://pypi.org/pypi/spatialvista/0.1.0/json,False,False,True
pydgey,first_extant_package_release,2026-02-01T20:11:13.248252Z,0.1.0,exact_upload_of_available_release,https://pypi.org/project/pydgey/,False,False,True
pydgey,custom_widget_present_by,2026-02-01T20:11:13.248252Z,0.1.0,observed_by,https://files.pythonhosted.org/packages/dd/0f/6607936087d283ec231f1058420b6d3afb93b558ef02f24a83c1d4b3e83a/pydgey-0.1.0-py3-none-any.whl,False,False,True
pydgey,anywidget_implementation_present_by,2026-02-01T20:11:13.248252Z,0.1.0,observed_by,https://files.pythonhosted.org/packages/dd/0f/6607936087d283ec231f1058420b6d3afb93b558ef02f24a83c1d4b3e83a/pydgey-0.1.0-py3-none-any.whl,False,False,True
pydgey,anywidget_dependency_observed,2026-02-01T20:11:13.248252Z,0.1.0,dependency_observation_only,https://pypi.org/pypi/pydgey/0.1.0/json,False,False,True
jupyter-host-file-picker,first_extant_package_release,2026-02-02T12:27:54.008621Z,0.0.0,exact_upload_of_available_release,https://pypi.org/project/jupyter-host-file-picker/,False,False,True
jupyter-host-file-picker,custom_widget_present_by,2026-02-02T12:27:54.008621Z,0.0.0,observed_by,https://files.pythonhosted.org/packages/37/50/a31422a5b23bb201fd5d2101d5e4b68a3de24297ff42c02f2ba675e37c4c/jupyter_host_file_picker-0.0.0-py3-none-any.whl,False,False,True
jupyter-host-file-picker,anywidget_implementation_present_by,2026-02-02T12:27:54.008621Z,0.0.0,observed_by,https://files.pythonhosted.org/packages/37/50/a31422a5b23bb201fd5d2101d5e4b68a3de24297ff42c02f2ba675e37c4c/jupyter_host_file_picker-0.0.0-py3-none-any.whl,False,False,True
jupyter-host-file-picker,anywidget_dependency_observed,2026-02-02T12:27:54.008621Z,0.0.0,dependency_observation_only,https://pypi.org/pypi/jupyter-host-file-picker/0.0.0/json,False,False,True
nwb-video-widgets,first_extant_package_release,2026-02-02T15:16:25.951415Z,0.1.0,exact_upload_of_available_release,https://pypi.org/project/nwb-video-widgets/,False,False,True
nwb-video-widgets,custom_widget_present_by,2026-02-02T15:16:25.951415Z,0.1.0,observed_by,https://files.pythonhosted.org/packages/9b/7d/67197ed7d6f727c54d6902aafe157565ce377efdd73afc7c549382bc52f6/nwb_video_widgets-0.1.0-py3-none-any.whl,False,False,True
nwb-video-widgets,anywidget_implementation_present_by,2026-02-02T15:16:25.951415Z,0.1.0,observed_by,https://files.pythonhosted.org/packages/9b/7d/67197ed7d6f727c54d6902aafe157565ce377efdd73afc7c549382bc52f6/nwb_video_widgets-0.1.0-py3-none-any.whl,False,False,True
nwb-video-widgets,anywidget_dependency_observed,2026-02-02T15:16:25.951415Z,0.1.0,dependency_observation_only,https://pypi.org/pypi/nwb-video-widgets/0.1.0/json,False,False,True
anywidget-graph,first_extant_package_release,2026-02-02T22:19:10.004438Z,0.1.0,exact_upload_of_available_release,https://pypi.org/project/anywidget-graph/,False,False,True
anywidget-graph,custom_widget_present_by,2026-02-02T22:19:10.004438Z,0.1.0,observed_by,https://files.pythonhosted.org/packages/32/cf/cedfe7a8175a0b584a754fce1149230f4a38cc93b7b7e3845e1b777f77e2/anywidget_graph-0.1.0-py3-none-any.whl,False,False,True
anywidget-graph,anywidget_implementation_present_by,2026-02-02T22:19:10.004438Z,0.1.0,observed_by,https://files.pythonhosted.org/packages/32/cf/cedfe7a8175a0b584a754fce1149230f4a38cc93b7b7e3845e1b777f77e2/anywidget_graph-0.1.0-py3-none-any.whl,False,False,True
anywidget-graph,anywidget_dependency_observed,2026-02-02T22:19:10.004438Z,0.1.0,dependency_observation_only,https://pypi.org/pypi/anywidget-graph/0.1.0/json,False,False,True
cnotebook,custom_widget_present_by,2026-02-02T23:31:40.510046Z,2.1.0,observed_by,https://files.pythonhosted.org/packages/a5/10/f2beba85cb5b76260ac1688d25fcb93a3e3c12cfb5fe8a8bdcde182a7972/cnotebook-2.1.0-py3-none-any.whl,False,False,True
cnotebook,anywidget_implementation_present_by,2026-02-02T23:31:40.510046Z,2.1.0,observed_by,https://files.pythonhosted.org/packages/a5/10/f2beba85cb5b76260ac1688d25fcb93a3e3c12cfb5fe8a8bdcde182a7972/cnotebook-2.1.0-py3-none-any.whl,False,False,True
cnotebook,anywidget_dependency_observed,2026-02-02T23:31:40.510046Z,2.1.0,dependency_observation_only,https://pypi.org/pypi/cnotebook/2.1.0/json,False,False,True
anywidget-vector,first_extant_package_release,2026-02-03T05:38:30.761622Z,0.1.0,exact_upload_of_available_release,https://pypi.org/project/anywidget-vector/,False,False,True
anywidget-vector,custom_widget_present_by,2026-02-03T05:38:30.761622Z,0.1.0,observed_by,https://files.pythonhosted.org/packages/4d/45/08672b5335e6f9bca7ae76d288f47dcd0de2d3b1ad14427e65e8039c5016/anywidget_vector-0.1.0-py3-none-any.whl,False,False,True
anywidget-vector,anywidget_implementation_present_by,2026-02-03T05:38:30.761622Z,0.1.0,observed_by,https://files.pythonhosted.org/packages/4d/45/08672b5335e6f9bca7ae76d288f47dcd0de2d3b1ad14427e65e8039c5016/anywidget_vector-0.1.0-py3-none-any.whl,False,False,True
anywidget-vector,anywidget_dependency_observed,2026-02-03T05:38:30.761622Z,0.1.0,dependency_observation_only,https://pypi.org/pypi/anywidget-vector/0.1.0/json,False,False,True
scicat-widget,first_extant_package_release,2026-02-04T15:11:30.428412Z,26.2.0,exact_upload_of_available_release,https://pypi.org/project/scicat-widget/,False,False,True
scicat-widget,custom_widget_present_by,2026-02-04T15:11:30.428412Z,26.2.0,observed_by,https://files.pythonhosted.org/packages/bb/fb/032c0a6a71e0f559aa12261ca03b29c8bb8d9dc394b1ec4ea435c5e4991e/scicat_widget-26.2.0-py3-none-any.whl,False,False,True
scicat-widget,anywidget_implementation_present_by,2026-02-04T15:11:30.428412Z,26.2.0,observed_by,https://files.pythonhosted.org/packages/bb/fb/032c0a6a71e0f559aa12261ca03b29c8bb8d9dc394b1ec4ea435c5e4991e/scicat_widget-26.2.0-py3-none-any.whl,False,False,True
scicat-widget,anywidget_dependency_observed,2026-02-04T15:11:30.428412Z,26.2.0,dependency_observation_only,https://pypi.org/pypi/scicat-widget/26.2.0/json,False,False,True
dialog,custom_widget_present_by,2026-02-10T14:05:50.917882Z,1.0.0,observed_by,https://files.pythonhosted.org/packages/90/2c/f7034927f6e6a6d97bec0d621674b8e62162f90d06474dd5fa11637b07cd/dialog-1.0.0-py3-none-any.whl,False,False,True
dialog,anywidget_implementation_present_by,2026-02-10T14:05:50.917882Z,1.0.0,observed_by,https://files.pythonhosted.org/packages/90/2c/f7034927f6e6a6d97bec0d621674b8e62162f90d06474dd5fa11637b07cd/dialog-1.0.0-py3-none-any.whl,False,False,True
dialog,anywidget_dependency_observed,2026-02-10T14:05:50.917882Z,1.0.0,dependency_observation_only,https://pypi.org/pypi/dialog/1.0.0/json,False,False,True
widget-optimade-client,first_extant_package_release,2026-02-11T13:25:55.756998Z,0.1.0,exact_upload_of_available_release,https://pypi.org/project/widget-optimade-client/,False,False,True
widget-optimade-client,custom_widget_present_by,2026-02-11T13:25:55.756998Z,0.1.0,observed_by,https://files.pythonhosted.org/packages/d7/cf/53db84a123ce227cea16aa959a856555e835975a42f619bc107b297db4a7/widget_optimade_client-0.1.0-py3-none-any.whl,False,False,True
widget-optimade-client,anywidget_implementation_present_by,2026-02-11T13:25:55.756998Z,0.1.0,observed_by,https://files.pythonhosted.org/packages/d7/cf/53db84a123ce227cea16aa959a856555e835975a42f619bc107b297db4a7/widget_optimade_client-0.1.0-py3-none-any.whl,False,False,True
widget-optimade-client,anywidget_dependency_observed,2026-02-11T13:25:55.756998Z,0.1.0,dependency_observation_only,https://pypi.org/pypi/widget-optimade-client/0.1.0/json,False,False,True
chart-xkcd,first_extant_package_release,2026-02-14T18:14:03.168050Z,0.1.0,exact_upload_of_available_release,https://pypi.org/project/chart-xkcd/,False,False,True
chart-xkcd,custom_widget_present_by,2026-02-15T03:11:35.968453Z,0.3.0,observed_by,https://files.pythonhosted.org/packages/33/c0/d67009c0ceec97319fee11acad9bdcbdd93fb264acdc98a5c5bb2fd6fdf2/chart_xkcd-0.3.0-py3-none-any.whl,False,False,True
chart-xkcd,anywidget_implementation_present_by,2026-02-15T03:11:35.968453Z,0.3.0,observed_by,https://files.pythonhosted.org/packages/33/c0/d67009c0ceec97319fee11acad9bdcbdd93fb264acdc98a5c5bb2fd6fdf2/chart_xkcd-0.3.0-py3-none-any.whl,False,False,True
chart-xkcd,anywidget_dependency_observed,2026-02-15T03:11:35.968453Z,0.3.0,dependency_observation_only,https://pypi.org/pypi/chart-xkcd/0.3.0/json,False,False,True
grandscatter,first_extant_package_release,2026-02-17T17:40:11.856738Z,0.1.0,exact_upload_of_available_release,https://pypi.org/project/grandscatter/,False,False,True
grandscatter,custom_widget_present_by,2026-02-17T17:40:11.856738Z,0.1.0,observed_by,https://files.pythonhosted.org/packages/df/65/60a9a558b92ebc717b952d6deb256d11c7d5071e48265cd981395cd17b09/grandscatter-0.1.0-py3-none-any.whl,False,False,True
grandscatter,anywidget_implementation_present_by,2026-02-17T17:40:11.856738Z,0.1.0,observed_by,https://files.pythonhosted.org/packages/df/65/60a9a558b92ebc717b952d6deb256d11c7d5071e48265cd981395cd17b09/grandscatter-0.1.0-py3-none-any.whl,False,False,True
grandscatter,anywidget_dependency_observed,2026-02-17T17:40:11.856738Z,0.1.0,dependency_observation_only,https://pypi.org/pypi/grandscatter/0.1.0/json,False,False,True
path-vis,first_extant_package_release,2026-02-17T22:20:00.270828Z,0.0.1,exact_upload_of_available_release,https://pypi.org/project/path-vis/,False,False,True
path-vis,custom_widget_present_by,2026-02-17T22:20:00.270828Z,0.0.1,observed_by,https://files.pythonhosted.org/packages/ee/50/fd04c7f674375315330f7cc8e9ca3bf39bb87b406a2775dce8ba000a0d16/path_vis-0.0.1-py3-none-any.whl,False,False,True
path-vis,anywidget_implementation_present_by,2026-02-17T22:20:00.270828Z,0.0.1,observed_by,https://files.pythonhosted.org/packages/ee/50/fd04c7f674375315330f7cc8e9ca3bf39bb87b406a2775dce8ba000a0d16/path_vis-0.0.1-py3-none-any.whl,False,False,True
path-vis,anywidget_dependency_observed,2026-02-17T22:20:00.270828Z,0.0.1,dependency_observation_only,https://pypi.org/pypi/path-vis/0.0.1/json,False,False,True
xmris,first_extant_package_release,2026-02-18T17:19:25.554238Z,0.1.0,exact_upload_of_available_release,https://pypi.org/project/xmris/,False,False,True
rayrun,first_extant_package_release,2026-02-19T16:35:15.681833Z,0.1.0,exact_upload_of_available_release,https://pypi.org/project/rayrun/,False,False,True
rayrun,custom_widget_present_by,2026-02-19T16:35:15.681833Z,0.1.0,observed_by,https://files.pythonhosted.org/packages/9f/77/849aad452b8bf6d42851633a45888f0154aa4a135b0d57720377e3483c76/rayrun-0.1.0-py3-none-any.whl,False,False,True
rayrun,anywidget_implementation_present_by,2026-02-19T16:35:15.681833Z,0.1.0,observed_by,https://files.pythonhosted.org/packages/9f/77/849aad452b8bf6d42851633a45888f0154aa4a135b0d57720377e3483c76/rayrun-0.1.0-py3-none-any.whl,False,False,True
rayrun,anywidget_dependency_observed,2026-02-19T16:35:15.681833Z,0.1.0,dependency_observation_only,https://pypi.org/pypi/rayrun/0.1.0/json,False,False,True
neo4j-viz,custom_widget_present_by,2026-02-20T15:57:45.952328Z,1.2.0,observed_by,https://files.pythonhosted.org/packages/f0/77/81c5d2e9c38eeac534821f1f21e1f8dacd79b3482b69172fc44d1e2a9dd2/neo4j_viz-1.2.0-py3-none-any.whl,False,False,True
neo4j-viz,anywidget_implementation_present_by,2026-02-20T15:57:45.952328Z,1.2.0,observed_by,https://files.pythonhosted.org/packages/f0/77/81c5d2e9c38eeac534821f1f21e1f8dacd79b3482b69172fc44d1e2a9dd2/neo4j_viz-1.2.0-py3-none-any.whl,False,False,True
neo4j-viz,anywidget_dependency_observed,2026-02-20T15:57:45.952328Z,1.2.0,dependency_observation_only,https://pypi.org/pypi/neo4j-viz/1.2.0/json,False,False,True
marimo-toml-editor,first_extant_package_release,2026-02-21T18:08:25.825467Z,0.1.0,exact_upload_of_available_release,https://pypi.org/project/marimo-toml-editor/,False,False,True
marimo-toml-editor,custom_widget_present_by,2026-02-21T18:08:25.825467Z,0.1.0,observed_by,https://files.pythonhosted.org/packages/ac/eb/9e64506efeb3898961aa73fa2ddb325b1d45ae44db99ab038f71c3dd65fa/marimo_toml_editor-0.1.0-py3-none-any.whl,False,False,True
marimo-toml-editor,anywidget_implementation_present_by,2026-02-21T18:08:25.825467Z,0.1.0,observed_by,https://files.pythonhosted.org/packages/ac/eb/9e64506efeb3898961aa73fa2ddb325b1d45ae44db99ab038f71c3dd65fa/marimo_toml_editor-0.1.0-py3-none-any.whl,False,False,True
marimo-toml-editor,anywidget_dependency_observed,2026-02-21T18:08:25.825467Z,0.1.0,dependency_observation_only,https://pypi.org/pypi/marimo-toml-editor/0.1.0/json,False,False,True
sketchy-svg,first_extant_package_release,2026-02-22T08:54:24.841820Z,0.1.0,exact_upload_of_available_release,https://pypi.org/project/sketchy-svg/,False,False,True
sketchy-svg,custom_widget_present_by,2026-02-22T08:54:24.841820Z,0.1.0,observed_by,https://files.pythonhosted.org/packages/90/ba/ef82cd653ccae943161f972dcf958ad2940a3957ed4e3227ba03a97bacad/sketchy_svg-0.1.0-py3-none-any.whl,False,False,True
sketchy-svg,anywidget_implementation_present_by,2026-02-22T08:54:24.841820Z,0.1.0,observed_by,https://files.pythonhosted.org/packages/90/ba/ef82cd653ccae943161f972dcf958ad2940a3957ed4e3227ba03a97bacad/sketchy_svg-0.1.0-py3-none-any.whl,False,False,True
sketchy-svg,anywidget_dependency_observed,2026-02-22T08:54:24.841820Z,0.1.0,dependency_observation_only,https://pypi.org/pypi/sketchy-svg/0.1.0/json,False,False,True
ketcher-anywidget,first_extant_package_release,2026-02-23T00:32:51.188310Z,0.1.0,exact_upload_of_available_release,https://pypi.org/project/ketcher-anywidget/,False,False,True
ketcher-anywidget,custom_widget_present_by,2026-02-23T00:32:51.188310Z,0.1.0,observed_by,https://files.pythonhosted.org/packages/d1/c6/76d1054f435ddb9603b360a7b404e9296ac71bb633ba9f16ff2f4b52a4a7/ketcher_anywidget-0.1.0-py2.py3-none-any.whl,False,False,True
ketcher-anywidget,anywidget_implementation_present_by,2026-02-23T00:32:51.188310Z,0.1.0,observed_by,https://files.pythonhosted.org/packages/d1/c6/76d1054f435ddb9603b360a7b404e9296ac71bb633ba9f16ff2f4b52a4a7/ketcher_anywidget-0.1.0-py2.py3-none-any.whl,False,False,True
ketcher-anywidget,anywidget_dependency_observed,2026-02-23T00:32:51.188310Z,0.1.0,dependency_observation_only,https://pypi.org/pypi/ketcher-anywidget/0.1.0/json,False,False,True
nbappinator,custom_widget_present_by,2026-02-24T02:53:09.531057Z,0.2.0,observed_by,https://files.pythonhosted.org/packages/e7/43/5ea144deb4ce0335d33283ccd3832e87f459cb2cd4a52e03d186c34c14f8/nbappinator-0.2.0-py3-none-any.whl,False,False,True
nbappinator,anywidget_implementation_present_by,2026-02-24T02:53:09.531057Z,0.2.0,observed_by,https://files.pythonhosted.org/packages/e7/43/5ea144deb4ce0335d33283ccd3832e87f459cb2cd4a52e03d186c34c14f8/nbappinator-0.2.0-py3-none-any.whl,False,False,True
nbappinator,anywidget_dependency_observed,2026-02-24T02:53:09.531057Z,0.2.0,dependency_observation_only,https://pypi.org/pypi/nbappinator/0.2.0/json,False,False,True
iiif-anywidget,first_extant_package_release,2026-02-25T12:38:21.858285Z,0.0.1,exact_upload_of_available_release,https://pypi.org/project/iiif-anywidget/,False,False,True
iiif-anywidget,anywidget_dependency_observed,2026-02-25T12:38:21.858285Z,0.0.1,dependency_observation_only,https://pypi.org/pypi/iiif-anywidget/0.0.1/json,False,False,True
iiif-anywidget,custom_widget_present_by,2026-02-25T13:39:39.278730Z,0.1.0,observed_by,https://files.pythonhosted.org/packages/76/b7/d99ebe12c048d9f86721cbc0d7010cf45639af2a695ef3d4f3ca678d2e61/iiif_anywidget-0.1.0-py2.py3-none-any.whl,False,False,True
iiif-anywidget,anywidget_implementation_present_by,2026-02-25T13:39:39.278730Z,0.1.0,observed_by,https://files.pythonhosted.org/packages/76/b7/d99ebe12c048d9f86721cbc0d7010cf45639af2a695ef3d4f3ca678d2e61/iiif_anywidget-0.1.0-py2.py3-none-any.whl,False,False,True
xmris,custom_widget_present_by,2026-03-02T10:17:11.892597Z,0.6.1,observed_by,https://files.pythonhosted.org/packages/52/48/ecff2261c64673757cce3a709ed2b1fe0f7ce47d4ff89a6a5bb833a3f8ba/xmris-0.6.1-py3-none-any.whl,False,False,True
xmris,anywidget_implementation_present_by,2026-03-02T10:17:11.892597Z,0.6.1,observed_by,https://files.pythonhosted.org/packages/52/48/ecff2261c64673757cce3a709ed2b1fe0f7ce47d4ff89a6a5bb833a3f8ba/xmris-0.6.1-py3-none-any.whl,False,False,True
xmris,anywidget_dependency_observed,2026-03-02T10:17:11.892597Z,0.6.1,dependency_observation_only,https://pypi.org/pypi/xmris/0.6.1/json,False,False,True
pysepal,first_extant_package_release,2026-03-04T09:49:05.139585Z,3.3.0,exact_upload_of_available_release,https://pypi.org/project/pysepal/,False,False,True
pysepal,custom_widget_present_by,2026-03-04T09:49:05.139585Z,3.3.0,observed_by,https://files.pythonhosted.org/packages/0e/d9/158541792cf553a20c1c3c111c40f645d503068fb09dbac2cfc1796a2242/pysepal-3.3.0-py3-none-any.whl,False,False,True
pywidget,first_extant_package_release,2026-03-05T22:44:25.075396Z,0.1.0,exact_upload_of_available_release,https://pypi.org/project/pywidget/,False,False,True
pywidget,custom_widget_present_by,2026-03-05T22:44:25.075396Z,0.1.0,observed_by,https://files.pythonhosted.org/packages/06/57/4f64a97334d88b7813c89d56a203a6565be5280b8a5ede14d2688c751e2f/pywidget-0.1.0-py3-none-any.whl,False,False,True
pywidget,anywidget_implementation_present_by,2026-03-05T22:44:25.075396Z,0.1.0,observed_by,https://files.pythonhosted.org/packages/06/57/4f64a97334d88b7813c89d56a203a6565be5280b8a5ede14d2688c751e2f/pywidget-0.1.0-py3-none-any.whl,False,False,True
pywidget,anywidget_dependency_observed,2026-03-05T22:44:25.075396Z,0.1.0,dependency_observation_only,https://pypi.org/pypi/pywidget/0.1.0/json,False,False,True
megane,first_extant_package_release,2026-03-07T03:50:51.681373Z,0.1.0,exact_upload_of_available_release,https://pypi.org/project/megane/,False,False,True
megane,anywidget_dependency_observed,2026-03-07T03:50:51.681373Z,0.1.0,dependency_observation_only,https://pypi.org/pypi/megane/0.1.0/json,False,False,True
megane,custom_widget_present_by,2026-03-07T03:51:03.086912Z,0.1.0,observed_by,https://files.pythonhosted.org/packages/b6/75/017b00c8dbac0172143d2e10d1dd9e186255aff42ac2f2f50a526a5be9ef/megane-0.1.0-cp313-cp313-manylinux_2_17_aarch64.manylinux2014_aarch64.whl,False,False,True
megane,anywidget_implementation_present_by,2026-03-07T03:51:03.086912Z,0.1.0,observed_by,https://files.pythonhosted.org/packages/b6/75/017b00c8dbac0172143d2e10d1dd9e186255aff42ac2f2f50a526a5be9ef/megane-0.1.0-cp313-cp313-manylinux_2_17_aarch64.manylinux2014_aarch64.whl,False,False,True
ipydagflow,first_extant_package_release,2026-03-07T04:10:11.706724Z,0.0.1,exact_upload_of_available_release,https://pypi.org/project/ipydagflow/,False,False,True
ipydagflow,custom_widget_present_by,2026-03-07T04:10:11.706724Z,0.0.1,observed_by,https://files.pythonhosted.org/packages/16/7d/d25e6e0d0f30c3b431c81f8a2cebc68bbf9616b92e8412556927c6a7fcb1/ipydagflow-0.0.1-py3-none-any.whl,False,False,True
ipydagflow,anywidget_implementation_present_by,2026-03-07T04:10:11.706724Z,0.0.1,observed_by,https://files.pythonhosted.org/packages/16/7d/d25e6e0d0f30c3b431c81f8a2cebc68bbf9616b92e8412556927c6a7fcb1/ipydagflow-0.0.1-py3-none-any.whl,False,False,True
ipydagflow,anywidget_dependency_observed,2026-03-07T04:10:11.706724Z,0.0.1,dependency_observation_only,https://pypi.org/pypi/ipydagflow/0.0.1/json,False,False,True
keplergl,anywidget_implementation_present_by,2026-03-10T23:41:48.579466Z,0.4.0rc1,observed_by,https://files.pythonhosted.org/packages/33/bc/c62634066fa2ee1d52ff358b58acebc70afe1fe8d3f4f4161eb845629ac9/keplergl-0.4.0rc1-py3-none-any.whl,True,True,True
keplergl,anywidget_dependency_observed,2026-03-10T23:41:48.579466Z,0.4.0rc1,dependency_observation_only,https://pypi.org/pypi/keplergl/0.4.0rc1/json,True,True,True
marimo-learn,first_extant_package_release,2026-03-11T20:05:49.825898Z,0.1.0,exact_upload_of_available_release,https://pypi.org/project/marimo-learn/,False,False,True
lizyml-widget,first_extant_package_release,2026-03-14T15:02:13.225133Z,0.1.0,exact_upload_of_available_release,https://pypi.org/project/lizyml-widget/,False,False,True
lizyml-widget,custom_widget_present_by,2026-03-14T15:02:13.225133Z,0.1.0,observed_by,https://files.pythonhosted.org/packages/64/11/6df4ead7c6e7d6086da3f4cffa9fe00578625bebc155b1f38e47f56354a2/lizyml_widget-0.1.0-py3-none-any.whl,False,False,True
lizyml-widget,anywidget_implementation_present_by,2026-03-14T15:02:13.225133Z,0.1.0,observed_by,https://files.pythonhosted.org/packages/64/11/6df4ead7c6e7d6086da3f4cffa9fe00578625bebc155b1f38e47f56354a2/lizyml_widget-0.1.0-py3-none-any.whl,False,False,True
lizyml-widget,anywidget_dependency_observed,2026-03-14T15:02:13.225133Z,0.1.0,dependency_observation_only,https://pypi.org/pypi/lizyml-widget/0.1.0/json,False,False,True
anywidget-archimate,first_extant_package_release,2026-03-15T15:28:41.317437Z,0.1.0,exact_upload_of_available_release,https://pypi.org/project/anywidget-archimate/,False,False,True
anywidget-archimate,custom_widget_present_by,2026-03-15T15:28:41.317437Z,0.1.0,observed_by,https://files.pythonhosted.org/packages/1e/d4/54767068b1401f92b1d7160729dec26f7d7833716b61a3435993f54522d1/anywidget_archimate-0.1.0-py3-none-any.whl,False,False,True
anywidget-archimate,anywidget_implementation_present_by,2026-03-15T15:28:41.317437Z,0.1.0,observed_by,https://files.pythonhosted.org/packages/1e/d4/54767068b1401f92b1d7160729dec26f7d7833716b61a3435993f54522d1/anywidget_archimate-0.1.0-py3-none-any.whl,False,False,True
anywidget-archimate,anywidget_dependency_observed,2026-03-15T15:28:41.317437Z,0.1.0,dependency_observation_only,https://pypi.org/pypi/anywidget-archimate/0.1.0/json,False,False,True
alignviz-anywidget,first_extant_package_release,2026-03-16T23:18:36.958398Z,0.1.0,exact_upload_of_available_release,https://pypi.org/project/alignviz-anywidget/,False,False,True
alignviz-anywidget,custom_widget_present_by,2026-03-16T23:18:36.958398Z,0.1.0,observed_by,https://files.pythonhosted.org/packages/3e/cd/6f2e6ce749bae78c579c3281e1ef597e990e1efcb454958f93fbf8e1a719/alignviz_anywidget-0.1.0-py3-none-any.whl,False,False,True
alignviz-anywidget,anywidget_implementation_present_by,2026-03-16T23:18:36.958398Z,0.1.0,observed_by,https://files.pythonhosted.org/packages/3e/cd/6f2e6ce749bae78c579c3281e1ef597e990e1efcb454958f93fbf8e1a719/alignviz_anywidget-0.1.0-py3-none-any.whl,False,False,True
alignviz-anywidget,anywidget_dependency_observed,2026-03-16T23:18:36.958398Z,0.1.0,dependency_observation_only,https://pypi.org/pypi/alignviz-anywidget/0.1.0/json,False,False,True
gp-coords-widget,first_extant_package_release,2026-03-17T21:13:34.874830Z,0.1.0,exact_upload_of_available_release,https://pypi.org/project/gp-coords-widget/,False,False,True
gp-coords-widget,anywidget_dependency_observed,2026-03-17T21:13:34.874830Z,0.1.0,dependency_observation_only,https://pypi.org/pypi/gp-coords-widget/0.1.0/json,False,False,True
gp-coords-widget,custom_widget_present_by,2026-03-17T21:13:36.036918Z,0.1.0,observed_by,https://files.pythonhosted.org/packages/9f/bb/65165e0b6896e95c144f9a24fee89a14e4264f2a337f5feddece9716f4b2/gp_coords_widget-0.1.0-py3-none-any.whl,False,False,True
gp-coords-widget,anywidget_implementation_present_by,2026-03-17T21:13:36.036918Z,0.1.0,observed_by,https://files.pythonhosted.org/packages/9f/bb/65165e0b6896e95c144f9a24fee89a14e4264f2a337f5feddece9716f4b2/gp_coords_widget-0.1.0-py3-none-any.whl,False,False,True
jupyter-mpegts,first_extant_package_release,2026-03-18T03:48:44.492207Z,1.0.0,exact_upload_of_available_release,https://pypi.org/project/jupyter-mpegts/,False,False,True
jupyter-mpegts,custom_widget_present_by,2026-03-18T03:48:44.492207Z,1.0.0,observed_by,https://files.pythonhosted.org/packages/88/3c/d87b95a1ad76edcdcb4636e7391a9788dc9b668cdc15bcbf401716a77c70/jupyter_mpegts-1.0.0-py3-none-any.whl,False,False,True
marimo-learn,custom_widget_present_by,2026-03-20T14:47:46.513136Z,0.7.0,observed_by,https://files.pythonhosted.org/packages/00/7d/330c2bea5ae5e7f8ca713450ac534c9b80bb9f690e82f207c65969a43a05/marimo_learn-0.7.0-py3-none-any.whl,False,False,True
marimo-learn,anywidget_implementation_present_by,2026-03-20T14:47:46.513136Z,0.7.0,observed_by,https://files.pythonhosted.org/packages/00/7d/330c2bea5ae5e7f8ca713450ac534c9b80bb9f690e82f207c65969a43a05/marimo_learn-0.7.0-py3-none-any.whl,False,False,True
marimo-learn,anywidget_dependency_observed,2026-03-20T14:47:46.513136Z,0.7.0,dependency_observation_only,https://pypi.org/pypi/marimo-learn/0.7.0/json,False,False,True
anybioimage,first_extant_package_release,2026-03-22T10:28:51.251853Z,0.3.0,exact_upload_of_available_release,https://pypi.org/project/anybioimage/,False,False,True
anybioimage,custom_widget_present_by,2026-03-22T10:28:51.251853Z,0.3.0,observed_by,https://files.pythonhosted.org/packages/31/b1/63b7b700c80a057045a1c78522d3c60de3cb1babcd5f3f9128c1b14f9cc3/anybioimage-0.3.0-py3-none-any.whl,False,False,True
anybioimage,anywidget_implementation_present_by,2026-03-22T10:28:51.251853Z,0.3.0,observed_by,https://files.pythonhosted.org/packages/31/b1/63b7b700c80a057045a1c78522d3c60de3cb1babcd5f3f9128c1b14f9cc3/anybioimage-0.3.0-py3-none-any.whl,False,False,True
anybioimage,anywidget_dependency_observed,2026-03-22T10:28:51.251853Z,0.3.0,dependency_observation_only,https://pypi.org/pypi/anybioimage/0.3.0/json,False,False,True
jupyter-rfb,anywidget_implementation_present_by,2026-03-24T15:11:15.656281Z,1.0.2,observed_by,https://files.pythonhosted.org/packages/3e/89/d8a7ceff010ba38fdc345f7bc715e6152a70c6e28a68d4c7c0e1d943f420/jupyter_rfb-1.0.2-py3-none-any.whl,False,True,True
jupyter-rfb,anywidget_dependency_observed,2026-03-24T15:11:15.656281Z,1.0.2,dependency_observation_only,https://pypi.org/pypi/jupyter-rfb/1.0.2/json,False,True,True
pywry,anywidget_dependency_observed,2026-03-25T19:34:24.796255Z,2.0.0rc2,dependency_observation_only,https://pypi.org/pypi/pywry/2.0.0rc2/json,True,False,True
pywry,custom_widget_present_by,2026-03-25T19:34:47.102601Z,2.0.0rc2,observed_by,https://files.pythonhosted.org/packages/6e/60/e97068b885a835b42ac19a568cf186694f5bf0f7bee7233ee4dec625613c/pywry-2.0.0rc2-cp311-cp311-win_arm64.whl,True,False,True
pywry,anywidget_implementation_present_by,2026-03-25T19:34:47.102601Z,2.0.0rc2,observed_by,https://files.pythonhosted.org/packages/6e/60/e97068b885a835b42ac19a568cf186694f5bf0f7bee7233ee4dec625613c/pywry-2.0.0rc2-cp311-cp311-win_arm64.whl,True,False,True
nbplay,first_extant_package_release,2026-03-25T21:43:57.197576Z,0.1.0,exact_upload_of_available_release,https://pypi.org/project/nbplay/,False,False,True
nbplay,anywidget_dependency_observed,2026-03-25T21:43:57.197576Z,0.1.0,dependency_observation_only,https://pypi.org/pypi/nbplay/0.1.0/json,False,False,True
nbplay,custom_widget_present_by,2026-03-25T21:44:00.032503Z,0.1.0,observed_by,https://files.pythonhosted.org/packages/88/8c/95c48b0a3005b5804b5d5f3e5bd2edb00287ab970073506085ca6445dc06/nbplay-0.1.0-cp311-abi3-win_amd64.whl,False,False,True
nbplay,anywidget_implementation_present_by,2026-03-25T21:44:00.032503Z,0.1.0,observed_by,https://files.pythonhosted.org/packages/88/8c/95c48b0a3005b5804b5d5f3e5bd2edb00287ab970073506085ca6445dc06/nbplay-0.1.0-cp311-abi3-win_amd64.whl,False,False,True
dtour,first_extant_package_release,2026-03-27T15:10:34.669667Z,0.1.0,exact_upload_of_available_release,https://pypi.org/project/dtour/,False,False,True
dtour,custom_widget_present_by,2026-03-27T15:10:34.669667Z,0.1.0,observed_by,https://files.pythonhosted.org/packages/f9/f0/891d17e820ac4de962254e7d5b2f9d6949d020879b57fdec4aed4cfde0a2/dtour-0.1.0-py3-none-any.whl,False,False,True
dtour,anywidget_implementation_present_by,2026-03-27T15:10:34.669667Z,0.1.0,observed_by,https://files.pythonhosted.org/packages/f9/f0/891d17e820ac4de962254e7d5b2f9d6949d020879b57fdec4aed4cfde0a2/dtour-0.1.0-py3-none-any.whl,False,False,True
dtour,anywidget_dependency_observed,2026-03-27T15:10:34.669667Z,0.1.0,dependency_observation_only,https://pypi.org/pypi/dtour/0.1.0/json,False,False,True
datasci-toolkit,first_extant_package_release,2026-03-29T12:39:18.126116Z,0.1.0,exact_upload_of_available_release,https://pypi.org/project/datasci-toolkit/,False,False,True
datasci-toolkit,custom_widget_present_by,2026-03-29T12:39:18.126116Z,0.1.0,observed_by,https://files.pythonhosted.org/packages/3b/89/7f2e7c298e780035e0dd8356b4d4dc268399427510d1571c3d1ca85a5eb5/datasci_toolkit-0.1.0-py3-none-any.whl,False,False,True
datasci-toolkit,anywidget_implementation_present_by,2026-03-29T12:39:18.126116Z,0.1.0,observed_by,https://files.pythonhosted.org/packages/3b/89/7f2e7c298e780035e0dd8356b4d4dc268399427510d1571c3d1ca85a5eb5/datasci_toolkit-0.1.0-py3-none-any.whl,False,False,True
datasci-toolkit,anywidget_dependency_observed,2026-03-29T12:39:18.126116Z,0.1.0,dependency_observation_only,https://pypi.org/pypi/datasci-toolkit/0.1.0/json,False,False,True
pandapower-viz,first_extant_package_release,2026-03-29T18:14:13.555856Z,0.1.0,exact_upload_of_available_release,https://pypi.org/project/pandapower-viz/,False,False,True
pandapower-viz,custom_widget_present_by,2026-03-29T18:14:13.555856Z,0.1.0,observed_by,https://files.pythonhosted.org/packages/4d/d3/dfc3a5c2c4d694c02f31aa413e1c9f01a6924ff1f73d7315fd1b1002f812/pandapower_viz-0.1.0-py3-none-any.whl,False,False,True
pandapower-viz,anywidget_implementation_present_by,2026-03-29T18:14:13.555856Z,0.1.0,observed_by,https://files.pythonhosted.org/packages/4d/d3/dfc3a5c2c4d694c02f31aa413e1c9f01a6924ff1f73d7315fd1b1002f812/pandapower_viz-0.1.0-py3-none-any.whl,False,False,True
pandapower-viz,anywidget_dependency_observed,2026-03-29T18:14:13.555856Z,0.1.0,dependency_observation_only,https://pypi.org/pypi/pandapower-viz/0.1.0/json,False,False,True
mlflow-widgets,first_extant_package_release,2026-04-01T11:30:52.559618Z,0.1.0,exact_upload_of_available_release,https://pypi.org/project/mlflow-widgets/,False,False,True
mlflow-widgets,anywidget_dependency_observed,2026-04-01T11:30:52.559618Z,0.1.0,dependency_observation_only,https://pypi.org/pypi/mlflow-widgets/0.1.0/json,False,False,True
mlflow-widgets,custom_widget_present_by,2026-04-01T11:30:53.262354Z,0.1.0,observed_by,https://files.pythonhosted.org/packages/87/01/5cb97c5a103333aaa1ee4d9c704c19a5842e4e90cbfa5d425621f9d47793/mlflow_widgets-0.1.0-py3-none-any.whl,False,False,True
mlflow-widgets,anywidget_implementation_present_by,2026-04-01T11:30:53.262354Z,0.1.0,observed_by,https://files.pythonhosted.org/packages/87/01/5cb97c5a103333aaa1ee4d9c704c19a5842e4e90cbfa5d425621f9d47793/mlflow_widgets-0.1.0-py3-none-any.whl,False,False,True
ruviz,first_extant_package_release,2026-04-01T15:28:32.636595Z,0.3.3,exact_upload_of_available_release,https://pypi.org/project/ruviz/,False,False,True
ruviz,anywidget_dependency_observed,2026-04-01T15:28:32.636595Z,0.3.3,dependency_observation_only,https://pypi.org/pypi/ruviz/0.3.3/json,False,False,True
ruviz,custom_widget_present_by,2026-04-01T15:28:34.638687Z,0.3.3,observed_by,https://files.pythonhosted.org/packages/80/d4/885e7f744d8b9f8545d81165d748eb47eab7f5ed398d72a9856f5e9a99bc/ruviz-0.3.3-cp310-abi3-macosx_11_0_arm64.whl,False,False,True
ruviz,anywidget_implementation_present_by,2026-04-01T15:28:34.638687Z,0.3.3,observed_by,https://files.pythonhosted.org/packages/80/d4/885e7f744d8b9f8545d81165d748eb47eab7f5ed398d72a9856f5e9a99bc/ruviz-0.3.3-cp310-abi3-macosx_11_0_arm64.whl,False,False,True
astrowidget,first_extant_package_release,2026-04-07T10:11:17.120327Z,0.1.0,exact_upload_of_available_release,https://pypi.org/project/astrowidget/,False,False,True
astrowidget,custom_widget_present_by,2026-04-07T10:11:17.120327Z,0.1.0,observed_by,https://files.pythonhosted.org/packages/dd/eb/974ead4269449edd8a74cecf327fc9f1fcf8e6b0f5b9c05404e7bc7d25ef/astrowidget-0.1.0-py3-none-any.whl,False,False,True
astrowidget,anywidget_implementation_present_by,2026-04-07T10:11:17.120327Z,0.1.0,observed_by,https://files.pythonhosted.org/packages/dd/eb/974ead4269449edd8a74cecf327fc9f1fcf8e6b0f5b9c05404e7bc7d25ef/astrowidget-0.1.0-py3-none-any.whl,False,False,True
astrowidget,anywidget_dependency_observed,2026-04-07T10:11:17.120327Z,0.1.0,dependency_observation_only,https://pypi.org/pypi/astrowidget/0.1.0/json,False,False,True
cesiumkit,first_extant_package_release,2026-04-08T23:40:24.946924Z,0.1.0,exact_upload_of_available_release,https://pypi.org/project/cesiumkit/,False,False,True
mongodb-ai-widget-challenge,first_extant_package_release,2026-04-08T23:59:49.125431Z,0.1,exact_upload_of_available_release,https://pypi.org/project/mongodb-ai-widget-challenge/,False,False,True
mongodb-ai-widget-challenge,custom_widget_present_by,2026-04-08T23:59:49.125431Z,0.1,observed_by,https://files.pythonhosted.org/packages/3c/9e/fef803c834bab55e1f15f7e8b3f40f96c1b14ba027fad5ec510239ae716b/mongodb_ai_widget_challenge-0.1-py3-none-any.whl,False,False,True
mongodb-ai-widget-challenge,anywidget_implementation_present_by,2026-04-08T23:59:49.125431Z,0.1,observed_by,https://files.pythonhosted.org/packages/3c/9e/fef803c834bab55e1f15f7e8b3f40f96c1b14ba027fad5ec510239ae716b/mongodb_ai_widget_challenge-0.1-py3-none-any.whl,False,False,True
mongodb-ai-widget-challenge,anywidget_dependency_observed,2026-04-08T23:59:49.125431Z,0.1,dependency_observation_only,https://pypi.org/pypi/mongodb-ai-widget-challenge/0.1/json,False,False,True
glmhmmt,first_extant_package_release,2026-04-09T14:52:41.648519Z,0.1.0,exact_upload_of_available_release,https://pypi.org/project/glmhmmt/,False,False,True
glmhmmt,custom_widget_present_by,2026-04-09T14:52:41.648519Z,0.1.0,observed_by,https://files.pythonhosted.org/packages/7a/79/cd83cffcc40ee9819f71ec6c590a0e71b579b1af713c09e5d038601a87ba/glmhmmt-0.1.0-py3-none-any.whl,False,False,True
glmhmmt,anywidget_implementation_present_by,2026-04-09T14:52:41.648519Z,0.1.0,observed_by,https://files.pythonhosted.org/packages/7a/79/cd83cffcc40ee9819f71ec6c590a0e71b579b1af713c09e5d038601a87ba/glmhmmt-0.1.0-py3-none-any.whl,False,False,True
glmhmmt,anywidget_dependency_observed,2026-04-09T14:52:41.648519Z,0.1.0,dependency_observation_only,https://pypi.org/pypi/glmhmmt/0.1.0/json,False,False,True
psiqdk-visualize,first_extant_package_release,2026-04-10T11:35:52.820087Z,0.0.1,exact_upload_of_available_release,https://pypi.org/project/psiqdk-visualize/,False,False,True
bike-network-traffic,first_extant_package_release,2026-04-11T03:23:15.639594Z,0.1.0,exact_upload_of_available_release,https://pypi.org/project/bike-network-traffic/,False,False,True
bike-network-traffic,anywidget_dependency_observed,2026-04-11T03:23:15.639594Z,0.1.0,dependency_observation_only,https://pypi.org/pypi/bike-network-traffic/0.1.0/json,False,False,True
bike-network-traffic,custom_widget_present_by,2026-04-11T03:23:16.954817Z,0.1.0,observed_by,https://files.pythonhosted.org/packages/bb/94/04f1ebe3fe3e447cd3858ce70e8e30e7a713b90bdc448baf5021ebeb5833/bike_network_traffic-0.1.0-py3-none-any.whl,False,False,True
bike-network-traffic,anywidget_implementation_present_by,2026-04-11T03:23:16.954817Z,0.1.0,observed_by,https://files.pythonhosted.org/packages/bb/94/04f1ebe3fe3e447cd3858ce70e8e30e7a713b90bdc448baf5021ebeb5833/bike_network_traffic-0.1.0-py3-none-any.whl,False,False,True
anyjsonviewer,first_extant_package_release,2026-04-11T12:04:40.146688Z,0.1.0,exact_upload_of_available_release,https://pypi.org/project/anyjsonviewer/,False,False,True
anyjsonviewer,custom_widget_present_by,2026-04-11T12:04:40.146688Z,0.1.0,observed_by,https://files.pythonhosted.org/packages/93/93/f2ce3388bdbfe8d5fa22ac96be402ad9aaad41d752a8422e2666582fa2f5/anyjsonviewer-0.1.0-py3-none-any.whl,False,False,True
anyjsonviewer,anywidget_implementation_present_by,2026-04-11T12:04:40.146688Z,0.1.0,observed_by,https://files.pythonhosted.org/packages/93/93/f2ce3388bdbfe8d5fa22ac96be402ad9aaad41d752a8422e2666582fa2f5/anyjsonviewer-0.1.0-py3-none-any.whl,False,False,True
anyjsonviewer,anywidget_dependency_observed,2026-04-11T12:04:40.146688Z,0.1.0,dependency_observation_only,https://pypi.org/pypi/anyjsonviewer/0.1.0/json,False,False,True
corr-vars-widget,first_extant_package_release,2026-04-11T20:59:22.800171Z,0.0.2,exact_upload_of_available_release,https://pypi.org/project/corr-vars-widget/,False,False,True
corr-vars-widget,anywidget_dependency_observed,2026-04-11T20:59:22.800171Z,0.0.2,dependency_observation_only,https://pypi.org/pypi/corr-vars-widget/0.0.2/json,False,False,True
corr-vars-widget,custom_widget_present_by,2026-04-11T20:59:24.673302Z,0.0.2,observed_by,https://files.pythonhosted.org/packages/d2/03/71cc37674b45ac8a088762faafb96dcc8f3f431341cb6c907b5bb3ffa2b6/corr_vars_widget-0.0.2-py3-none-any.whl,False,False,True
corr-vars-widget,anywidget_implementation_present_by,2026-04-11T20:59:24.673302Z,0.0.2,observed_by,https://files.pythonhosted.org/packages/d2/03/71cc37674b45ac8a088762faafb96dcc8f3f431341cb6c907b5bb3ffa2b6/corr_vars_widget-0.0.2-py3-none-any.whl,False,False,True
manim-widget,first_extant_package_release,2026-04-13T06:46:58.273390Z,0.1.0,exact_upload_of_available_release,https://pypi.org/project/manim-widget/,False,False,True
manim-widget,custom_widget_present_by,2026-04-13T06:46:58.273390Z,0.1.0,observed_by,https://files.pythonhosted.org/packages/8b/0c/b68625a759402c102d9ae0e1060fb8c81d31898489bd1c1802cd252f21e1/manim_widget-0.1.0-py3-none-any.whl,False,False,True
manim-widget,anywidget_implementation_present_by,2026-04-13T06:46:58.273390Z,0.1.0,observed_by,https://files.pythonhosted.org/packages/8b/0c/b68625a759402c102d9ae0e1060fb8c81d31898489bd1c1802cd252f21e1/manim_widget-0.1.0-py3-none-any.whl,False,False,True
manim-widget,anywidget_dependency_observed,2026-04-13T06:46:58.273390Z,0.1.0,dependency_observation_only,https://pypi.org/pypi/manim-widget/0.1.0/json,False,False,True
eigenp-utils,first_extant_package_release,2026-04-15T02:45:11.154424Z,0.0.2,exact_upload_of_available_release,https://pypi.org/project/eigenp-utils/,False,False,True
eigenp-utils,custom_widget_present_by,2026-04-15T02:45:11.154424Z,0.0.2,observed_by,https://files.pythonhosted.org/packages/ae/3c/6c3885acdcdff0f0a16a8057093bbf206d94f6ff36ce49b359b60800e547/eigenp_utils-0.0.2-py3-none-any.whl,False,False,True
eigenp-utils,anywidget_implementation_present_by,2026-04-15T02:45:11.154424Z,0.0.2,observed_by,https://files.pythonhosted.org/packages/ae/3c/6c3885acdcdff0f0a16a8057093bbf206d94f6ff36ce49b359b60800e547/eigenp_utils-0.0.2-py3-none-any.whl,False,False,True
eigenp-utils,anywidget_dependency_observed,2026-04-15T02:45:11.154424Z,0.0.2,dependency_observation_only,https://pypi.org/pypi/eigenp-utils/0.0.2/json,False,False,True
mermaid-nb,first_extant_package_release,2026-04-18T21:58:50.526414Z,0.0.0,exact_upload_of_available_release,https://pypi.org/project/mermaid-nb/,False,False,True
mermaid-nb,custom_widget_present_by,2026-04-18T21:58:50.526414Z,0.0.0,observed_by,https://files.pythonhosted.org/packages/1b/70/1b0c056cecf2636783c01ccc168b57b54a54e737dafd4adb5eb01fd5b795/mermaid_nb-0.0.0-py2.py3-none-any.whl,False,False,True
mermaid-nb,anywidget_implementation_present_by,2026-04-18T21:58:50.526414Z,0.0.0,observed_by,https://files.pythonhosted.org/packages/1b/70/1b0c056cecf2636783c01ccc168b57b54a54e737dafd4adb5eb01fd5b795/mermaid_nb-0.0.0-py2.py3-none-any.whl,False,False,True
mermaid-nb,anywidget_dependency_observed,2026-04-18T21:58:50.526414Z,0.0.0,dependency_observation_only,https://pypi.org/pypi/mermaid-nb/0.0.0/json,False,False,True
jupyter-loopback,first_extant_package_release,2026-04-21T22:40:20.368900Z,0.1.0,exact_upload_of_available_release,https://pypi.org/project/jupyter-loopback/,False,False,True
jupyter-loopback,custom_widget_present_by,2026-04-21T22:40:20.368900Z,0.1.0,observed_by,https://files.pythonhosted.org/packages/fc/9f/14779bb146f7cada67cb3bd2e81952ced04a0aaece6313f10e3f0f966c9a/jupyter_loopback-0.1.0-py3-none-any.whl,False,False,True
jupyter-loopback,anywidget_implementation_present_by,2026-04-21T22:40:20.368900Z,0.1.0,observed_by,https://files.pythonhosted.org/packages/fc/9f/14779bb146f7cada67cb3bd2e81952ced04a0aaece6313f10e3f0f966c9a/jupyter_loopback-0.1.0-py3-none-any.whl,False,False,True
jupyter-loopback,anywidget_dependency_observed,2026-04-21T22:40:20.368900Z,0.1.0,dependency_observation_only,https://pypi.org/pypi/jupyter-loopback/0.1.0/json,False,False,True
metaframe-widget,first_extant_package_release,2026-04-23T00:23:57.511898Z,0.1.0,exact_upload_of_available_release,https://pypi.org/project/metaframe-widget/,False,False,True
metaframe-widget,custom_widget_present_by,2026-04-23T00:23:57.511898Z,0.1.0,observed_by,https://files.pythonhosted.org/packages/78/dd/2fc0664b40a39e6f6260160200093a60891d8ee91f53b1756d2afc826dcf/metaframe_widget-0.1.0-py3-none-any.whl,False,False,True
metaframe-widget,anywidget_implementation_present_by,2026-04-23T00:23:57.511898Z,0.1.0,observed_by,https://files.pythonhosted.org/packages/78/dd/2fc0664b40a39e6f6260160200093a60891d8ee91f53b1756d2afc826dcf/metaframe_widget-0.1.0-py3-none-any.whl,False,False,True
metaframe-widget,anywidget_dependency_observed,2026-04-23T00:23:57.511898Z,0.1.0,dependency_observation_only,https://pypi.org/pypi/metaframe-widget/0.1.0/json,False,False,True
awitree,first_extant_package_release,2026-04-27T16:28:20.656676Z,0.1.0,exact_upload_of_available_release,https://pypi.org/project/awitree/,False,False,True
awitree,custom_widget_present_by,2026-04-27T16:28:20.656676Z,0.1.0,observed_by,https://files.pythonhosted.org/packages/46/10/0b6f79a7f44fa82abc59b624c1b0988b2775dd9293ffdb342374e2c33dbf/awitree-0.1.0-py2.py3-none-any.whl,False,False,True
awitree,anywidget_implementation_present_by,2026-04-27T16:28:20.656676Z,0.1.0,observed_by,https://files.pythonhosted.org/packages/46/10/0b6f79a7f44fa82abc59b624c1b0988b2775dd9293ffdb342374e2c33dbf/awitree-0.1.0-py2.py3-none-any.whl,False,False,True
awitree,anywidget_dependency_observed,2026-04-27T16:28:20.656676Z,0.1.0,dependency_observation_only,https://pypi.org/pypi/awitree/0.1.0/json,False,False,True
tvb-phaseplane,first_extant_package_release,2026-04-30T11:09:56.304508Z,0.1.0,exact_upload_of_available_release,https://pypi.org/project/tvb-phaseplane/,False,False,True
tvb-phaseplane,custom_widget_present_by,2026-04-30T11:09:56.304508Z,0.1.0,observed_by,https://files.pythonhosted.org/packages/5c/66/d39302fa21ea535a7734337faddb432fd8aad795c43d408ffb9f43384e0c/tvb_phaseplane-0.1.0-py3-none-any.whl,False,False,True
tvb-phaseplane,anywidget_implementation_present_by,2026-04-30T11:09:56.304508Z,0.1.0,observed_by,https://files.pythonhosted.org/packages/5c/66/d39302fa21ea535a7734337faddb432fd8aad795c43d408ffb9f43384e0c/tvb_phaseplane-0.1.0-py3-none-any.whl,False,False,True
tvb-phaseplane,anywidget_dependency_observed,2026-04-30T11:09:56.304508Z,0.1.0,dependency_observation_only,https://pypi.org/pypi/tvb-phaseplane/0.1.0/json,False,False,True
gvrender,first_extant_package_release,2026-04-30T14:45:02.584368Z,0.0.3,exact_upload_of_available_release,https://pypi.org/project/gvrender/,False,False,True
gvrender,custom_widget_present_by,2026-04-30T14:45:02.584368Z,0.0.3,observed_by,https://files.pythonhosted.org/packages/ed/60/f7fa3f7f74df33ab0a7d873ef66ac0b90cc9c6cb4beb3c462f7caeedf66a/gvrender-0.0.3-py2.py3-none-any.whl,False,False,True
gvrender,anywidget_implementation_present_by,2026-04-30T14:45:02.584368Z,0.0.3,observed_by,https://files.pythonhosted.org/packages/ed/60/f7fa3f7f74df33ab0a7d873ef66ac0b90cc9c6cb4beb3c462f7caeedf66a/gvrender-0.0.3-py2.py3-none-any.whl,False,False,True
gvrender,anywidget_dependency_observed,2026-04-30T14:45:02.584368Z,0.0.3,dependency_observation_only,https://pypi.org/pypi/gvrender/0.0.3/json,False,False,True
bitjet,anywidget_implementation_present_by,2026-05-02T05:37:34.847986Z,1.0.0,observed_by,https://files.pythonhosted.org/packages/85/4c/95d63a1afbc6b3527c64f287344d3429769d4cc22ff3f5b61f55fd64aa77/bitjet-1.0.0-py3-none-any.whl,False,False,True
bitjet,anywidget_dependency_observed,2026-05-02T05:37:34.847986Z,1.0.0,dependency_observation_only,https://pypi.org/pypi/bitjet/1.0.0/json,False,False,True
pymyio,first_extant_package_release,2026-05-05T03:12:17.187097Z,0.1.0,exact_upload_of_available_release,https://pypi.org/project/pymyio/,False,False,True
pymyio,custom_widget_present_by,2026-05-05T03:12:17.187097Z,0.1.0,observed_by,https://files.pythonhosted.org/packages/d0/7e/f0b9fd5c7287ed7a700310642853bd6e301956cd90bd9040bd3f9babf64a/pymyio-0.1.0-py3-none-any.whl,False,False,True
pymyio,anywidget_implementation_present_by,2026-05-05T03:12:17.187097Z,0.1.0,observed_by,https://files.pythonhosted.org/packages/d0/7e/f0b9fd5c7287ed7a700310642853bd6e301956cd90bd9040bd3f9babf64a/pymyio-0.1.0-py3-none-any.whl,False,False,True
pymyio,anywidget_dependency_observed,2026-05-05T03:12:17.187097Z,0.1.0,dependency_observation_only,https://pypi.org/pypi/pymyio/0.1.0/json,False,False,True
astrolabe-vis,first_extant_package_release,2026-05-06T07:40:41.826046Z,0.1.0,exact_upload_of_available_release,https://pypi.org/project/astrolabe-vis/,False,False,True
astrolabe-vis,custom_widget_present_by,2026-05-06T07:40:41.826046Z,0.1.0,observed_by,https://files.pythonhosted.org/packages/8c/e9/59948c6cdb43f51256278d067fb296c75e86e93e438652a1b67631b151ff/astrolabe_vis-0.1.0-py3-none-any.whl,False,False,True
astrolabe-vis,anywidget_implementation_present_by,2026-05-06T07:40:41.826046Z,0.1.0,observed_by,https://files.pythonhosted.org/packages/8c/e9/59948c6cdb43f51256278d067fb296c75e86e93e438652a1b67631b151ff/astrolabe_vis-0.1.0-py3-none-any.whl,False,False,True
astrolabe-vis,anywidget_dependency_observed,2026-05-06T07:40:41.826046Z,0.1.0,dependency_observation_only,https://pypi.org/pypi/astrolabe-vis/0.1.0/json,False,False,True
signavis,first_extant_package_release,2026-05-08T09:49:56.398967Z,0.7.0,exact_upload_of_available_release,https://pypi.org/project/signavis/,False,False,True
signavis,custom_widget_present_by,2026-05-08T09:49:56.398967Z,0.7.0,observed_by,https://files.pythonhosted.org/packages/c7/41/21b699389c56b229dce9b358f93bf148593e78330d1b994d2c7e06d3740f/signavis-0.7.0-py3-none-any.whl,False,False,True
signavis,anywidget_implementation_present_by,2026-05-08T09:49:56.398967Z,0.7.0,observed_by,https://files.pythonhosted.org/packages/c7/41/21b699389c56b229dce9b358f93bf148593e78330d1b994d2c7e06d3740f/signavis-0.7.0-py3-none-any.whl,False,False,True
signavis,anywidget_dependency_observed,2026-05-08T09:49:56.398967Z,0.7.0,dependency_observation_only,https://pypi.org/pypi/signavis/0.7.0/json,False,False,True
cubevis,custom_widget_present_by,2026-05-13T23:24:01.756190Z,1.0.68,observed_by,https://files.pythonhosted.org/packages/d1/9c/ec9824023cf1853c00482bd474ca6e27ba1e4366192cd539ce9aa0a01d07/cubevis-1.0.68-py3-none-any.whl,False,False,True
cubevis,anywidget_implementation_present_by,2026-05-13T23:24:01.756190Z,1.0.68,observed_by,https://files.pythonhosted.org/packages/d1/9c/ec9824023cf1853c00482bd474ca6e27ba1e4366192cd539ce9aa0a01d07/cubevis-1.0.68-py3-none-any.whl,False,False,True
cubevis,anywidget_dependency_observed,2026-05-13T23:24:01.756190Z,1.0.68,dependency_observation_only,https://pypi.org/pypi/cubevis/1.0.68/json,False,False,True
semantic-link-labs,anywidget_dependency_observed,2026-05-14T11:25:49.362353Z,0.15.0,dependency_observation_only,https://pypi.org/pypi/semantic-link-labs/0.15.0/json,False,False,True
semantic-link-labs,custom_widget_present_by,2026-05-14T11:25:51.149239Z,0.15.0,observed_by,https://files.pythonhosted.org/packages/b5/29/d591f37c1816c44c2dde7f88d6ef7b2c0137cc3f765508b2022d964e45ab/semantic_link_labs-0.15.0-py3-none-any.whl,False,False,True
semantic-link-labs,anywidget_implementation_present_by,2026-05-14T11:25:51.149239Z,0.15.0,observed_by,https://files.pythonhosted.org/packages/b5/29/d591f37c1816c44c2dde7f88d6ef7b2c0137cc3f765508b2022d964e45ab/semantic_link_labs-0.15.0-py3-none-any.whl,False,False,True
stipple,first_extant_package_release,2026-05-15T19:14:35.543225Z,0.1.0,exact_upload_of_available_release,https://pypi.org/project/stipple/,False,False,True
stipple,custom_widget_present_by,2026-05-15T19:14:35.543225Z,0.1.0,observed_by,https://files.pythonhosted.org/packages/6b/f4/fa01aae2703a1af7defc0952d92523a238549b8b240fc833658285be8c68/stipple-0.1.0-py3-none-any.whl,False,False,True
stipple,anywidget_implementation_present_by,2026-05-15T19:14:35.543225Z,0.1.0,observed_by,https://files.pythonhosted.org/packages/6b/f4/fa01aae2703a1af7defc0952d92523a238549b8b240fc833658285be8c68/stipple-0.1.0-py3-none-any.whl,False,False,True
stipple,anywidget_dependency_observed,2026-05-15T19:14:35.543225Z,0.1.0,dependency_observation_only,https://pypi.org/pypi/stipple/0.1.0/json,False,False,True
dlthub-start,first_extant_package_release,2026-05-19T09:08:43.754819Z,0.1.0,exact_upload_of_available_release,https://pypi.org/project/dlthub-start/,False,False,True
turtle-widget,first_extant_package_release,2026-05-23T13:44:40.428158Z,0.1.18,exact_upload_of_available_release,https://pypi.org/project/turtle-widget/,False,False,True
turtle-widget,custom_widget_present_by,2026-05-23T13:44:40.428158Z,0.1.18,observed_by,https://files.pythonhosted.org/packages/f2/2a/47e26114d5d9dc757b2b9f5b2cf06b6b2077bae0fb209354b01e26b88e24/turtle_widget-0.1.18-py3-none-any.whl,False,False,True
turtle-widget,anywidget_implementation_present_by,2026-05-23T13:44:40.428158Z,0.1.18,observed_by,https://files.pythonhosted.org/packages/f2/2a/47e26114d5d9dc757b2b9f5b2cf06b6b2077bae0fb209354b01e26b88e24/turtle_widget-0.1.18-py3-none-any.whl,False,False,True
turtle-widget,anywidget_dependency_observed,2026-05-23T13:44:40.428158Z,0.1.18,dependency_observation_only,https://pypi.org/pypi/turtle-widget/0.1.18/json,False,False,True
pytutor-widget,first_extant_package_release,2026-05-23T13:53:02.771636Z,0.1.18,exact_upload_of_available_release,https://pypi.org/project/pytutor-widget/,False,False,True
pytutor-widget,custom_widget_present_by,2026-05-23T13:53:02.771636Z,0.1.18,observed_by,https://files.pythonhosted.org/packages/bc/a5/87ebab12cfb3aa156eaddc6059626a79c1d8f7ddf62ea0810153d4a3535d/pytutor_widget-0.1.18-py3-none-any.whl,False,False,True
pytutor-widget,anywidget_implementation_present_by,2026-05-23T13:53:02.771636Z,0.1.18,observed_by,https://files.pythonhosted.org/packages/bc/a5/87ebab12cfb3aa156eaddc6059626a79c1d8f7ddf62ea0810153d4a3535d/pytutor_widget-0.1.18-py3-none-any.whl,False,False,True
pytutor-widget,anywidget_dependency_observed,2026-05-23T13:53:02.771636Z,0.1.18,dependency_observation_only,https://pypi.org/pypi/pytutor-widget/0.1.18/json,False,False,True
ipytreecraft,first_extant_package_release,2026-05-23T15:42:02.074069Z,0.1.0,exact_upload_of_available_release,https://pypi.org/project/ipytreecraft/,False,False,True
ipytreecraft,custom_widget_present_by,2026-05-23T15:42:02.074069Z,0.1.0,observed_by,https://files.pythonhosted.org/packages/db/d8/114878d7afc7d9d90a7e985a55a642ee2b1f7fbc0ed0ed700cd665ddf741/ipytreecraft-0.1.0-py3-none-any.whl,False,False,True
ipytreecraft,anywidget_implementation_present_by,2026-05-23T15:42:02.074069Z,0.1.0,observed_by,https://files.pythonhosted.org/packages/db/d8/114878d7afc7d9d90a7e985a55a642ee2b1f7fbc0ed0ed700cd665ddf741/ipytreecraft-0.1.0-py3-none-any.whl,False,False,True
ipytreecraft,anywidget_dependency_observed,2026-05-23T15:42:02.074069Z,0.1.0,dependency_observation_only,https://pypi.org/pypi/ipytreecraft/0.1.0/json,False,False,True
codelens-widget,first_extant_package_release,2026-05-23T17:06:59.115092Z,0.1.28,exact_upload_of_available_release,https://pypi.org/project/codelens-widget/,False,False,True
codelens-widget,custom_widget_present_by,2026-05-23T17:06:59.115092Z,0.1.28,observed_by,https://files.pythonhosted.org/packages/f2/8c/d8b6673c87fdfc4686f86097cc8340601655ce0c04c2ea469a0915f0abf9/codelens_widget-0.1.28-py3-none-any.whl,False,False,True
codelens-widget,anywidget_implementation_present_by,2026-05-23T17:06:59.115092Z,0.1.28,observed_by,https://files.pythonhosted.org/packages/f2/8c/d8b6673c87fdfc4686f86097cc8340601655ce0c04c2ea469a0915f0abf9/codelens_widget-0.1.28-py3-none-any.whl,False,False,True
codelens-widget,anywidget_dependency_observed,2026-05-23T17:06:59.115092Z,0.1.28,dependency_observation_only,https://pypi.org/pypi/codelens-widget/0.1.28/json,False,False,True
hypster,custom_widget_present_by,2026-05-24T13:20:01.965975Z,0.5.2,observed_by,https://files.pythonhosted.org/packages/95/8c/e89b65065f33ef79c71cc42d7492cdb23d27f5300912e3e14cd16d3af8cb/hypster-0.5.2-py3-none-any.whl,False,False,True
hypster,anywidget_implementation_present_by,2026-05-24T13:20:01.965975Z,0.5.2,observed_by,https://files.pythonhosted.org/packages/95/8c/e89b65065f33ef79c71cc42d7492cdb23d27f5300912e3e14cd16d3af8cb/hypster-0.5.2-py3-none-any.whl,False,False,True
hypster,anywidget_dependency_observed,2026-05-24T13:20:01.965975Z,0.5.2,dependency_observation_only,https://pypi.org/pypi/hypster/0.5.2/json,False,False,True
psiqdk-visualize,custom_widget_present_by,2026-05-26T22:21:17.986639Z,0.97.2,observed_by,https://files.pythonhosted.org/packages/82/d5/0567800d4e391c044670bfd67cbf6f9c5fbcd8c1cd83d33f72780b59988c/psiqdk_visualize-0.97.2-py3-none-any.whl,False,False,True
psiqdk-visualize,anywidget_implementation_present_by,2026-05-26T22:21:17.986639Z,0.97.2,observed_by,https://files.pythonhosted.org/packages/82/d5/0567800d4e391c044670bfd67cbf6f9c5fbcd8c1cd83d33f72780b59988c/psiqdk_visualize-0.97.2-py3-none-any.whl,False,False,True
psiqdk-visualize,anywidget_dependency_observed,2026-05-26T22:21:17.986639Z,0.97.2,dependency_observation_only,https://pypi.org/pypi/psiqdk-visualize/0.97.2/json,False,False,True
sigma-anywidget,first_extant_package_release,2026-05-30T21:29:25.714260Z,0.0.1,exact_upload_of_available_release,https://pypi.org/project/sigma-anywidget/,False,False,True
sigma-anywidget,custom_widget_present_by,2026-05-30T21:29:25.714260Z,0.0.1,observed_by,https://files.pythonhosted.org/packages/54/8b/0d8fa9a1d8e3ca7c2b3d3cf066cc279b76630f42621c84c9f75bc5dc8daf/sigma_anywidget-0.0.1-py3-none-any.whl,False,False,True
sigma-anywidget,anywidget_implementation_present_by,2026-05-30T21:29:25.714260Z,0.0.1,observed_by,https://files.pythonhosted.org/packages/54/8b/0d8fa9a1d8e3ca7c2b3d3cf066cc279b76630f42621c84c9f75bc5dc8daf/sigma_anywidget-0.0.1-py3-none-any.whl,False,False,True
sigma-anywidget,anywidget_dependency_observed,2026-05-30T21:29:25.714260Z,0.0.1,dependency_observation_only,https://pypi.org/pypi/sigma-anywidget/0.0.1/json,False,False,True
gesture-recognizer-widget,first_extant_package_release,2026-06-01T08:45:20.588876Z,0.1.0,exact_upload_of_available_release,https://pypi.org/project/gesture-recognizer-widget/,False,False,True
gesture-recognizer-widget,custom_widget_present_by,2026-06-01T08:45:20.588876Z,0.1.0,observed_by,https://files.pythonhosted.org/packages/0b/32/0d803931f9ebc2ec2cf2eb09119011958df0c048e97dc7bca7f3b3718141/gesture_recognizer_widget-0.1.0-py3-none-any.whl,False,False,True
gesture-recognizer-widget,anywidget_implementation_present_by,2026-06-01T08:45:20.588876Z,0.1.0,observed_by,https://files.pythonhosted.org/packages/0b/32/0d803931f9ebc2ec2cf2eb09119011958df0c048e97dc7bca7f3b3718141/gesture_recognizer_widget-0.1.0-py3-none-any.whl,False,False,True
gesture-recognizer-widget,anywidget_dependency_observed,2026-06-01T08:45:20.588876Z,0.1.0,dependency_observation_only,https://pypi.org/pypi/gesture-recognizer-widget/0.1.0/json,False,False,True
pyobservablejs,first_extant_package_release,2026-06-02T16:35:10.090902Z,0.0.0rc1,exact_upload_of_available_release,https://pypi.org/project/pyobservablejs/,True,False,True
pyobservablejs,custom_widget_present_by,2026-06-02T16:35:10.090902Z,0.0.0rc1,observed_by,https://files.pythonhosted.org/packages/8b/77/6de82fa856823e75cdd499f2eec18e2abb8d3ec1c19b43c7aa04bc78082b/pyobservablejs-0.0.0rc1-py3-none-any.whl,True,False,True
pyobservablejs,anywidget_implementation_present_by,2026-06-02T16:35:10.090902Z,0.0.0rc1,observed_by,https://files.pythonhosted.org/packages/8b/77/6de82fa856823e75cdd499f2eec18e2abb8d3ec1c19b43c7aa04bc78082b/pyobservablejs-0.0.0rc1-py3-none-any.whl,True,False,True
pyobservablejs,anywidget_dependency_observed,2026-06-02T16:35:10.090902Z,0.0.0rc1,dependency_observation_only,https://pypi.org/pypi/pyobservablejs/0.0.0rc1/json,True,False,True
cloudposterior,first_extant_package_release,2026-06-04T17:44:19.797764Z,0.6.0a1,exact_upload_of_available_release,https://pypi.org/project/cloudposterior/,True,False,True
cloudposterior,custom_widget_present_by,2026-06-04T17:44:19.797764Z,0.6.0a1,observed_by,https://files.pythonhosted.org/packages/36/be/187f48161ab0a700e2bbca12e4f05b1508c957c6d91d1e0c24db43ba2871/cloudposterior-0.6.0a1-py3-none-any.whl,True,False,True
cloudposterior,anywidget_implementation_present_by,2026-06-04T17:44:19.797764Z,0.6.0a1,observed_by,https://files.pythonhosted.org/packages/36/be/187f48161ab0a700e2bbca12e4f05b1508c957c6d91d1e0c24db43ba2871/cloudposterior-0.6.0a1-py3-none-any.whl,True,False,True
cloudposterior,anywidget_dependency_observed,2026-06-04T17:44:19.797764Z,0.6.0a1,dependency_observation_only,https://pypi.org/pypi/cloudposterior/0.6.0a1/json,True,False,True
pfund-plot,custom_widget_present_by,2026-06-05T14:49:56.550649Z,0.0.1,observed_by,https://files.pythonhosted.org/packages/38/d3/989d69a7415f39d547bf70a821bd6b350a27036f053e2bd7163706118793/pfund_plot-0.0.1-py3-none-any.whl,False,False,True
pfund-plot,anywidget_implementation_present_by,2026-06-05T14:49:56.550649Z,0.0.1,observed_by,https://files.pythonhosted.org/packages/38/d3/989d69a7415f39d547bf70a821bd6b350a27036f053e2bd7163706118793/pfund_plot-0.0.1-py3-none-any.whl,False,False,True
pfund-plot,anywidget_dependency_observed,2026-06-05T14:49:56.550649Z,0.0.1,dependency_observation_only,https://pypi.org/pypi/pfund-plot/0.0.1/json,False,False,True
deq,first_extant_package_release,2026-06-06T01:30:32.828591Z,0.0.0,exact_upload_of_available_release,https://pypi.org/project/deq/,False,False,True
deq,anywidget_dependency_observed,2026-06-06T20:47:16.181150Z,0.3.0,dependency_observation_only,https://pypi.org/pypi/deq/0.3.0/json,False,False,True
deq,custom_widget_present_by,2026-06-06T20:47:17.524278Z,0.3.0,observed_by,https://files.pythonhosted.org/packages/65/c1/ffb80509b32d1f76fe42681bc76f6c09fccb090334d7869b8fee2baba9fb/deq-0.3.0-py3-none-any.whl,False,False,True
deq,anywidget_implementation_present_by,2026-06-06T20:47:17.524278Z,0.3.0,observed_by,https://files.pythonhosted.org/packages/65/c1/ffb80509b32d1f76fe42681bc76f6c09fccb090334d7869b8fee2baba9fb/deq-0.3.0-py3-none-any.whl,False,False,True
chartout,anywidget_dependency_observed,2026-06-12T22:41:16.018072Z,1.0.0a1,dependency_observation_only,https://pypi.org/pypi/chartout/1.0.0a1/json,True,False,True
patinae,first_extant_package_release,2026-06-13T20:59:30.944232Z,0.4.0,exact_upload_of_available_release,https://pypi.org/project/patinae/,False,False,True
patinae,anywidget_dependency_observed,2026-06-13T20:59:30.944232Z,0.4.0,dependency_observation_only,https://pypi.org/pypi/patinae/0.4.0/json,False,False,True
patinae,custom_widget_present_by,2026-06-13T21:00:02.773059Z,0.4.0,observed_by,https://files.pythonhosted.org/packages/86/1d/e399741914ba95a1a579fc102000623e7106561d0083cd32b85aa6f3baaf/patinae-0.4.0-cp314-cp314-win_arm64.whl,False,False,True
patinae,anywidget_implementation_present_by,2026-06-13T21:00:02.773059Z,0.4.0,observed_by,https://files.pythonhosted.org/packages/86/1d/e399741914ba95a1a579fc102000623e7106561d0083cd32b85aa6f3baaf/patinae-0.4.0-cp314-cp314-win_arm64.whl,False,False,True
rainbow-tensor,first_extant_package_release,2026-06-16T02:01:50.924303Z,0.2.1,exact_upload_of_available_release,https://pypi.org/project/rainbow-tensor/,False,False,True
reglscatterpy,first_extant_package_release,2026-06-19T09:03:34.622489Z,0.4.0,exact_upload_of_available_release,https://pypi.org/project/reglscatterpy/,False,False,True
reglscatterpy,custom_widget_present_by,2026-06-19T09:03:34.622489Z,0.4.0,observed_by,https://files.pythonhosted.org/packages/e0/e9/c91a7a951584e885fddf2272bad8c5b1746681773ba4c2eed733167bdd4f/reglscatterpy-0.4.0-py3-none-any.whl,False,False,True
reglscatterpy,anywidget_implementation_present_by,2026-06-19T09:03:34.622489Z,0.4.0,observed_by,https://files.pythonhosted.org/packages/e0/e9/c91a7a951584e885fddf2272bad8c5b1746681773ba4c2eed733167bdd4f/reglscatterpy-0.4.0-py3-none-any.whl,False,False,True
reglscatterpy,anywidget_dependency_observed,2026-06-19T09:03:34.622489Z,0.4.0,dependency_observation_only,https://pypi.org/pypi/reglscatterpy/0.4.0/json,False,False,True
trrack-widget,first_extant_package_release,2026-06-24T03:58:13.905213Z,0.0.1a1,exact_upload_of_available_release,https://pypi.org/project/trrack-widget/,True,False,True
trrack-widget,custom_widget_present_by,2026-06-24T03:58:13.905213Z,0.0.1a1,observed_by,https://files.pythonhosted.org/packages/e7/6e/329e2f656a26768cb97ecda11bcc5b51ebec723f0b3921f22958797433e7/trrack_widget-0.0.1a1-py3-none-any.whl,True,False,True
trrack-widget,anywidget_implementation_present_by,2026-06-24T03:58:13.905213Z,0.0.1a1,observed_by,https://files.pythonhosted.org/packages/e7/6e/329e2f656a26768cb97ecda11bcc5b51ebec723f0b3921f22958797433e7/trrack_widget-0.0.1a1-py3-none-any.whl,True,False,True
trrack-widget,anywidget_dependency_observed,2026-06-24T03:58:13.905213Z,0.0.1a1,dependency_observation_only,https://pypi.org/pypi/trrack-widget/0.0.1a1/json,True,False,True
chemiscope,anywidget_implementation_present_by,2026-06-28T10:22:38.902574Z,1.1.0,observed_by,https://files.pythonhosted.org/packages/ca/5d/159143b0a7b4f0997460aad7d2a82d7456eb3523844ea6d1debb7013308b/chemiscope-1.1.0-py3-none-any.whl,False,False,True
chemiscope,anywidget_dependency_observed,2026-06-28T10:22:38.902574Z,1.1.0,dependency_observation_only,https://pypi.org/pypi/chemiscope/1.1.0/json,False,False,True
anyplotlib,first_extant_package_release,2026-06-29T18:55:54.184539Z,0.1.0b1,exact_upload_of_available_release,https://pypi.org/project/anyplotlib/,True,False,True
anyplotlib,custom_widget_present_by,2026-06-29T18:55:54.184539Z,0.1.0b1,observed_by,https://files.pythonhosted.org/packages/15/e7/5f404e6b555be9006b60f4855c0b7322daceab67ab46da9ab64f900c0dbb/anyplotlib-0.1.0b1-py3-none-any.whl,True,False,True
anyplotlib,anywidget_implementation_present_by,2026-06-29T18:55:54.184539Z,0.1.0b1,observed_by,https://files.pythonhosted.org/packages/15/e7/5f404e6b555be9006b60f4855c0b7322daceab67ab46da9ab64f900c0dbb/anyplotlib-0.1.0b1-py3-none-any.whl,True,False,True
anyplotlib,anywidget_dependency_observed,2026-06-29T18:55:54.184539Z,0.1.0b1,dependency_observation_only,https://pypi.org/pypi/anyplotlib/0.1.0b1/json,True,False,True
geoxplain,first_extant_package_release,2026-06-29T20:41:32.041419Z,1.0.0,exact_upload_of_available_release,https://pypi.org/project/geoxplain/,False,False,True
geoxplain,custom_widget_present_by,2026-06-29T20:41:32.041419Z,1.0.0,observed_by,https://files.pythonhosted.org/packages/10/33/ee63381499a6e80fbe8b04c6e5c5c9a52eef7bec7719218b1371a3517663/geoxplain-1.0.0-py3-none-any.whl,False,False,True
geoxplain,anywidget_implementation_present_by,2026-06-29T20:41:32.041419Z,1.0.0,observed_by,https://files.pythonhosted.org/packages/10/33/ee63381499a6e80fbe8b04c6e5c5c9a52eef7bec7719218b1371a3517663/geoxplain-1.0.0-py3-none-any.whl,False,False,True
geoxplain,anywidget_dependency_observed,2026-06-29T20:41:32.041419Z,1.0.0,dependency_observation_only,https://pypi.org/pypi/geoxplain/1.0.0/json,False,False,True
habemus-papadum-rfb,first_extant_package_release,2026-07-02T12:27:05.999587Z,0.1.0,exact_upload_of_available_release,https://pypi.org/project/habemus-papadum-rfb/,False,False,True
habemus-papadum-rfb,custom_widget_present_by,2026-07-02T12:27:05.999587Z,0.1.0,observed_by,https://files.pythonhosted.org/packages/03/f9/7e4f9e543eaa06f816cad7d60679e5f40bd40d60b5900c4c8799c601f678/habemus_papadum_rfb-0.1.0-py3-none-any.whl,False,False,True
habemus-papadum-rfb,anywidget_implementation_present_by,2026-07-02T12:27:05.999587Z,0.1.0,observed_by,https://files.pythonhosted.org/packages/03/f9/7e4f9e543eaa06f816cad7d60679e5f40bd40d60b5900c4c8799c601f678/habemus_papadum_rfb-0.1.0-py3-none-any.whl,False,False,True
habemus-papadum-rfb,anywidget_dependency_observed,2026-07-02T12:27:05.999587Z,0.1.0,dependency_observation_only,https://pypi.org/pypi/habemus-papadum-rfb/0.1.0/json,False,False,True
airy-spot-widget,first_extant_package_release,2026-07-07T10:41:35.376763Z,0.1.0,exact_upload_of_available_release,https://pypi.org/project/airy-spot-widget/,False,False,True
airy-spot-widget,custom_widget_present_by,2026-07-07T10:41:35.376763Z,0.1.0,observed_by,https://files.pythonhosted.org/packages/a5/9c/579b0a647c4b20db2f4f511f8bf2b239ec8043f6916414f85be13da3a6f6/airy_spot_widget-0.1.0-py3-none-any.whl,False,False,True
airy-spot-widget,anywidget_implementation_present_by,2026-07-07T10:41:35.376763Z,0.1.0,observed_by,https://files.pythonhosted.org/packages/a5/9c/579b0a647c4b20db2f4f511f8bf2b239ec8043f6916414f85be13da3a6f6/airy_spot_widget-0.1.0-py3-none-any.whl,False,False,True
airy-spot-widget,anywidget_dependency_observed,2026-07-07T10:41:35.376763Z,0.1.0,dependency_observation_only,https://pypi.org/pypi/airy-spot-widget/0.1.0/json,False,False,True
jswidget,first_extant_package_release,2026-07-07T12:35:43.483152Z,0.1.0,exact_upload_of_available_release,https://pypi.org/project/jswidget/,False,False,True
jswidget,custom_widget_present_by,2026-07-07T12:35:43.483152Z,0.1.0,observed_by,https://files.pythonhosted.org/packages/c5/51/8c371ec0ac5be9da2b7ada756df0c41cb7fc5cff5e42e74c4e59b6e632e8/jswidget-0.1.0-py3-none-any.whl,False,False,True
jswidget,anywidget_implementation_present_by,2026-07-07T12:35:43.483152Z,0.1.0,observed_by,https://files.pythonhosted.org/packages/c5/51/8c371ec0ac5be9da2b7ada756df0c41cb7fc5cff5e42e74c4e59b6e632e8/jswidget-0.1.0-py3-none-any.whl,False,False,True
jswidget,anywidget_dependency_observed,2026-07-07T12:35:43.483152Z,0.1.0,dependency_observation_only,https://pypi.org/pypi/jswidget/0.1.0/json,False,False,True
imandrax-tools,custom_widget_present_by,2026-07-13T11:55:12.851001Z,20.3.0,observed_by,https://files.pythonhosted.org/packages/b8/29/bb12cbd1ae480ad421cb633f6f2f5dd06cbcc1728a36d53ced5a2e6fba0a/imandrax_tools-20.3.0-py3-none-any.whl,False,False,True
imandrax-tools,anywidget_implementation_present_by,2026-07-13T11:55:12.851001Z,20.3.0,observed_by,https://files.pythonhosted.org/packages/b8/29/bb12cbd1ae480ad421cb633f6f2f5dd06cbcc1728a36d53ced5a2e6fba0a/imandrax_tools-20.3.0-py3-none-any.whl,False,False,True
imandrax-tools,anywidget_dependency_observed,2026-07-13T11:55:12.851001Z,20.3.0,dependency_observation_only,https://pypi.org/pypi/imandrax-tools/20.3.0/json,False,False,True
maia-waterfall-widget,first_extant_package_release,2026-07-13T17:17:46.418295Z,0.1.0,exact_upload_of_available_release,https://pypi.org/project/maia-waterfall-widget/,False,False,True
maia-waterfall-widget,custom_widget_present_by,2026-07-13T17:17:46.418295Z,0.1.0,observed_by,https://files.pythonhosted.org/packages/5c/55/bb98ca08e82255a07553f8fab6f0eef745edabe3d39cf7fec541ba8b5d16/maia_waterfall_widget-0.1.0-py3-none-any.whl,False,False,True
maia-waterfall-widget,anywidget_implementation_present_by,2026-07-13T17:17:46.418295Z,0.1.0,observed_by,https://files.pythonhosted.org/packages/5c/55/bb98ca08e82255a07553f8fab6f0eef745edabe3d39cf7fec541ba8b5d16/maia_waterfall_widget-0.1.0-py3-none-any.whl,False,False,True
maia-waterfall-widget,anywidget_dependency_observed,2026-07-13T17:17:46.418295Z,0.1.0,dependency_observation_only,https://pypi.org/pypi/maia-waterfall-widget/0.1.0/json,False,False,True
manywidgets,first_extant_package_release,2026-07-14T05:08:24.525497Z,0.1.0,exact_upload_of_available_release,https://pypi.org/project/manywidgets/,False,False,True
manywidgets,custom_widget_present_by,2026-07-14T05:08:24.525497Z,0.1.0,observed_by,https://files.pythonhosted.org/packages/9b/2b/91dc43f7d0c2e3caadb1f1050972953430b9745a32bd4449a4af17edfa37/manywidgets-0.1.0-py3-none-any.whl,False,False,True
manywidgets,anywidget_implementation_present_by,2026-07-14T05:08:24.525497Z,0.1.0,observed_by,https://files.pythonhosted.org/packages/9b/2b/91dc43f7d0c2e3caadb1f1050972953430b9745a32bd4449a4af17edfa37/manywidgets-0.1.0-py3-none-any.whl,False,False,True
manywidgets,anywidget_dependency_observed,2026-07-14T05:08:24.525497Z,0.1.0,dependency_observation_only,https://pypi.org/pypi/manywidgets/0.1.0/json,False,False,True
anywidget-bundle,first_extant_package_release,2026-07-14T14:36:22.920032Z,0.0.0,exact_upload_of_available_release,https://pypi.org/project/anywidget-bundle/,False,False,True
compneurovis,first_extant_package_release,2026-07-14T19:37:23.724970Z,0.4.0a1,exact_upload_of_available_release,https://pypi.org/project/compneurovis/,True,False,True
compneurovis,custom_widget_present_by,2026-07-14T19:37:23.724970Z,0.4.0a1,observed_by,https://files.pythonhosted.org/packages/1d/97/f50508a5c9495bdd8587969a1ba874ea377e7a79df6f70018946163b58b6/compneurovis-0.4.0a1-py3-none-any.whl,True,False,True
compneurovis,anywidget_implementation_present_by,2026-07-14T19:37:23.724970Z,0.4.0a1,observed_by,https://files.pythonhosted.org/packages/1d/97/f50508a5c9495bdd8587969a1ba874ea377e7a79df6f70018946163b58b6/compneurovis-0.4.0a1-py3-none-any.whl,True,False,True
compneurovis,anywidget_dependency_observed,2026-07-14T19:37:23.724970Z,0.4.0a1,dependency_observation_only,https://pypi.org/pypi/compneurovis/0.4.0a1/json,True,False,True
anywidget-bundle,custom_widget_present_by,2026-07-15T17:36:03.544246Z,0.0.1rc1,observed_by,https://files.pythonhosted.org/packages/9d/1e/e45a03ca9de9c4ca121f9b4c20492b77503ea9a1521a5496ae874a5ff837/anywidget_bundle-0.0.1rc1-py3-none-any.whl,True,False,True
anywidget-bundle,anywidget_implementation_present_by,2026-07-15T17:36:03.544246Z,0.0.1rc1,observed_by,https://files.pythonhosted.org/packages/9d/1e/e45a03ca9de9c4ca121f9b4c20492b77503ea9a1521a5496ae874a5ff837/anywidget_bundle-0.0.1rc1-py3-none-any.whl,True,False,True
anywidget-bundle,anywidget_dependency_observed,2026-07-15T17:36:03.544246Z,0.0.1rc1,dependency_observation_only,https://pypi.org/pypi/anywidget-bundle/0.0.1rc1/json,True,False,True
anywidget-mcp,first_extant_package_release,2026-07-16T06:40:59.128600Z,0.0.0,exact_upload_of_available_release,https://pypi.org/project/anywidget-mcp/,False,False,True
anywidget-mcp,anywidget_dependency_observed,2026-07-16T07:15:53.580676Z,0.0.1rc1,dependency_observation_only,https://pypi.org/pypi/anywidget-mcp/0.0.1rc1/json,True,False,True
marimo-lens,first_extant_package_release,2026-07-16T11:39:28.529008Z,0.0.0rc1,exact_upload_of_available_release,https://pypi.org/project/marimo-lens/,True,False,True
anywidget-mcp,custom_widget_present_by,2026-07-16T14:29:18.179815Z,0.0.1rc3,observed_by,https://files.pythonhosted.org/packages/f4/2c/d9cd00223577950efc0a56ce68f210d269a1ca4991d9ad8fdbebf3c07a38/anywidget_mcp-0.0.1rc3-py3-none-any.whl,True,False,True
anywidget-mcp,anywidget_implementation_present_by,2026-07-16T14:29:18.179815Z,0.0.1rc3,observed_by,https://files.pythonhosted.org/packages/f4/2c/d9cd00223577950efc0a56ce68f210d269a1ca4991d9ad8fdbebf3c07a38/anywidget_mcp-0.0.1rc3-py3-none-any.whl,True,False,True
xy,first_extant_package_release,2026-07-17T03:56:31.438348Z,0.0.1,exact_upload_of_available_release,https://pypi.org/project/xy/,False,False,True
xy,anywidget_dependency_observed,2026-07-17T03:56:31.438348Z,0.0.1,dependency_observation_only,https://pypi.org/pypi/xy/0.0.1/json,False,False,True
xy,custom_widget_present_by,2026-07-17T03:56:33.823684Z,0.0.1,observed_by,https://files.pythonhosted.org/packages/14/8e/91664f28cfbe7b84b4fafc9007696f8f3afbdf69d99d1a4e6cf71300a58c/xy-0.0.1-py3-none-macosx_11_0_arm64.whl,False,False,True
xy,anywidget_implementation_present_by,2026-07-17T03:56:33.823684Z,0.0.1,observed_by,https://files.pythonhosted.org/packages/14/8e/91664f28cfbe7b84b4fafc9007696f8f3afbdf69d99d1a4e6cf71300a58c/xy-0.0.1-py3-none-macosx_11_0_arm64.whl,False,False,True
rendercanvas,custom_widget_present_by,2026-07-17T14:35:32.118419Z,2.7.0,observed_by,https://files.pythonhosted.org/packages/4d/a9/bbd474593e536859a8fd4468f1e4393f5723fc0cf216b9b6b7a8c2aa108b/rendercanvas-2.7.0-py3-none-any.whl,False,False,True
rendercanvas,anywidget_implementation_present_by,2026-07-17T14:35:32.118419Z,2.7.0,observed_by,https://files.pythonhosted.org/packages/4d/a9/bbd474593e536859a8fd4468f1e4393f5723fc0cf216b9b6b7a8c2aa108b/rendercanvas-2.7.0-py3-none-any.whl,False,False,True
rendercanvas,anywidget_dependency_observed,2026-07-17T14:35:32.118419Z,2.7.0,dependency_observation_only,https://pypi.org/pypi/rendercanvas/2.7.0/json,False,False,True
steps-widget,first_extant_package_release,2026-07-18T09:11:54.844213Z,0.1.18,exact_upload_of_available_release,https://pypi.org/project/steps-widget/,False,False,True
steps-widget,custom_widget_present_by,2026-07-18T09:11:54.844213Z,0.1.18,observed_by,https://files.pythonhosted.org/packages/89/a3/19aa2022aacaea4a65de532fa4d1ae1ffc6a545d0f83bcd07595aa3980bb/steps_widget-0.1.18-py3-none-any.whl,False,False,True
steps-widget,anywidget_implementation_present_by,2026-07-18T09:11:54.844213Z,0.1.18,observed_by,https://files.pythonhosted.org/packages/89/a3/19aa2022aacaea4a65de532fa4d1ae1ffc6a545d0f83bcd07595aa3980bb/steps_widget-0.1.18-py3-none-any.whl,False,False,True
steps-widget,anywidget_dependency_observed,2026-07-18T09:11:54.844213Z,0.1.18,dependency_observation_only,https://pypi.org/pypi/steps-widget/0.1.18/json,False,False,True
puzzle-widget,first_extant_package_release,2026-07-19T18:51:11.599675Z,0.1.6,exact_upload_of_available_release,https://pypi.org/project/puzzle-widget/,False,False,True
puzzle-widget,custom_widget_present_by,2026-07-19T18:51:11.599675Z,0.1.6,observed_by,https://files.pythonhosted.org/packages/47/0e/b863dd6ad3d093225225d589cc577d635faf13ab95ed73b3cd21b04189b9/puzzle_widget-0.1.6-py3-none-any.whl,False,False,True
puzzle-widget,anywidget_implementation_present_by,2026-07-19T18:51:11.599675Z,0.1.6,observed_by,https://files.pythonhosted.org/packages/47/0e/b863dd6ad3d093225225d589cc577d635faf13ab95ed73b3cd21b04189b9/puzzle_widget-0.1.6-py3-none-any.whl,False,False,True
puzzle-widget,anywidget_dependency_observed,2026-07-19T18:51:11.599675Z,0.1.6,dependency_observation_only,https://pypi.org/pypi/puzzle-widget/0.1.6/json,False,False,True
script-widget,first_extant_package_release,2026-07-20T11:30:17.852706Z,0.1.18,exact_upload_of_available_release,https://pypi.org/project/script-widget/,False,False,True
script-widget,custom_widget_present_by,2026-07-20T11:30:17.852706Z,0.1.18,observed_by,https://files.pythonhosted.org/packages/2c/58/e647cec9339fa8c13f7ec5e8e6ac99f1fc0cb495ebb70120dfaa4d8bdef5/script_widget-0.1.18-py3-none-any.whl,False,False,True
script-widget,anywidget_implementation_present_by,2026-07-20T11:30:17.852706Z,0.1.18,observed_by,https://files.pythonhosted.org/packages/2c/58/e647cec9339fa8c13f7ec5e8e6ac99f1fc0cb495ebb70120dfaa4d8bdef5/script_widget-0.1.18-py3-none-any.whl,False,False,True
script-widget,anywidget_dependency_observed,2026-07-20T11:30:17.852706Z,0.1.18,dependency_observation_only,https://pypi.org/pypi/script-widget/0.1.18/json,False,False,True
bqplot-image-gl,custom_widget_present_by,2026-07-21T09:19:47.746479Z,1.10.2,observed_by,https://files.pythonhosted.org/packages/64/71/4f873b4337b2d64daa4c07503600d62a597daf966a31d1f16e2ad22c72e8/bqplot_image_gl-1.10.2-py3-none-any.whl,False,True,True
here-search-demo,custom_widget_present_by,2026-07-22T06:46:21.070164Z,0.36.3,observed_by,https://files.pythonhosted.org/packages/aa/50/3af74dea78adff62ba13c9a34bc5ad86c238262941b3f50dfef14327bbcc/here_search_demo-0.36.3-py3-none-any.whl,False,False,True
here-search-demo,anywidget_implementation_present_by,2026-07-22T06:46:21.070164Z,0.36.3,observed_by,https://files.pythonhosted.org/packages/aa/50/3af74dea78adff62ba13c9a34bc5ad86c238262941b3f50dfef14327bbcc/here_search_demo-0.36.3-py3-none-any.whl,False,False,True
here-search-demo,anywidget_dependency_observed,2026-07-22T06:46:21.070164Z,0.36.3,dependency_observation_only,https://pypi.org/pypi/here-search-demo/0.36.3/json,False,False,True
marimo-lens,anywidget_dependency_observed,2026-07-23T14:57:55.284412Z,0.0.1,dependency_observation_only,https://pypi.org/pypi/marimo-lens/0.0.1/json,False,False,True
photonviz,first_extant_package_release,2026-07-25T19:55:43.916214Z,0.5.0,exact_upload_of_available_release,https://pypi.org/project/photonviz/,False,False,True
photonviz,custom_widget_present_by,2026-07-25T19:55:43.916214Z,0.5.0,observed_by,https://files.pythonhosted.org/packages/e3/d9/defb4cfa881fbaeec898a847cb53acdda0b95fb47d45e86915cd2c9a50d6/photonviz-0.5.0-py3-none-any.whl,False,False,True
photonviz,anywidget_implementation_present_by,2026-07-25T19:55:43.916214Z,0.5.0,observed_by,https://files.pythonhosted.org/packages/e3/d9/defb4cfa881fbaeec898a847cb53acdda0b95fb47d45e86915cd2c9a50d6/photonviz-0.5.0-py3-none-any.whl,False,False,True
photonviz,anywidget_dependency_observed,2026-07-25T19:55:43.916214Z,0.5.0,dependency_observation_only,https://pypi.org/pypi/photonviz/0.5.0/json,False,False,True
marimo-lens,custom_widget_present_by,2026-07-26T16:22:10.220947Z,0.0.3,observed_by,https://files.pythonhosted.org/packages/cb/87/157919c036b671e6bd445ae19873fd487590ec4b5923fb562fcb16e6b0d9/marimo_lens-0.0.3-py3-none-any.whl,False,False,True
marimo-lens,anywidget_implementation_present_by,2026-07-26T16:22:10.220947Z,0.0.3,observed_by,https://files.pythonhosted.org/packages/cb/87/157919c036b671e6bd445ae19873fd487590ec4b5923fb562fcb16e6b0d9/marimo_lens-0.0.3-py3-none-any.whl,False,False,True
perspective-python,anywidget_dependency_observed,2026-07-28T02:56:42.171726Z,5.0.0,dependency_observation_only,https://pypi.org/pypi/perspective-python/5.0.0/json,False,True,True
perspective-python,anywidget_implementation_present_by,2026-07-28T02:56:46.258011Z,5.0.0,observed_by,https://files.pythonhosted.org/packages/0b/dc/44fb22b19413e738eb47716c652b3ca736a26100452f7ea19d27171e562c/perspective_python-5.0.0-cp311-abi3-manylinux_2_28_aarch64.whl,False,True,True
em-database,first_extant_package_release,2026-07-28T13:35:12.692755Z,0.1.0,exact_upload_of_available_release,https://pypi.org/project/em-database/,False,False,True
eee-project,first_extant_package_release,2026-07-29T18:47:18.938106Z,1.0.0,exact_upload_of_available_release,https://pypi.org/project/eee-project/,False,False,True
eee-project,custom_widget_present_by,2026-07-29T18:47:18.938106Z,1.0.0,observed_by,https://files.pythonhosted.org/packages/07/5b/72085e4818e3c46e11bae56e2ea5cbf13f983b52f1acf22161264193e1fd/eee_project-1.0.0-py3-none-any.whl,False,False,True
eee-project,anywidget_implementation_present_by,2026-07-29T18:47:18.938106Z,1.0.0,observed_by,https://files.pythonhosted.org/packages/07/5b/72085e4818e3c46e11bae56e2ea5cbf13f983b52f1acf22161264193e1fd/eee_project-1.0.0-py3-none-any.whl,False,False,True
eee-project,anywidget_dependency_observed,2026-07-29T18:47:18.938106Z,1.0.0,dependency_observation_only,https://pypi.org/pypi/eee-project/1.0.0/json,False,False,True
network-graph-viewer,first_extant_package_release,2026-07-31T08:51:06.220345Z,0.1.0,exact_upload_of_available_release,https://pypi.org/project/network-graph-viewer/,False,False,True
network-graph-viewer,custom_widget_present_by,2026-07-31T08:51:06.220345Z,0.1.0,observed_by,https://files.pythonhosted.org/packages/c5/9e/755a690e89dad529c976d117f50aadadedce602500268b18c1b00e516355/network_graph_viewer-0.1.0-py3-none-any.whl,False,False,True
network-graph-viewer,anywidget_implementation_present_by,2026-07-31T08:51:06.220345Z,0.1.0,observed_by,https://files.pythonhosted.org/packages/c5/9e/755a690e89dad529c976d117f50aadadedce602500268b18c1b00e516355/network_graph_viewer-0.1.0-py3-none-any.whl,False,False,True
network-graph-viewer,anywidget_dependency_observed,2026-07-31T08:51:06.220345Z,0.1.0,dependency_observation_only,https://pypi.org/pypi/network-graph-viewer/0.1.0/json,False,False,True
gtrace,custom_widget_present_by,2026-08-03T03:19:41.113309Z,0.3.0,observed_by,https://files.pythonhosted.org/packages/1d/e0/05ae40cfbb25313f5072d8434d86c68558f16e7ea7c51d0a0df2dc0de21b/gtrace-0.3.0-py3-none-any.whl,False,False,True
gtrace,anywidget_implementation_present_by,2026-08-03T03:19:41.113309Z,0.3.0,observed_by,https://files.pythonhosted.org/packages/1d/e0/05ae40cfbb25313f5072d8434d86c68558f16e7ea7c51d0a0df2dc0de21b/gtrace-0.3.0-py3-none-any.whl,False,False,True
gtrace,anywidget_dependency_observed,2026-08-03T03:19:41.113309Z,0.3.0,dependency_observation_only,https://pypi.org/pypi/gtrace/0.3.0/json,False,False,True
sandbox-widget,first_extant_package_release,2026-08-03T06:35:08.796838Z,1.0.5,exact_upload_of_available_release,https://pypi.org/project/sandbox-widget/,False,False,True
sandbox-widget,custom_widget_present_by,2026-08-03T06:35:08.796838Z,1.0.5,observed_by,https://files.pythonhosted.org/packages/c0/06/621c003a6044162f6fefcd093bcdd6b8152abb139e20afc8e5713484d711/sandbox_widget-1.0.5-py3-none-any.whl,False,False,True
sandbox-widget,anywidget_implementation_present_by,2026-08-03T06:35:08.796838Z,1.0.5,observed_by,https://files.pythonhosted.org/packages/c0/06/621c003a6044162f6fefcd093bcdd6b8152abb139e20afc8e5713484d711/sandbox_widget-1.0.5-py3-none-any.whl,False,False,True
sandbox-widget,anywidget_dependency_observed,2026-08-03T06:35:08.796838Z,1.0.5,dependency_observation_only,https://pypi.org/pypi/sandbox-widget/1.0.5/json,False,False,True
anywidget-kanban-board,first_extant_package_release,2026-08-04T15:47:44.363671Z,0.1.0,exact_upload_of_available_release,https://pypi.org/project/anywidget-kanban-board/,False,False,True
anywidget-kanban-board,custom_widget_present_by,2026-08-04T15:47:44.363671Z,0.1.0,observed_by,https://files.pythonhosted.org/packages/d1/ad/54b588b3ed3c5e6eb5886bd99fef0aa6d7e15eec5865e1d1c3f0ac76adbb/anywidget_kanban_board-0.1.0-py3-none-any.whl,False,False,True
anywidget-kanban-board,anywidget_implementation_present_by,2026-08-04T15:47:44.363671Z,0.1.0,observed_by,https://files.pythonhosted.org/packages/d1/ad/54b588b3ed3c5e6eb5886bd99fef0aa6d7e15eec5865e1d1c3f0ac76adbb/anywidget_kanban_board-0.1.0-py3-none-any.whl,False,False,True
anywidget-kanban-board,anywidget_dependency_observed,2026-08-04T15:47:44.363671Z,0.1.0,dependency_observation_only,https://pypi.org/pypi/anywidget-kanban-board/0.1.0/json,False,False,True
cesiumkit,custom_widget_present_by,2026-08-04T18:40:47.411921Z,0.5.0,observed_by,https://files.pythonhosted.org/packages/71/4e/dd6a8ebbcc418990446fe1b74ade14e675052a5ee1a8236ba69f25c1ec04/cesiumkit-0.5.0-py3-none-any.whl,False,False,True
cesiumkit,anywidget_implementation_present_by,2026-08-04T18:40:47.411921Z,0.5.0,observed_by,https://files.pythonhosted.org/packages/71/4e/dd6a8ebbcc418990446fe1b74ade14e675052a5ee1a8236ba69f25c1ec04/cesiumkit-0.5.0-py3-none-any.whl,False,False,True
cesiumkit,anywidget_dependency_observed,2026-08-04T18:40:47.411921Z,0.5.0,dependency_observation_only,https://pypi.org/pypi/cesiumkit/0.5.0/json,False,False,True
loman,custom_widget_present_by,2026-08-04T21:49:15.011333Z,0.6.1a1,observed_by,https://files.pythonhosted.org/packages/b1/15/fd186361bd23ab4508deff055b58469f42715bd0d2bc438b3debf6bb635d/loman-0.6.1a1-py3-none-any.whl,True,False,True
loman,anywidget_implementation_present_by,2026-08-04T21:49:15.011333Z,0.6.1a1,observed_by,https://files.pythonhosted.org/packages/b1/15/fd186361bd23ab4508deff055b58469f42715bd0d2bc438b3debf6bb635d/loman-0.6.1a1-py3-none-any.whl,True,False,True
loman,anywidget_dependency_observed,2026-08-04T21:49:15.011333Z,0.6.1a1,dependency_observation_only,https://pypi.org/pypi/loman/0.6.1a1/json,True,False,True
picogym,first_extant_package_release,2026-08-07T18:03:53.673079Z,0.0.5,exact_upload_of_available_release,https://pypi.org/project/picogym/,False,False,True
picogym,custom_widget_present_by,2026-08-07T18:03:53.673079Z,0.0.5,observed_by,https://files.pythonhosted.org/packages/06/6d/a3efa2c24e8d425cb95780dd5394b0a4239aa0290e8e28b9329c1e1c6bf6/picogym-0.0.5-py3-none-any.whl,False,False,True
picogym,anywidget_implementation_present_by,2026-08-07T18:03:53.673079Z,0.0.5,observed_by,https://files.pythonhosted.org/packages/06/6d/a3efa2c24e8d425cb95780dd5394b0a4239aa0290e8e28b9329c1e1c6bf6/picogym-0.0.5-py3-none-any.whl,False,False,True
picogym,anywidget_dependency_observed,2026-08-07T18:03:53.673079Z,0.0.5,dependency_observation_only,https://pypi.org/pypi/picogym/0.0.5/json,False,False,True
tlakit,first_extant_package_release,2026-08-08T05:03:42.955545Z,0.0.1,exact_upload_of_available_release,https://pypi.org/project/tlakit/,False,False,True
tlakit,custom_widget_present_by,2026-08-09T08:05:34.952130Z,0.1.1,observed_by,https://files.pythonhosted.org/packages/0b/49/efadbf1380fcf7a5bb3840f8cab8f9be3b10422abd095da737e8349a1bea/tlakit-0.1.1-py3-none-any.whl,False,False,True
tlakit,anywidget_implementation_present_by,2026-08-09T08:05:34.952130Z,0.1.1,observed_by,https://files.pythonhosted.org/packages/0b/49/efadbf1380fcf7a5bb3840f8cab8f9be3b10422abd095da737e8349a1bea/tlakit-0.1.1-py3-none-any.whl,False,False,True
tlakit,anywidget_dependency_observed,2026-08-09T08:05:34.952130Z,0.1.1,dependency_observation_only,https://pypi.org/pypi/tlakit/0.1.1/json,False,False,True
deeporigin,custom_widget_present_by,2026-08-12T13:34:29.313722Z,5.1.0,observed_by,https://files.pythonhosted.org/packages/ff/7c/dc7e37703362f6dba8cb30b39d99f3dfc999da7cf1e8a5362db0921c198c/deeporigin-5.1.0-py2.py3-none-any.whl,False,False,True
deeporigin,anywidget_implementation_present_by,2026-08-12T13:34:29.313722Z,5.1.0,observed_by,https://files.pythonhosted.org/packages/ff/7c/dc7e37703362f6dba8cb30b39d99f3dfc999da7cf1e8a5362db0921c198c/deeporigin-5.1.0-py2.py3-none-any.whl,False,False,True
deeporigin,anywidget_dependency_observed,2026-08-12T13:34:29.313722Z,5.1.0,dependency_observation_only,https://pypi.org/pypi/deeporigin/5.1.0/json,False,False,True
anywidget-bloodhound,first_extant_package_release,2026-08-13T10:58:07.391282Z,0.0.1,exact_upload_of_available_release,https://pypi.org/project/anywidget-bloodhound/,False,False,True
anywidget-bloodhound,custom_widget_present_by,2026-08-13T10:58:07.391282Z,0.0.1,observed_by,https://files.pythonhosted.org/packages/16/12/98a961e6fd27cc97de0f964bd6aaf6de56db121ed7be92e59289dee4898f/anywidget_bloodhound-0.0.1-py3-none-any.whl,False,False,True
anywidget-bloodhound,anywidget_implementation_present_by,2026-08-13T10:58:07.391282Z,0.0.1,observed_by,https://files.pythonhosted.org/packages/16/12/98a961e6fd27cc97de0f964bd6aaf6de56db121ed7be92e59289dee4898f/anywidget_bloodhound-0.0.1-py3-none-any.whl,False,False,True
anywidget-bloodhound,anywidget_dependency_observed,2026-08-13T10:58:07.391282Z,0.0.1,dependency_observation_only,https://pypi.org/pypi/anywidget-bloodhound/0.0.1/json,False,False,True
plotomics,first_extant_package_release,2026-08-14T00:14:54.691149Z,0.1.0,exact_upload_of_available_release,https://pypi.org/project/plotomics/,False,False,True
plotomics,custom_widget_present_by,2026-08-14T00:14:54.691149Z,0.1.0,observed_by,https://files.pythonhosted.org/packages/69/66/cd0438caa26c37d7e27b3bf5f0a0258cfdfe0803474d07d8b8eb7a7ad61c/plotomics-0.1.0-py3-none-any.whl,False,False,True
plotomics,anywidget_implementation_present_by,2026-08-14T00:14:54.691149Z,0.1.0,observed_by,https://files.pythonhosted.org/packages/69/66/cd0438caa26c37d7e27b3bf5f0a0258cfdfe0803474d07d8b8eb7a7ad61c/plotomics-0.1.0-py3-none-any.whl,False,False,True
plotomics,anywidget_dependency_observed,2026-08-14T00:14:54.691149Z,0.1.0,dependency_observation_only,https://pypi.org/pypi/plotomics/0.1.0/json,False,False,True
marimol,first_extant_package_release,2026-08-14T21:56:14.188251Z,0.1.0,exact_upload_of_available_release,https://pypi.org/project/marimol/,False,False,True
marimol,custom_widget_present_by,2026-08-14T21:56:14.188251Z,0.1.0,observed_by,https://files.pythonhosted.org/packages/c8/d9/35947db6f8f2ea4836231d2a5ad33f99ceb8cab4b7724cae6a0af9151154/marimol-0.1.0-py3-none-any.whl,False,False,True
marimol,anywidget_implementation_present_by,2026-08-14T21:56:14.188251Z,0.1.0,observed_by,https://files.pythonhosted.org/packages/c8/d9/35947db6f8f2ea4836231d2a5ad33f99ceb8cab4b7724cae6a0af9151154/marimol-0.1.0-py3-none-any.whl,False,False,True
marimol,anywidget_dependency_observed,2026-08-14T21:56:14.188251Z,0.1.0,dependency_observation_only,https://pypi.org/pypi/marimol/0.1.0/json,False,False,True
transports,anywidget_dependency_observed,2026-08-17T02:13:27.848776Z,0.7.0,dependency_observation_only,https://pypi.org/pypi/transports/0.7.0/json,False,False,True
transports,custom_widget_present_by,2026-08-17T02:13:37.605150Z,0.7.0,observed_by,https://files.pythonhosted.org/packages/72/19/e0c13063f4a27bb579e9e6ebc0eb025d1f0a818d0f58d081a1a55d3ea62e/transports-0.7.0-cp314-cp314-pyemscripten_2026_0_wasm32.whl,False,False,True
transports,anywidget_implementation_present_by,2026-08-17T02:13:37.605150Z,0.7.0,observed_by,https://files.pythonhosted.org/packages/72/19/e0c13063f4a27bb579e9e6ebc0eb025d1f0a818d0f58d081a1a55d3ea62e/transports-0.7.0-cp314-cp314-pyemscripten_2026_0_wasm32.whl,False,False,True
mammos-entity,custom_widget_present_by,2026-08-17T10:52:18.761393Z,0.14.0,observed_by,https://files.pythonhosted.org/packages/5c/2a/d02175fc31d4ca110e2644d227255ab07e4597040519de4ce69f50cd2f2f/mammos_entity-0.14.0-py3-none-any.whl,False,False,True
mammos-entity,anywidget_implementation_present_by,2026-08-17T10:52:18.761393Z,0.14.0,observed_by,https://files.pythonhosted.org/packages/5c/2a/d02175fc31d4ca110e2644d227255ab07e4597040519de4ce69f50cd2f2f/mammos_entity-0.14.0-py3-none-any.whl,False,False,True
mammos-entity,anywidget_dependency_observed,2026-08-17T10:52:18.761393Z,0.14.0,dependency_observation_only,https://pypi.org/pypi/mammos-entity/0.14.0/json,False,False,True
sonoscope,first_extant_package_release,2026-08-19T18:18:03.591786Z,0.1.0,exact_upload_of_available_release,https://pypi.org/project/sonoscope/,False,False,True
sonoscope,custom_widget_present_by,2026-08-19T18:18:03.591786Z,0.1.0,observed_by,https://files.pythonhosted.org/packages/12/f8/2d19a44e186b5207519ed504157510148482d450b623ccd5c45c8d4ecd96/sonoscope-0.1.0-py3-none-any.whl,False,False,True
sonoscope,anywidget_implementation_present_by,2026-08-19T18:18:03.591786Z,0.1.0,observed_by,https://files.pythonhosted.org/packages/12/f8/2d19a44e186b5207519ed504157510148482d450b623ccd5c45c8d4ecd96/sonoscope-0.1.0-py3-none-any.whl,False,False,True
sonoscope,anywidget_dependency_observed,2026-08-19T18:18:03.591786Z,0.1.0,dependency_observation_only,https://pypi.org/pypi/sonoscope/0.1.0/json,False,False,True
longeron,first_extant_package_release,2026-08-19T20:35:40.907400Z,0.2.0,exact_upload_of_available_release,https://pypi.org/project/longeron/,False,False,True
longeron,custom_widget_present_by,2026-08-19T20:35:40.907400Z,0.2.0,observed_by,https://files.pythonhosted.org/packages/de/f2/111c79244be6fd414152bf2aeeb045ece4f8edb27ab9ec9cd385aadc5b60/longeron-0.2.0-py3-none-any.whl,False,False,True
longeron,anywidget_implementation_present_by,2026-08-19T20:35:40.907400Z,0.2.0,observed_by,https://files.pythonhosted.org/packages/de/f2/111c79244be6fd414152bf2aeeb045ece4f8edb27ab9ec9cd385aadc5b60/longeron-0.2.0-py3-none-any.whl,False,False,True
longeron,anywidget_dependency_observed,2026-08-19T20:35:40.907400Z,0.2.0,dependency_observation_only,https://pypi.org/pypi/longeron/0.2.0/json,False,False,True
cpt-anywidget,first_extant_package_release,2026-08-20T14:06:07.893997Z,0.1.0,exact_upload_of_available_release,https://pypi.org/project/cpt-anywidget/,False,False,True
cpt-anywidget,custom_widget_present_by,2026-08-20T14:06:07.893997Z,0.1.0,observed_by,https://files.pythonhosted.org/packages/2f/de/57a475ef19f795402f623cc14265eb6e20b4dd41f2531097ee9bba2854b5/cpt_anywidget-0.1.0-py3-none-any.whl,False,False,True
cpt-anywidget,anywidget_implementation_present_by,2026-08-20T14:06:07.893997Z,0.1.0,observed_by,https://files.pythonhosted.org/packages/2f/de/57a475ef19f795402f623cc14265eb6e20b4dd41f2531097ee9bba2854b5/cpt_anywidget-0.1.0-py3-none-any.whl,False,False,True
cpt-anywidget,anywidget_dependency_observed,2026-08-20T14:06:07.893997Z,0.1.0,dependency_observation_only,https://pypi.org/pypi/cpt-anywidget/0.1.0/json,False,False,True
em-database,custom_widget_present_by,2026-08-20T16:13:32.242675Z,0.3.0,observed_by,https://files.pythonhosted.org/packages/19/ab/39912c3cc77d4417f96df7bd5d7d67d0a3f63b774039ebad6b11556f82a0/em_database-0.3.0-py3-none-any.whl,False,False,True
em-database,anywidget_implementation_present_by,2026-08-20T16:13:32.242675Z,0.3.0,observed_by,https://files.pythonhosted.org/packages/19/ab/39912c3cc77d4417f96df7bd5d7d67d0a3f63b774039ebad6b11556f82a0/em_database-0.3.0-py3-none-any.whl,False,False,True
em-database,anywidget_dependency_observed,2026-08-20T16:13:32.242675Z,0.3.0,dependency_observation_only,https://pypi.org/pypi/em-database/0.3.0/json,False,False,True
ueler-viewer,first_extant_package_release,2026-08-20T17:22:02.680548Z,0.5.0,exact_upload_of_available_release,https://pypi.org/project/ueler-viewer/,False,False,True
ueler-viewer,custom_widget_present_by,2026-08-20T17:22:02.680548Z,0.5.0,observed_by,https://files.pythonhosted.org/packages/52/78/642f8f87e759743220561087915fa156cb2bc174bf7386d2488e785f19e9/ueler_viewer-0.5.0-py3-none-any.whl,False,False,True
ueler-viewer,anywidget_implementation_present_by,2026-08-20T17:22:02.680548Z,0.5.0,observed_by,https://files.pythonhosted.org/packages/52/78/642f8f87e759743220561087915fa156cb2bc174bf7386d2488e785f19e9/ueler_viewer-0.5.0-py3-none-any.whl,False,False,True
ueler-viewer,anywidget_dependency_observed,2026-08-20T17:22:02.680548Z,0.5.0,dependency_observation_only,https://pypi.org/pypi/ueler-viewer/0.5.0/json,False,False,True
pysimlin,anywidget_dependency_observed,2026-08-21T09:28:33.467909Z,0.8.4,dependency_observation_only,https://pypi.org/pypi/pysimlin/0.8.4/json,False,False,True
pysimlin,custom_widget_present_by,2026-08-21T09:28:58.687599Z,0.8.4,observed_by,https://files.pythonhosted.org/packages/b0/2c/8b957b93fb94447752cc6298a9a1ec413d44a82096ffd966f06f7a4abff2/pysimlin-0.8.4-cp314-cp314-macosx_11_0_arm64.whl,False,False,True
pysimlin,anywidget_implementation_present_by,2026-08-21T09:28:58.687599Z,0.8.4,observed_by,https://files.pythonhosted.org/packages/b0/2c/8b957b93fb94447752cc6298a9a1ec413d44a82096ffd966f06f7a4abff2/pysimlin-0.8.4-cp314-cp314-macosx_11_0_arm64.whl,False,False,True
anyupset,first_extant_package_release,2026-08-24T13:38:02.794192Z,0.1.0,exact_upload_of_available_release,https://pypi.org/project/anyupset/,False,False,True
anyupset,custom_widget_present_by,2026-08-24T13:38:02.794192Z,0.1.0,observed_by,https://files.pythonhosted.org/packages/4f/4f/97f3ac4b5505bad96e195db19919a71eccdba61def545c39da38408037f5/anyupset-0.1.0-py3-none-any.whl,False,False,True
anyupset,anywidget_implementation_present_by,2026-08-24T13:38:02.794192Z,0.1.0,observed_by,https://files.pythonhosted.org/packages/4f/4f/97f3ac4b5505bad96e195db19919a71eccdba61def545c39da38408037f5/anyupset-0.1.0-py3-none-any.whl,False,False,True
anyupset,anywidget_dependency_observed,2026-08-24T13:38:02.794192Z,0.1.0,dependency_observation_only,https://pypi.org/pypi/anyupset/0.1.0/json,False,False,True
spatial-rx,first_extant_package_release,2026-08-25T23:52:50.636212Z,0.1.0,exact_upload_of_available_release,https://pypi.org/project/spatial-rx/,False,False,True
spatial-rx,custom_widget_present_by,2026-08-25T23:52:50.636212Z,0.1.0,observed_by,https://files.pythonhosted.org/packages/39/ba/1d1e7d7eb600697f9de2ebd73af27acce69dfe87c1fd57d5c564eb429aca/spatial_rx-0.1.0-py3-none-any.whl,False,False,True
spatial-rx,anywidget_implementation_present_by,2026-08-25T23:52:50.636212Z,0.1.0,observed_by,https://files.pythonhosted.org/packages/39/ba/1d1e7d7eb600697f9de2ebd73af27acce69dfe87c1fd57d5c564eb429aca/spatial_rx-0.1.0-py3-none-any.whl,False,False,True
spatial-rx,anywidget_dependency_observed,2026-08-25T23:52:50.636212Z,0.1.0,dependency_observation_only,https://pypi.org/pypi/spatial-rx/0.1.0/json,False,False,True
k3d,anywidget_implementation_present_by,2026-08-28T06:12:39.026839Z,3.0.0,observed_by,https://files.pythonhosted.org/packages/8a/3f/40b3f02cac9e76683394c11feb0e44a20e8050f7d139d05983d98b0ae0df/k3d-3.0.0-py3-none-any.whl,False,True,True
k3d,anywidget_dependency_observed,2026-08-28T06:12:39.026839Z,3.0.0,dependency_observation_only,https://pypi.org/pypi/k3d/3.0.0/json,False,True,True
searchselect,first_extant_package_release,2026-08-30T14:56:10.435739Z,0.1.0,exact_upload_of_available_release,https://pypi.org/project/searchselect/,False,False,True
searchselect,custom_widget_present_by,2026-08-30T14:56:10.435739Z,0.1.0,observed_by,https://files.pythonhosted.org/packages/b4/53/92b07904b7a14298df296d1e73ab3e2c1ec6c50b1f99f26967c7f877a24e/searchselect-0.1.0-py3-none-any.whl,False,False,True
searchselect,anywidget_implementation_present_by,2026-08-30T14:56:10.435739Z,0.1.0,observed_by,https://files.pythonhosted.org/packages/b4/53/92b07904b7a14298df296d1e73ab3e2c1ec6c50b1f99f26967c7f877a24e/searchselect-0.1.0-py3-none-any.whl,False,False,True
searchselect,anywidget_dependency_observed,2026-08-30T14:56:10.435739Z,0.1.0,dependency_observation_only,https://pypi.org/pypi/searchselect/0.1.0/json,False,False,True
modist,first_extant_package_release,2026-09-01T05:49:21.571014Z,0.1.0,exact_upload_of_available_release,https://pypi.org/project/modist/,False,False,True
modist,custom_widget_present_by,2026-09-01T05:49:21.571014Z,0.1.0,observed_by,https://files.pythonhosted.org/packages/43/f1/69e069bc89b0de8e0e68731e3a8c13679dba0cfcc881424e54967c582251/modist-0.1.0-py3-none-any.whl,False,False,True
modist,anywidget_implementation_present_by,2026-09-01T05:49:21.571014Z,0.1.0,observed_by,https://files.pythonhosted.org/packages/43/f1/69e069bc89b0de8e0e68731e3a8c13679dba0cfcc881424e54967c582251/modist-0.1.0-py3-none-any.whl,False,False,True
modist,anywidget_dependency_observed,2026-09-01T05:49:21.571014Z,0.1.0,dependency_observation_only,https://pypi.org/pypi/modist/0.1.0/json,False,False,True
ipygeotiff,first_extant_package_release,2026-09-01T15:16:17.638224Z,0.1.0,exact_upload_of_available_release,https://pypi.org/project/ipygeotiff/,False,False,True
ipygeotiff,custom_widget_present_by,2026-09-01T15:16:20.044440Z,0.1.0,observed_by,https://files.pythonhosted.org/packages/17/76/1d375be1873214a4c3350e6283364dac9ce24ea103df51a4fd34438325ef/ipygeotiff-0.1.0-py3-none-any.whl,False,False,True
canvasxpress-anywidget,first_extant_package_release,2026-09-03T03:46:11.695546Z,0.1.0,exact_upload_of_available_release,https://pypi.org/project/canvasxpress-anywidget/,False,False,True
canvasxpress-anywidget,custom_widget_present_by,2026-09-03T03:46:11.695546Z,0.1.0,observed_by,https://files.pythonhosted.org/packages/a5/81/98f96dc7e4d29ade40e707bc8d27e03c19b6111086ff16588352f69c232f/canvasxpress_anywidget-0.1.0-py3-none-any.whl,False,False,True
canvasxpress-anywidget,anywidget_implementation_present_by,2026-09-03T03:46:11.695546Z,0.1.0,observed_by,https://files.pythonhosted.org/packages/a5/81/98f96dc7e4d29ade40e707bc8d27e03c19b6111086ff16588352f69c232f/canvasxpress_anywidget-0.1.0-py3-none-any.whl,False,False,True
canvasxpress-anywidget,anywidget_dependency_observed,2026-09-03T03:46:11.695546Z,0.1.0,dependency_observation_only,https://pypi.org/pypi/canvasxpress-anywidget/0.1.0/json,False,False,True
ipymovehub,first_extant_package_release,2026-09-03T14:30:54.123594Z,0.1.0,exact_upload_of_available_release,https://pypi.org/project/ipymovehub/,False,False,True
ipymovehub,custom_widget_present_by,2026-09-03T14:30:54.123594Z,0.1.0,observed_by,https://files.pythonhosted.org/packages/dd/4a/5769baa6b1388795abcaec3605ef780274e9013841172527e0eed66b98bb/ipymovehub-0.1.0-py3-none-any.whl,False,False,True
ipygis,first_extant_package_release,2026-09-04T07:41:19.447118Z,0.0.0,exact_upload_of_available_release,https://pypi.org/project/ipygis/,False,False,True
galaga-anywidget,first_extant_package_release,2026-09-05T23:23:53.633566Z,2.0.0a2,exact_upload_of_available_release,https://pypi.org/project/galaga-anywidget/,True,False,True
galaga-anywidget,anywidget_dependency_observed,2026-09-05T23:23:53.633566Z,2.0.0a2,dependency_observation_only,https://pypi.org/pypi/galaga-anywidget/2.0.0a2/json,True,False,True
galaga-anywidget,custom_widget_present_by,2026-09-05T23:23:54.856240Z,2.0.0a2,observed_by,https://files.pythonhosted.org/packages/59/13/4c412cdc6aa8b54c9a95fbb7509b50a74496e077c3c092e23a0ae2686b14/galaga_anywidget-2.0.0a2-py3-none-any.whl,True,False,True
galaga-anywidget,anywidget_implementation_present_by,2026-09-05T23:23:54.856240Z,2.0.0a2,observed_by,https://files.pythonhosted.org/packages/59/13/4c412cdc6aa8b54c9a95fbb7509b50a74496e077c3c092e23a0ae2686b14/galaga_anywidget-2.0.0a2-py3-none-any.whl,True,False,True
ipygis,custom_widget_present_by,2026-09-09T09:08:39.728255Z,0.1.0,observed_by,https://files.pythonhosted.org/packages/7a/96/2aac49a1bf0065eb3b69d2523276d8e2633c144ba280e14d99ba11dd3bed/ipygis-0.1.0-py3-none-any.whl,False,False,True
eclear,first_extant_package_release,2026-09-09T09:40:45.370870Z,0.1.0,exact_upload_of_available_release,https://pypi.org/project/eclear/,False,False,True
eclear,anywidget_dependency_observed,2026-09-09T09:40:45.370870Z,0.1.0,dependency_observation_only,https://pypi.org/pypi/eclear/0.1.0/json,False,False,True
eclear,custom_widget_present_by,2026-09-09T09:40:46.807276Z,0.1.0,observed_by,https://files.pythonhosted.org/packages/92/11/98da39f46cf311bf69d6628822b195a3fc1df38499559d9f228179523c35/eclear-0.1.0-py3-none-any.whl,False,False,True
eclear,anywidget_implementation_present_by,2026-09-09T09:40:46.807276Z,0.1.0,observed_by,https://files.pythonhosted.org/packages/92/11/98da39f46cf311bf69d6628822b195a3fc1df38499559d9f228179523c35/eclear-0.1.0-py3-none-any.whl,False,False,True
marimo-grader-client,first_extant_package_release,2026-09-11T16:12:16.840172Z,0.1.0,exact_upload_of_available_release,https://pypi.org/project/marimo-grader-client/,False,False,True
marimo-grader-client,custom_widget_present_by,2026-09-11T16:12:16.840172Z,0.1.0,observed_by,https://files.pythonhosted.org/packages/82/9b/8d1113d8b2e7c0171e90f8803e962edfbb86ccb79113931782496fec02f7/marimo_grader_client-0.1.0-py3-none-any.whl,False,False,True
marimo-grader-client,anywidget_implementation_present_by,2026-09-11T16:12:16.840172Z,0.1.0,observed_by,https://files.pythonhosted.org/packages/82/9b/8d1113d8b2e7c0171e90f8803e962edfbb86ccb79113931782496fec02f7/marimo_grader_client-0.1.0-py3-none-any.whl,False,False,True
marimo-grader-client,anywidget_dependency_observed,2026-09-11T16:12:16.840172Z,0.1.0,dependency_observation_only,https://pypi.org/pypi/marimo-grader-client/0.1.0/json,False,False,True
marimo-chem-widgets,first_extant_package_release,2026-09-11T23:38:57.394200Z,0.5.0,exact_upload_of_available_release,https://pypi.org/project/marimo-chem-widgets/,False,False,True
marimo-chem-widgets,custom_widget_present_by,2026-09-11T23:38:57.394200Z,0.5.0,observed_by,https://files.pythonhosted.org/packages/6f/a6/58aabcdccf6fa7d9e535d20c5cd78661e606a88aa106a280b2bbd99f6bec/marimo_chem_widgets-0.5.0-py3-none-any.whl,False,False,True
marimo-chem-widgets,anywidget_implementation_present_by,2026-09-11T23:38:57.394200Z,0.5.0,observed_by,https://files.pythonhosted.org/packages/6f/a6/58aabcdccf6fa7d9e535d20c5cd78661e606a88aa106a280b2bbd99f6bec/marimo_chem_widgets-0.5.0-py3-none-any.whl,False,False,True
marimo-chem-widgets,anywidget_dependency_observed,2026-09-11T23:38:57.394200Z,0.5.0,dependency_observation_only,https://pypi.org/pypi/marimo-chem-widgets/0.5.0/json,False,False,True
detailviews,first_extant_package_release,2026-09-15T02:58:11.075793Z,0.1.0,exact_upload_of_available_release,https://pypi.org/project/detailviews/,False,False,True
detailviews,custom_widget_present_by,2026-09-15T02:58:11.075793Z,0.1.0,observed_by,https://files.pythonhosted.org/packages/7e/3b/3a36227807f0337d327defca91d3efee0b938fb21297969d14f2cd3b498b/detailviews-0.1.0-py3-none-any.whl,False,False,True
detailviews,anywidget_implementation_present_by,2026-09-15T02:58:11.075793Z,0.1.0,observed_by,https://files.pythonhosted.org/packages/7e/3b/3a36227807f0337d327defca91d3efee0b938fb21297969d14f2cd3b498b/detailviews-0.1.0-py3-none-any.whl,False,False,True
detailviews,anywidget_dependency_observed,2026-09-15T02:58:11.075793Z,0.1.0,dependency_observation_only,https://pypi.org/pypi/detailviews/0.1.0/json,False,False,True
dlthub-start,custom_widget_present_by,2026-09-15T13:58:42.373466Z,0.10.8,observed_by,https://files.pythonhosted.org/packages/e8/b9/8b5b9f67c77ad2a8492c7682707e8e0b1d9a257e40020e18d1c424555cdd/dlthub_start-0.10.8-py3-none-any.whl,False,False,True
dlthub-start,anywidget_implementation_present_by,2026-09-15T13:58:42.373466Z,0.10.8,observed_by,https://files.pythonhosted.org/packages/e8/b9/8b5b9f67c77ad2a8492c7682707e8e0b1d9a257e40020e18d1c424555cdd/dlthub_start-0.10.8-py3-none-any.whl,False,False,True
marimo-pets,first_extant_package_release,2026-09-16T17:44:28.304308Z,0.1.0,exact_upload_of_available_release,https://pypi.org/project/marimo-pets/,False,False,True
marimo-pets,custom_widget_present_by,2026-09-16T17:44:28.304308Z,0.1.0,observed_by,https://files.pythonhosted.org/packages/cc/76/b3c10fdf67f5bf4da50c0d60ed60af23dfe3a411cf53aff9a52cf007dc50/marimo_pets-0.1.0-py3-none-any.whl,False,False,True
marimo-pets,anywidget_implementation_present_by,2026-09-16T17:44:28.304308Z,0.1.0,observed_by,https://files.pythonhosted.org/packages/cc/76/b3c10fdf67f5bf4da50c0d60ed60af23dfe3a411cf53aff9a52cf007dc50/marimo_pets-0.1.0-py3-none-any.whl,False,False,True
marimo-pets,anywidget_dependency_observed,2026-09-16T17:44:28.304308Z,0.1.0,dependency_observation_only,https://pypi.org/pypi/marimo-pets/0.1.0/json,False,False,True
genomeshader,anywidget_dependency_observed,2026-09-17T06:54:40.239955Z,0.3.0,dependency_observation_only,https://pypi.org/pypi/genomeshader/0.3.0/json,False,False,True
genomeshader,custom_widget_present_by,2026-09-17T06:54:42.867710Z,0.3.0,observed_by,https://files.pythonhosted.org/packages/4a/e2/35a7ec6f6aa86866bfd19d90c65dabc2210a8c02b2fae463e0cf3fc80ab7/genomeshader-0.3.0-cp37-abi3-macosx_11_0_arm64.whl,False,False,True
genomeshader,anywidget_implementation_present_by,2026-09-17T06:54:42.867710Z,0.3.0,observed_by,https://files.pythonhosted.org/packages/4a/e2/35a7ec6f6aa86866bfd19d90c65dabc2210a8c02b2fae463e0cf3fc80ab7/genomeshader-0.3.0-cp37-abi3-macosx_11_0_arm64.whl,False,False,True
anylumino,first_extant_package_release,2026-09-19T10:22:10.859997Z,0.1.0,exact_upload_of_available_release,https://pypi.org/project/anylumino/,False,False,True
anylumino,custom_widget_present_by,2026-09-19T10:22:10.859997Z,0.1.0,observed_by,https://files.pythonhosted.org/packages/b9/a2/c039a4bb16dd866bb75759ea60dcaa86c0e1e3a3db3edaeea4c41bea177d/anylumino-0.1.0-py3-none-any.whl,False,False,True
anylumino,anywidget_implementation_present_by,2026-09-19T10:22:10.859997Z,0.1.0,observed_by,https://files.pythonhosted.org/packages/b9/a2/c039a4bb16dd866bb75759ea60dcaa86c0e1e3a3db3edaeea4c41bea177d/anylumino-0.1.0-py3-none-any.whl,False,False,True
anylumino,anywidget_dependency_observed,2026-09-19T10:22:10.859997Z,0.1.0,dependency_observation_only,https://pypi.org/pypi/anylumino/0.1.0/json,False,False,True
rebound,custom_widget_present_by,2026-09-22T12:44:07.299912Z,5.2.0,observed_by,https://files.pythonhosted.org/packages/ef/b2/ec3c226f2634c58e85db0b9142b93aaca7a349374d4e6ae9b95b42c56e22/rebound-5.2.0-cp39-cp39-win32.whl,False,True,True
rainbow-tensor,custom_widget_present_by,2026-09-22T22:00:41.646471Z,1.3.0,observed_by,https://files.pythonhosted.org/packages/66/14/85121f209ac9c0cb024e74c9ff8fc6fa3f96ab1f265a04e4557c9bf8734b/rainbow_tensor-1.3.0-py3-none-any.whl,False,False,True
rainbow-tensor,anywidget_implementation_present_by,2026-09-22T22:00:41.646471Z,1.3.0,observed_by,https://files.pythonhosted.org/packages/66/14/85121f209ac9c0cb024e74c9ff8fc6fa3f96ab1f265a04e4557c9bf8734b/rainbow_tensor-1.3.0-py3-none-any.whl,False,False,True
rainbow-tensor,anywidget_dependency_observed,2026-09-22T22:00:41.646471Z,1.3.0,dependency_observation_only,https://pypi.org/pypi/rainbow-tensor/1.3.0/json,False,False,True
plopp,custom_widget_present_by,2026-09-23T14:14:32.495003Z,26.9.0,observed_by,https://files.pythonhosted.org/packages/7f/7e/8139f0faa2ff7aee2759300061e4b7e5e661775bcd5bf70810d0793af48a/plopp-26.9.0-py3-none-any.whl,False,False,True
plopp,anywidget_implementation_present_by,2026-09-23T14:14:32.495003Z,26.9.0,observed_by,https://files.pythonhosted.org/packages/7f/7e/8139f0faa2ff7aee2759300061e4b7e5e661775bcd5bf70810d0793af48a/plopp-26.9.0-py3-none-any.whl,False,False,True
plexgraph,first_extant_package_release,2026-09-24T14:27:49.153594Z,0.2.0,exact_upload_of_available_release,https://pypi.org/project/plexgraph/,False,False,True
plexgraph,custom_widget_present_by,2026-09-24T14:27:49.153594Z,0.2.0,observed_by,https://files.pythonhosted.org/packages/78/31/6b72e8e3b3b74180a9727e0a492d54fbf1ed3faa756e044c0b01711f8982/plexgraph-0.2.0-py3-none-any.whl,False,False,True
plexgraph,anywidget_implementation_present_by,2026-09-24T14:27:49.153594Z,0.2.0,observed_by,https://files.pythonhosted.org/packages/78/31/6b72e8e3b3b74180a9727e0a492d54fbf1ed3faa756e044c0b01711f8982/plexgraph-0.2.0-py3-none-any.whl,False,False,True
plexgraph,anywidget_dependency_observed,2026-09-24T14:27:49.153594Z,0.2.0,dependency_observation_only,https://pypi.org/pypi/plexgraph/0.2.0/json,False,False,True
pluot-widget,first_extant_package_release,2026-09-25T00:29:41.405718Z,0.0.1,exact_upload_of_available_release,https://pypi.org/project/pluot-widget/,False,False,True
pluot-widget,custom_widget_present_by,2026-09-25T00:29:41.405718Z,0.0.1,observed_by,https://files.pythonhosted.org/packages/82/46/3e89d00767db4f10ac9ecbca1290ccc8301da2fec60faae72b2ba6425a86/pluot_widget-0.0.1-py3-none-any.whl,False,False,True
pluot-widget,anywidget_implementation_present_by,2026-09-25T00:29:41.405718Z,0.0.1,observed_by,https://files.pythonhosted.org/packages/82/46/3e89d00767db4f10ac9ecbca1290ccc8301da2fec60faae72b2ba6425a86/pluot_widget-0.0.1-py3-none-any.whl,False,False,True
pluot-widget,anywidget_dependency_observed,2026-09-25T00:29:41.405718Z,0.0.1,dependency_observation_only,https://pypi.org/pypi/pluot-widget/0.0.1/json,False,False,True
molgfx,first_extant_package_release,2026-09-26T03:12:54.225518Z,0.1.0,exact_upload_of_available_release,https://pypi.org/project/molgfx/,False,False,True
molgfx,anywidget_dependency_observed,2026-09-26T03:12:54.225518Z,0.1.0,dependency_observation_only,https://pypi.org/pypi/molgfx/0.1.0/json,False,False,True
molgfx,custom_widget_present_by,2026-09-26T03:12:57.036350Z,0.1.0,observed_by,https://files.pythonhosted.org/packages/16/cd/557587afcf8822debf1acccee162a14a6c0e434f8d2d6b4711557cf5f1fc/molgfx-0.1.0-cp313-abi3-macosx_11_0_arm64.whl,False,False,True
molgfx,anywidget_implementation_present_by,2026-09-26T03:12:57.036350Z,0.1.0,observed_by,https://files.pythonhosted.org/packages/16/cd/557587afcf8822debf1acccee162a14a6c0e434f8d2d6b4711557cf5f1fc/molgfx-0.1.0-cp313-abi3-macosx_11_0_arm64.whl,False,False,True
naja-schematic,first_extant_package_release,2026-09-26T14:29:15.886503Z,0.1.0,exact_upload_of_available_release,https://pypi.org/project/naja-schematic/,False,False,True
naja-schematic,custom_widget_present_by,2026-09-26T14:29:15.886503Z,0.1.0,observed_by,https://files.pythonhosted.org/packages/87/6e/b21dedf3accd5219f6716081b78a7e2bb0b7b4b7b6a0a6b02bb2a90d5fb2/naja_schematic-0.1.0-py3-none-any.whl,False,False,True
naja-schematic,anywidget_implementation_present_by,2026-09-26T14:29:15.886503Z,0.1.0,observed_by,https://files.pythonhosted.org/packages/87/6e/b21dedf3accd5219f6716081b78a7e2bb0b7b4b7b6a0a6b02bb2a90d5fb2/naja_schematic-0.1.0-py3-none-any.whl,False,False,True
naja-schematic,anywidget_dependency_observed,2026-09-26T14:29:15.886503Z,0.1.0,dependency_observation_only,https://pypi.org/pypi/naja-schematic/0.1.0/json,False,False,True
bts-pivot,first_extant_package_release,2026-09-27T03:26:24.515473Z,0.20.0,exact_upload_of_available_release,https://pypi.org/project/bts-pivot/,False,False,True
bts-pivot,custom_widget_present_by,2026-09-27T03:26:24.515473Z,0.20.0,observed_by,https://files.pythonhosted.org/packages/3d/6c/2b556f294b4f932059ca67642b41231c97b1202e1d9a1401687ccf17798c/bts_pivot-0.20.0-py3-none-any.whl,False,False,True
bts-pivot,anywidget_implementation_present_by,2026-09-27T03:26:24.515473Z,0.20.0,observed_by,https://files.pythonhosted.org/packages/3d/6c/2b556f294b4f932059ca67642b41231c97b1202e1d9a1401687ccf17798c/bts_pivot-0.20.0-py3-none-any.whl,False,False,True
bts-pivot,anywidget_dependency_observed,2026-09-27T03:26:24.515473Z,0.20.0,dependency_observation_only,https://pypi.org/pypi/bts-pivot/0.20.0/json,False,False,True
xdggs,anywidget_dependency_observed,2026-09-29T10:15:17.490420Z,0.7.0,dependency_observation_only,https://pypi.org/pypi/xdggs/0.7.0/json,False,False,True
