package,summary,pypi_url,repositories,legacy_repositories,known_in_legacy,role,review_status,legacy_exclusion_list_match,source_supported_widget_candidate,current_implementation_signals,historical_implementation_signals,first_package_release,first_widget_observed_by,first_widget_evidence_version,first_anywidget_observed_by,first_anywidget_evidence_version,first_anywidget_evidence_is_prerelease,first_stable_anywidget_observed_by,first_stable_anywidget_evidence_version,first_anywidget_dependency_observed,earliest_extant_release_has_widget_evidence,earliest_extant_release_widget_kinds,traditional_before_anywidget_observed,migration_review,published_since_curation,published_since_cron_stopped,widget_observed_since_curation,latest_version,release_count,historical_artifacts_inspected,release_metadata_inspected,metadata_history_truncated,metadata_errors,latest_artifact_status,first_widget_artifact_url,first_anywidget_artifact_url,evidence_file,discovery_sources,review_note
aie-ipyleaflet,A Jupyter widget for dynamic Leaflet maps,https://pypi.org/project/aie-ipyleaflet/,"[""jupyter-widgets/ipyleaflet""]","[""jupyter-widgets/ipyleaflet""]",True,custom_widget_candidate,source_supported_candidate,True,True,"[""traditional_custom_widget""]","[""traditional_custom_widget""]",2022-10-28T02:34:13.656802Z,2022-10-28T02:34:13.656802Z,0.15.1,,,,,,,True,"[""traditional_custom_widget""]",False,not_established,False,False,False,0.15.1,1,1,1,False,0,ok,https://files.pythonhosted.org/packages/25/da/be737033102320ef6c1608655f6c0f165ecd2a24fc2ac28dbadf1e84480d/aie_ipyleaflet-0.15.1-py2.py3-none-any.whl,,history/aie-ipyleaflet.json,"[""deps_dev_repo_mapping""]",
aiida-bader,Collections of node-based workflow created using aiida-workgraph.,https://pypi.org/project/aiida-bader/,"[""aiidaplugins/aiida-bader""]","[""superstar54/aiida-bader""]",True,custom_widget_candidate,source_supported_candidate,True,True,[],"[""anywidget""]",2023-10-06T19:53:48.985993Z,2024-04-24T13:01:06.423746Z,0.0.3,2024-04-24T13:01:06.423746Z,0.0.3,False,2024-04-24T13:01:06.423746Z,0.0.3,,False,[],False,not_established,False,False,False,0.2.2,27,4,27,False,0,ok,https://files.pythonhosted.org/packages/1d/30/69a561ac0e8fa88f385190a4918f86118a4d020e7beb29a4fc56d548191e/aiida_bader-0.0.3-py3-none-any.whl,https://files.pythonhosted.org/packages/1d/30/69a561ac0e8fa88f385190a4918f86118a4d020e7beb29a4fc56d548191e/aiida_bader-0.0.3-py3-none-any.whl,history/aiida-bader.json,"[""deps_dev_repo_mapping""]",
aiida-workgraph,Design flexible node-based workflow for AiiDA calculation.,https://pypi.org/project/aiida-workgraph/,"[""aiidateam/aiida-workgraph"", ""superstar54/aiida-workgraph""]","[""aiidateam/aiida-workgraph"", ""superstar54/aiida-workgraph""]",True,custom_widget_candidate,source_supported_candidate,True,True,[],"[""anywidget""]",2024-04-19T15:21:16.030271Z,2024-04-19T15:21:16.030271Z,0.2.0,2024-04-19T15:21:16.030271Z,0.2.0,False,2024-04-19T15:21:16.030271Z,0.2.0,2024-04-19T15:21:16.030271Z,True,"[""anywidget""]",False,not_established,False,False,False,0.9.0,71,2,71,False,0,ok,https://files.pythonhosted.org/packages/8f/e6/0b843012a49011834438279bbd474e971ad7bb5a03653582893e3374abed/aiida_workgraph-0.2.0-py3-none-any.whl,https://files.pythonhosted.org/packages/8f/e6/0b843012a49011834438279bbd474e971ad7bb5a03653582893e3374abed/aiida_workgraph-0.2.0-py3-none-any.whl,history/aiida-workgraph.json,"[""deps_dev_direct_sample"", ""deps_dev_repo_mapping""]",
aiidalab-qe,Package for the AiiDAlab QE app,https://pypi.org/project/aiidalab-qe/,"[""aiidalab/aiidalab-qe""]",[],False,custom_widget_candidate,source_supported_candidate,False,True,"[""anywidget""]","[""anywidget""]",2025-02-27T13:08:43.264662Z,2025-02-27T13:08:43.264662Z,24.10.0a8,2025-02-27T13:08:43.264662Z,24.10.0a8,True,2025-03-07T13:05:32.151329Z,25.3.0,2025-02-27T13:08:43.264662Z,True,"[""anywidget""]",False,not_established,True,True,True,26.6.5,10,3,10,False,0,ok,https://files.pythonhosted.org/packages/3b/11/6f12d4376bfd7bf8fbc54bcd465c0f05309f9f83ba3d413b7803915cf017/aiidalab_qe-24.10.0a8-py3-none-any.whl,https://files.pythonhosted.org/packages/3b/11/6f12d4376bfd7bf8fbc54bcd465c0f05309f9f83ba3d413b7803915cf017/aiidalab_qe-24.10.0a8-py3-none-any.whl,history/aiidalab-qe.json,"[""deps_dev_repo_mapping""]",
aiidalab-qe-base,"Utilities, widgets, and components shared by the AiiDAlab Quantum ESPRESSO app and its plugins",https://pypi.org/project/aiidalab-qe-base/,"[""aiidalab/aiidalab-qe-base""]",[],False,custom_widget_candidate,source_supported_candidate,False,True,"[""anywidget""]","[""anywidget""]",2025-08-12T13:31:11.704010Z,2025-08-12T13:31:11.704010Z,0.1.0,2025-08-12T13:31:11.704010Z,0.1.0,False,2025-08-12T13:31:11.704010Z,0.1.0,2025-08-12T13:31:11.704010Z,True,"[""anywidget""]",False,not_established,True,True,True,0.2.0,2,2,2,False,0,ok,https://files.pythonhosted.org/packages/4a/7b/3efb9f8b354aad021bc3bf9869fb3a914849830dcc1ab7c1d5c5a95487a3/aiidalab_qe_base-0.1.0-py3-none-any.whl,https://files.pythonhosted.org/packages/4a/7b/3efb9f8b354aad021bc3bf9869fb3a914849830dcc1ab7c1d5c5a95487a3/aiidalab_qe_base-0.1.0-py3-none-any.whl,history/aiidalab-qe-base.json,"[""deps_dev_direct_sample""]",
airy-spot-widget,,https://pypi.org/project/airy-spot-widget/,[],[],False,custom_widget_candidate,source_supported_candidate,False,True,"[""anywidget""]","[""anywidget""]",2026-07-07T10:41:35.376763Z,2026-07-07T10:41:35.376763Z,0.1.0,2026-07-07T10:41:35.376763Z,0.1.0,False,2026-07-07T10:41:35.376763Z,0.1.0,2026-07-07T10:41:35.376763Z,True,"[""anywidget""]",False,not_established,True,True,True,0.1.0,1,1,1,False,0,ok,https://files.pythonhosted.org/packages/a5/9c/579b0a647c4b20db2f4f511f8bf2b239ec8043f6916414f85be13da3a6f6/airy_spot_widget-0.1.0-py3-none-any.whl,https://files.pythonhosted.org/packages/a5/9c/579b0a647c4b20db2f4f511f8bf2b239ec8043f6916414f85be13da3a6f6/airy_spot_widget-0.1.0-py3-none-any.whl,history/airy-spot-widget.json,"[""pypi_name_index""]",
algorithmx,A library for network visualization and algorithm simulation.,https://pypi.org/project/algorithmx/,"[""algrx/algorithmx-python""]","[""algrx/algorithmx-python""]",True,custom_widget_candidate,source_supported_candidate,True,True,"[""traditional_custom_widget""]","[""traditional_custom_widget""]",2019-01-11T09:44:35.187930Z,2019-01-11T09:44:35.187930Z,1.0.0b1,,,,,,,True,"[""traditional_custom_widget""]",False,not_established,False,False,False,2.0.3,16,2,0,False,0,ok,https://files.pythonhosted.org/packages/71/e1/fabda3bd1634234fa6f93131bf66e826624dacb0812ab24da912073a462b/algorithmx-1.0.0b1-py3-none-any.whl,,history/algorithmx.json,"[""deps_dev_repo_mapping""]",
alignviz-anywidget,An anywidget for alignment visualization in marimo notebooks,https://pypi.org/project/alignviz-anywidget/,"[""neelsmith/alignviz-anywidget""]",[],False,custom_widget_candidate,source_supported_candidate,False,True,"[""anywidget""]","[""anywidget""]",2026-03-16T23:18:36.958398Z,2026-03-16T23:18:36.958398Z,0.1.0,2026-03-16T23:18:36.958398Z,0.1.0,False,2026-03-16T23:18:36.958398Z,0.1.0,2026-03-16T23:18:36.958398Z,True,"[""anywidget""]",False,not_established,True,True,True,0.1.0,1,1,1,False,0,ok,https://files.pythonhosted.org/packages/3e/cd/6f2e6ce749bae78c579c3281e1ef597e990e1efcb454958f93fbf8e1a719/alignviz_anywidget-0.1.0-py3-none-any.whl,https://files.pythonhosted.org/packages/3e/cd/6f2e6ce749bae78c579c3281e1ef597e990e1efcb454958f93fbf8e1a719/alignviz_anywidget-0.1.0-py3-none-any.whl,history/alignviz-anywidget.json,"[""deps_dev_direct_sample"", ""deps_dev_repo_mapping"", ""pypi_name_index""]",
alloylens,Interactive SPLOM widget for high-throughput alloy inverse design,https://pypi.org/project/alloylens/,"[""susiesyli/alloylens""]",[],False,custom_widget_candidate,source_supported_candidate,False,True,"[""anywidget""]","[""anywidget""]",2025-10-26T21:55:33.308655Z,2025-10-26T21:55:33.308655Z,0.0.1,2025-10-26T21:55:33.308655Z,0.0.1,False,2025-10-26T21:55:33.308655Z,0.0.1,2025-10-26T21:55:33.308655Z,True,"[""anywidget""]",False,not_established,True,True,True,0.0.2,2,2,2,False,0,ok,https://files.pythonhosted.org/packages/b4/bc/a0f44b714a7a6d96f4b86759ccc5ee29b9a636170dcaf2146ccfc1426ccd/alloylens-0.0.1-py3-none-any.whl,https://files.pythonhosted.org/packages/b4/bc/a0f44b714a7a6d96f4b86759ccc5ee29b9a636170dcaf2146ccfc1426ccd/alloylens-0.0.1-py3-none-any.whl,history/alloylens.json,"[""deps_dev_direct_sample"", ""deps_dev_repo_mapping""]",
altair,Vega-Altair: A declarative statistical visualization library for Python.,https://pypi.org/project/altair/,"[""vega/altair""]","[""altair-viz/altair""]",True,custom_widget_candidate,source_supported_candidate,True,True,"[""anywidget""]","[""anywidget""]",2016-07-09T20:47:30.208516Z,2023-08-28T13:37:54.752886Z,5.1.0,2023-08-28T13:37:54.752886Z,5.1.0,False,2023-08-28T13:37:54.752886Z,5.1.0,2023-08-28T13:37:54.752886Z,False,[],False,not_established,False,False,False,6.3.0,68,34,40,False,0,ok,https://files.pythonhosted.org/packages/2b/40/ff33821bca16cac30f8d9c3244ac961416f40bf2d3261a1250aabda33a6f/altair-5.1.0-py3-none-any.whl,https://files.pythonhosted.org/packages/2b/40/ff33821bca16cac30f8d9c3244ac961416f40bf2d3261a1250aabda33a6f/altair-5.1.0-py3-none-any.whl,history/altair.json,"[""deps_dev_repo_mapping""]",
altair-alx-alpha,Vega-Altair: A declarative statistical visualization library for Python.,https://pypi.org/project/altair-alx-alpha/,"[""vega/altair""]","[""altair-viz/altair""]",True,custom_widget_candidate,source_supported_candidate,True,True,"[""anywidget""]","[""anywidget""]",2024-04-10T21:03:58.734373Z,2024-04-10T21:04:00.919321Z,5.4.0.dev0,2024-04-10T21:04:00.919321Z,5.4.0.dev0,True,,,2024-04-10T21:03:58.734373Z,True,"[""anywidget""]",False,not_established,False,False,False,5.4.1a0,2,2,2,False,0,ok,https://files.pythonhosted.org/packages/f2/8c/f14b374458adc602dacfa82cfb29e4fca664d5554a4cf1fe7342b8dd1a8d/altair_alx_alpha-5.4.0.dev0-py3-none-any.whl,https://files.pythonhosted.org/packages/f2/8c/f14b374458adc602dacfa82cfb29e4fca664d5554a4cf1fe7342b8dd1a8d/altair_alx_alpha-5.4.0.dev0-py3-none-any.whl,history/altair-alx-alpha.json,"[""deps_dev_repo_mapping""]",
altair-alx-version,Vega-Altair: A declarative statistical visualization library for Python.,https://pypi.org/project/altair-alx-version/,"[""vega/altair""]","[""altair-viz/altair""]",True,custom_widget_candidate,source_supported_candidate,True,True,"[""anywidget""]","[""anywidget""]",2024-04-10T20:46:33.851061Z,2024-04-10T20:46:33.851061Z,5.4.0.dev0,2024-04-10T20:46:33.851061Z,5.4.0.dev0,True,,,2024-04-10T20:46:33.851061Z,True,"[""anywidget""]",False,not_established,False,False,False,5.4.0.dev0,1,1,1,False,0,ok,https://files.pythonhosted.org/packages/ec/8d/0a729a2e85179242d901259440eee08eed093812591fe8b0d6454d49c0f8/altair_alx_version-5.4.0.dev0-py3-none-any.whl,https://files.pythonhosted.org/packages/ec/8d/0a729a2e85179242d901259440eee08eed093812591fe8b0d6454d49c0f8/altair_alx_version-5.4.0.dev0-py3-none-any.whl,history/altair-alx-version.json,"[""deps_dev_repo_mapping""]",
anybioimage,Interactive image viewer widget for Jupyter/marimo with annotation tools and SAM integration,https://pypi.org/project/anybioimage/,"[""maartenpaul/anybioimage""]",[],False,custom_widget_candidate,source_supported_candidate,False,True,"[""anywidget""]","[""anywidget""]",2026-03-22T10:28:51.251853Z,2026-03-22T10:28:51.251853Z,0.3.0,2026-03-22T10:28:51.251853Z,0.3.0,False,2026-03-22T10:28:51.251853Z,0.3.0,2026-03-22T10:28:51.251853Z,True,"[""anywidget""]",False,not_established,True,True,True,0.3.1,2,2,2,False,0,ok,https://files.pythonhosted.org/packages/31/b1/63b7b700c80a057045a1c78522d3c60de3cb1babcd5f3f9128c1b14f9cc3/anybioimage-0.3.0-py3-none-any.whl,https://files.pythonhosted.org/packages/31/b1/63b7b700c80a057045a1c78522d3c60de3cb1babcd5f3f9128c1b14f9cc3/anybioimage-0.3.0-py3-none-any.whl,history/anybioimage.json,"[""deps_dev_repo_mapping""]",
anyjsonviewer,An anywidget wrapper for @textea/json-viewer,https://pypi.org/project/anyjsonviewer/,[],[],False,custom_widget_candidate,source_supported_candidate,False,True,"[""anywidget""]","[""anywidget""]",2026-04-11T12:04:40.146688Z,2026-04-11T12:04:40.146688Z,0.1.0,2026-04-11T12:04:40.146688Z,0.1.0,False,2026-04-11T12:04:40.146688Z,0.1.0,2026-04-11T12:04:40.146688Z,True,"[""anywidget""]",False,not_established,True,True,True,0.2.0,2,2,2,False,0,ok,https://files.pythonhosted.org/packages/93/93/f2ce3388bdbfe8d5fa22ac96be402ad9aaad41d752a8422e2666582fa2f5/anyjsonviewer-0.1.0-py3-none-any.whl,https://files.pythonhosted.org/packages/93/93/f2ce3388bdbfe8d5fa22ac96be402ad9aaad41d752a8422e2666582fa2f5/anyjsonviewer-0.1.0-py3-none-any.whl,history/anyjsonviewer.json,"[""deps_dev_direct_sample""]",
anylumino,Lumino layout widgets for composing anywidgets.,https://pypi.org/project/anylumino/,"[""faysou/anylumino""]",[],False,custom_widget_candidate,source_supported_candidate,False,True,"[""anywidget""]","[""anywidget""]",2026-09-19T10:22:10.859997Z,2026-09-19T10:22:10.859997Z,0.1.0,2026-09-19T10:22:10.859997Z,0.1.0,False,2026-09-19T10:22:10.859997Z,0.1.0,2026-09-19T10:22:10.859997Z,True,"[""anywidget""]",False,not_established,True,True,True,0.1.1,2,2,2,False,0,ok,https://files.pythonhosted.org/packages/b9/a2/c039a4bb16dd866bb75759ea60dcaa86c0e1e3a3db3edaeea4c41bea177d/anylumino-0.1.0-py3-none-any.whl,https://files.pythonhosted.org/packages/b9/a2/c039a4bb16dd866bb75759ea60dcaa86c0e1e3a3db3edaeea4c41bea177d/anylumino-0.1.0-py3-none-any.whl,history/anylumino.json,"[""deps_dev_direct_sample""]",
anymap,A Python package for creating interactive maps with anywidget and JavaScript mapping libraries,https://pypi.org/project/anymap/,"[""opengeos/anymap""]",[],False,custom_widget_package,accepted_after_assistant_review,False,True,"[""anywidget""]","[""anywidget""]",2025-07-02T00:56:15.288284Z,2025-07-02T04:52:49.039203Z,0.1.0,2025-07-02T04:52:49.039203Z,0.1.0,False,2025-07-02T04:52:49.039203Z,0.1.0,2025-07-02T00:56:15.288284Z,False,[],False,not_established,True,True,True,0.12.0,21,3,21,False,0,ok,https://files.pythonhosted.org/packages/45/c6/63abfa2f888cae90f283e504f86932312a056e90b29c584f88d53e8ac976/anymap-0.1.0-py2.py3-none-any.whl,https://files.pythonhosted.org/packages/45/c6/63abfa2f888cae90f283e504f86932312a056e90b29c584f88d53e8ac976/anymap-0.1.0-py2.py3-none-any.whl,history/anymap.json,"[""deps_dev_direct_sample"", ""deps_dev_repo_mapping""]","Published mapping library defines MapWidget and concrete mapping integrations. Counted as one distribution, not one entry per class."
anymap-ts,A Python package for creating interactive maps with anywidget and TypeScript,https://pypi.org/project/anymap-ts/,"[""opengeos/anymap-ts""]",[],False,custom_widget_package,accepted_after_assistant_review,False,True,"[""anywidget""]","[""anywidget""]",2026-01-07T04:44:08.598156Z,2026-01-07T04:44:08.598156Z,0.1.0,2026-01-07T04:44:08.598156Z,0.1.0,False,2026-01-07T04:44:08.598156Z,0.1.0,2026-01-07T04:44:08.598156Z,True,"[""anywidget""]",False,not_established,True,True,True,0.17.2,35,2,35,False,0,ok,https://files.pythonhosted.org/packages/c2/e8/a041a2cca2fdf5647860e83bc0506fd6a495a401856ea0bb987754e5ad5e/anymap_ts-0.1.0-py3-none-any.whl,https://files.pythonhosted.org/packages/c2/e8/a041a2cca2fdf5647860e83bc0506fd6a495a401856ea0bb987754e5ad5e/anymap_ts-0.1.0-py3-none-any.whl,history/anymap-ts.json,"[""deps_dev_direct_sample"", ""deps_dev_repo_mapping""]",Separately published TypeScript-based mapping library defines its own MapWidget. Distinct distribution from anymap under the proposed package-level unit; project-family counts should group them separately.
anyplotlib,"A plotting library using python, javascript and anywidget for performant in browser plotting.",https://pypi.org/project/anyplotlib/,"[""cssfrancis/anyplotlib""]",[],False,custom_widget_candidate,source_supported_candidate,False,True,"[""anywidget""]","[""anywidget""]",2026-06-29T18:55:54.184539Z,2026-06-29T18:55:54.184539Z,0.1.0b1,2026-06-29T18:55:54.184539Z,0.1.0b1,True,2026-06-29T20:18:14.644833Z,0.1.0,2026-06-29T18:55:54.184539Z,True,"[""anywidget""]",False,not_established,True,True,True,0.10.1,18,3,18,False,0,ok,https://files.pythonhosted.org/packages/15/e7/5f404e6b555be9006b60f4855c0b7322daceab67ab46da9ab64f900c0dbb/anyplotlib-0.1.0b1-py3-none-any.whl,https://files.pythonhosted.org/packages/15/e7/5f404e6b555be9006b60f4855c0b7322daceab67ab46da9ab64f900c0dbb/anyplotlib-0.1.0b1-py3-none-any.whl,history/anyplotlib.json,"[""deps_dev_direct_sample"", ""deps_dev_repo_mapping""]",
anyupset,"Interactive UpSet plots for marimo and Jupyter, with a live examples panel",https://pypi.org/project/anyupset/,"[""mis-analytics/anyupset""]",[],False,custom_widget_candidate,source_supported_candidate,False,True,"[""anywidget""]","[""anywidget""]",2026-08-24T13:38:02.794192Z,2026-08-24T13:38:02.794192Z,0.1.0,2026-08-24T13:38:02.794192Z,0.1.0,False,2026-08-24T13:38:02.794192Z,0.1.0,2026-08-24T13:38:02.794192Z,True,"[""anywidget""]",False,not_established,True,True,True,0.1.0,1,1,1,False,0,ok,https://files.pythonhosted.org/packages/4f/4f/97f3ac4b5505bad96e195db19919a71eccdba61def545c39da38408037f5/anyupset-0.1.0-py3-none-any.whl,https://files.pythonhosted.org/packages/4f/4f/97f3ac4b5505bad96e195db19919a71eccdba61def545c39da38408037f5/anyupset-0.1.0-py3-none-any.whl,history/anyupset.json,"[""deps_dev_repo_mapping""]",
anywidget-3dviewer,,https://pypi.org/project/anywidget-3dviewer/,[],[],False,custom_widget_candidate,source_supported_candidate,False,True,"[""anywidget""]","[""anywidget""]",2023-09-29T14:53:07.129857Z,2023-09-29T14:53:07.129857Z,0.0.1,2023-09-29T14:53:07.129857Z,0.0.1,False,2023-09-29T14:53:07.129857Z,0.0.1,2023-09-29T14:53:07.129857Z,True,"[""anywidget""]",False,not_established,False,False,False,0.0.2,2,2,2,False,0,ok,https://files.pythonhosted.org/packages/2d/72/7a533756b89f03b954ff3212ab70abdb8dbb7a099de6e229c12ccb210c42/anywidget_3dviewer-0.0.1-py2.py3-none-any.whl,https://files.pythonhosted.org/packages/2d/72/7a533756b89f03b954ff3212ab70abdb8dbb7a099de6e229c12ccb210c42/anywidget_3dviewer-0.0.1-py2.py3-none-any.whl,history/anywidget-3dviewer.json,"[""pypi_name_index""]",
anywidget-aggrid,An AnyWidget wrapper around AG Grid,https://pypi.org/project/anywidget-aggrid/,[],[],False,custom_widget_candidate,source_supported_candidate,False,True,"[""anywidget""]","[""anywidget""]",2025-09-28T19:46:00.936108Z,2025-09-28T19:46:00.936108Z,0.1.0,2025-09-28T19:46:00.936108Z,0.1.0,False,2025-09-28T19:46:00.936108Z,0.1.0,2025-09-28T19:46:00.936108Z,True,"[""anywidget""]",False,not_established,True,True,True,0.1.0,1,1,1,False,0,ok,https://files.pythonhosted.org/packages/84/2b/0ef9c7d3eb628e87176c18a01a919db9441a07abda2a5876b099bd3c1bda/anywidget_aggrid-0.1.0-py3-none-any.whl,https://files.pythonhosted.org/packages/84/2b/0ef9c7d3eb628e87176c18a01a919db9441a07abda2a5876b099bd3c1bda/anywidget_aggrid-0.1.0-py3-none-any.whl,history/anywidget-aggrid.json,"[""deps_dev_direct_sample"", ""pypi_name_index""]",
anywidget-archimate,"Interactive ArchiMate model viewer widget for Jupyter, Marimo, and VS Code notebooks",https://pypi.org/project/anywidget-archimate/,"[""stevenbtw/anywidget-archimate""]",[],False,custom_widget_candidate,source_supported_candidate,False,True,"[""anywidget""]","[""anywidget""]",2026-03-15T15:28:41.317437Z,2026-03-15T15:28:41.317437Z,0.1.0,2026-03-15T15:28:41.317437Z,0.1.0,False,2026-03-15T15:28:41.317437Z,0.1.0,2026-03-15T15:28:41.317437Z,True,"[""anywidget""]",False,not_established,True,True,True,0.2.0,6,2,6,False,0,ok,https://files.pythonhosted.org/packages/1e/d4/54767068b1401f92b1d7160729dec26f7d7833716b61a3435993f54522d1/anywidget_archimate-0.1.0-py3-none-any.whl,https://files.pythonhosted.org/packages/1e/d4/54767068b1401f92b1d7160729dec26f7d7833716b61a3435993f54522d1/anywidget_archimate-0.1.0-py3-none-any.whl,history/anywidget-archimate.json,"[""deps_dev_repo_mapping"", ""pypi_name_index""]",
anywidget-bloodhound,BloodHound graph visualization for Marimo notebooks,https://pypi.org/project/anywidget-bloodhound/,[],[],False,custom_widget_candidate,source_supported_candidate,False,True,"[""anywidget""]","[""anywidget""]",2026-08-13T10:58:07.391282Z,2026-08-13T10:58:07.391282Z,0.0.1,2026-08-13T10:58:07.391282Z,0.0.1,False,2026-08-13T10:58:07.391282Z,0.0.1,2026-08-13T10:58:07.391282Z,True,"[""anywidget""]",False,not_established,True,True,True,0.0.1,1,1,1,False,0,ok,https://files.pythonhosted.org/packages/16/12/98a961e6fd27cc97de0f964bd6aaf6de56db121ed7be92e59289dee4898f/anywidget_bloodhound-0.0.1-py3-none-any.whl,https://files.pythonhosted.org/packages/16/12/98a961e6fd27cc97de0f964bd6aaf6de56db121ed7be92e59289dee4898f/anywidget_bloodhound-0.0.1-py3-none-any.whl,history/anywidget-bloodhound.json,"[""pypi_name_index""]",
anywidget-bundle,Load Vite-built anywidget modules from Python.,https://pypi.org/project/anywidget-bundle/,"[""peter-gy/anywidget-bundle""]",[],False,custom_widget_candidate,source_supported_candidate,False,True,"[""anywidget""]","[""anywidget""]",2026-07-14T14:36:22.920032Z,2026-07-15T17:36:03.544246Z,0.0.1rc1,2026-07-15T17:36:03.544246Z,0.0.1rc1,True,2026-07-15T17:43:28.751303Z,0.0.1,2026-07-15T17:36:03.544246Z,False,[],False,not_established,True,True,True,0.1.1,4,4,4,False,0,ok,https://files.pythonhosted.org/packages/9d/1e/e45a03ca9de9c4ca121f9b4c20492b77503ea9a1521a5496ae874a5ff837/anywidget_bundle-0.0.1rc1-py3-none-any.whl,https://files.pythonhosted.org/packages/9d/1e/e45a03ca9de9c4ca121f9b4c20492b77503ea9a1521a5496ae874a5ff837/anywidget_bundle-0.0.1rc1-py3-none-any.whl,history/anywidget-bundle.json,"[""deps_dev_direct_sample"", ""deps_dev_repo_mapping"", ""pypi_name_index""]",
anywidget-cad-viewer,An anywidget-based CAD viewer for visualizing build123d objects in marimo and Jupyter notebooks,https://pypi.org/project/anywidget-cad-viewer/,"[""casey-sk/anywidget-cad-viewer""]",[],False,custom_widget_candidate,source_supported_candidate,False,True,"[""anywidget""]","[""anywidget""]",2026-01-13T01:25:09.615908Z,2026-01-13T01:25:09.615908Z,0.1.0,2026-01-13T01:25:09.615908Z,0.1.0,False,2026-01-13T01:25:09.615908Z,0.1.0,2026-01-13T01:25:09.615908Z,True,"[""anywidget""]",False,not_established,True,True,True,0.1.0,1,1,1,False,0,ok,https://files.pythonhosted.org/packages/4d/ba/04b96f4d15c8fd9759b61f2608e14f5ee2513b9807dbd558d124abbb3ea7/anywidget_cad_viewer-0.1.0-py3-none-any.whl,https://files.pythonhosted.org/packages/4d/ba/04b96f4d15c8fd9759b61f2608e14f5ee2513b9807dbd558d124abbb3ea7/anywidget_cad_viewer-0.1.0-py3-none-any.whl,history/anywidget-cad-viewer.json,"[""deps_dev_repo_mapping"", ""pypi_name_index""]",
anywidget-glsl,Write GPU-accelerated GLSL shaders in Jupyter notebooks with a Shadertoy-like API,https://pypi.org/project/anywidget-glsl/,"[""dmadisetti/anywidget-glsl"", ""manzt/anywidget-glsl""]",[],False,custom_widget_candidate,source_supported_candidate,False,True,"[""anywidget""]","[""anywidget""]",2026-01-06T15:46:41.422896Z,2026-01-06T15:46:41.422896Z,1.0.0,2026-01-06T15:46:41.422896Z,1.0.0,False,2026-01-06T15:46:41.422896Z,1.0.0,2026-01-06T15:46:41.422896Z,True,"[""anywidget""]",False,not_established,True,True,True,1.0.0,1,1,1,False,0,ok,https://files.pythonhosted.org/packages/0b/da/6e35eec1241c9444729d6b36e01a5c24cd01a2dbabfd0d794abd71242c51/anywidget_glsl-1.0.0-py3-none-any.whl,https://files.pythonhosted.org/packages/0b/da/6e35eec1241c9444729d6b36e01a5c24cd01a2dbabfd0d794abd71242c51/anywidget_glsl-1.0.0-py3-none-any.whl,history/anywidget-glsl.json,"[""deps_dev_direct_sample"", ""deps_dev_repo_mapping"", ""pypi_name_index""]",
anywidget-graph,Interactive graph visualization for Python notebooks using anywidget,https://pypi.org/project/anywidget-graph/,"[""grafeodb/anywidget-graph""]",[],False,custom_widget_package,accepted_after_assistant_review,False,True,"[""anywidget""]","[""anywidget""]",2026-02-02T22:19:10.004438Z,2026-02-02T22:19:10.004438Z,0.1.0,2026-02-02T22:19:10.004438Z,0.1.0,False,2026-02-02T22:19:10.004438Z,0.1.0,2026-02-02T22:19:10.004438Z,True,"[""anywidget""]",False,not_established,True,True,True,0.3.1,14,2,14,False,0,ok,https://files.pythonhosted.org/packages/32/cf/cedfe7a8175a0b584a754fce1149230f4a38cc93b7b7e3845e1b777f77e2/anywidget_graph-0.1.0-py3-none-any.whl,https://files.pythonhosted.org/packages/32/cf/cedfe7a8175a0b584a754fce1149230f4a38cc93b7b7e3845e1b777f77e2/anywidget_graph-0.1.0-py3-none-any.whl,history/anywidget-graph.json,"[""deps_dev_direct_sample"", ""deps_dev_repo_mapping"", ""pypi_name_index""]",Published interactive graph component exports Graph and defines an anywidget subclass in widget.py.
anywidget-ipyniivue,,https://pypi.org/project/anywidget-ipyniivue/,[],[],False,custom_widget_candidate,source_supported_candidate,False,True,"[""anywidget""]","[""anywidget""]",2024-01-08T12:23:32.834237Z,2024-01-08T12:23:32.834237Z,0.0.1,2024-01-08T12:23:32.834237Z,0.0.1,False,2024-01-08T12:23:32.834237Z,0.0.1,2024-01-08T12:23:32.834237Z,True,"[""anywidget""]",False,not_established,False,False,False,0.0.1,1,1,1,False,0,ok,https://files.pythonhosted.org/packages/1f/48/8b26fa84737a12297a2d9184ac70b3e5b3e832a4780774c686d8029a265b/anywidget_ipyniivue-0.0.1-py2.py3-none-any.whl,https://files.pythonhosted.org/packages/1f/48/8b26fa84737a12297a2d9184ac70b3e5b3e832a4780774c686d8029a265b/anywidget_ipyniivue-0.0.1-py2.py3-none-any.whl,history/anywidget-ipyniivue.json,"[""deps_dev_direct_sample"", ""pypi_name_index""]",
anywidget-kanban-board,A basic implementation of a kanban board widget for anywidget,https://pypi.org/project/anywidget-kanban-board/,[],[],False,custom_widget_candidate,source_supported_candidate,False,True,"[""anywidget""]","[""anywidget""]",2026-08-04T15:47:44.363671Z,2026-08-04T15:47:44.363671Z,0.1.0,2026-08-04T15:47:44.363671Z,0.1.0,False,2026-08-04T15:47:44.363671Z,0.1.0,2026-08-04T15:47:44.363671Z,True,"[""anywidget""]",False,not_established,True,True,True,0.1.2,3,2,3,False,0,ok,https://files.pythonhosted.org/packages/d1/ad/54b588b3ed3c5e6eb5886bd99fef0aa6d7e15eec5865e1d1c3f0ac76adbb/anywidget_kanban_board-0.1.0-py3-none-any.whl,https://files.pythonhosted.org/packages/d1/ad/54b588b3ed3c5e6eb5886bd99fef0aa6d7e15eec5865e1d1c3f0ac76adbb/anywidget_kanban_board-0.1.0-py3-none-any.whl,history/anywidget-kanban-board.json,"[""deps_dev_direct_sample"", ""pypi_name_index""]",
anywidget-mcp,Expose AnyWidget interfaces through MCP Apps and WebMCP,https://pypi.org/project/anywidget-mcp/,"[""peter-gy/anywidget-mcp""]",[],False,custom_widget_candidate,source_supported_candidate,False,True,"[""anywidget""]","[""anywidget""]",2026-07-16T06:40:59.128600Z,2026-07-16T14:29:18.179815Z,0.0.1rc3,2026-07-16T14:29:18.179815Z,0.0.1rc3,True,2026-07-20T11:47:35.391592Z,0.0.1,2026-07-16T07:15:53.580676Z,False,[],False,not_established,True,True,True,0.2.1,11,6,11,False,0,ok,https://files.pythonhosted.org/packages/f4/2c/d9cd00223577950efc0a56ce68f210d269a1ca4991d9ad8fdbebf3c07a38/anywidget_mcp-0.0.1rc3-py3-none-any.whl,https://files.pythonhosted.org/packages/f4/2c/d9cd00223577950efc0a56ce68f210d269a1ca4991d9ad8fdbebf3c07a38/anywidget_mcp-0.0.1rc3-py3-none-any.whl,history/anywidget-mcp.json,"[""deps_dev_direct_sample"", ""deps_dev_repo_mapping"", ""pypi_name_index""]",
anywidget-vector,Interactive 3D vector visualization with query UI for vector databases,https://pypi.org/project/anywidget-vector/,"[""grafeodb/anywidget-vector""]",[],False,custom_widget_candidate,source_supported_candidate,False,True,"[""anywidget""]","[""anywidget""]",2026-02-03T05:38:30.761622Z,2026-02-03T05:38:30.761622Z,0.1.0,2026-02-03T05:38:30.761622Z,0.1.0,False,2026-02-03T05:38:30.761622Z,0.1.0,2026-02-03T05:38:30.761622Z,True,"[""anywidget""]",False,not_established,True,True,True,0.3.2,13,2,13,False,0,ok,https://files.pythonhosted.org/packages/4d/45/08672b5335e6f9bca7ae76d288f47dcd0de2d3b1ad14427e65e8039c5016/anywidget_vector-0.1.0-py3-none-any.whl,https://files.pythonhosted.org/packages/4d/45/08672b5335e6f9bca7ae76d288f47dcd0de2d3b1ad14427e65e8039c5016/anywidget_vector-0.1.0-py3-none-any.whl,history/anywidget-vector.json,"[""deps_dev_direct_sample"", ""pypi_name_index""]",
arcgis-mapping,Leverage Python for ArcGIS! This package provides classes for building both interactive 2D maps and immersive 3D scenes.,https://pypi.org/project/arcgis-mapping/,[],[],False,custom_widget_candidate,source_supported_candidate,False,True,"[""anywidget""]","[""anywidget""]",2024-10-01T15:55:09.300500Z,2024-10-01T15:55:09.300500Z,4.30.0,2024-10-01T15:55:09.300500Z,4.30.0,False,2024-10-01T15:55:09.300500Z,4.30.0,2024-10-01T15:55:09.300500Z,True,"[""anywidget""]",False,not_established,False,False,False,5.0.0,5,2,5,False,0,ok,https://files.pythonhosted.org/packages/0a/4d/1c8f78a90cfcd5d984bf1db529fd68a55663ebb865a2c2ef41e58eb031e2/arcgis_mapping-4.30.0-py3-none-any.whl,https://files.pythonhosted.org/packages/0a/4d/1c8f78a90cfcd5d984bf1db529fd68a55663ebb865a2c2ef41e58eb031e2/arcgis_mapping-4.30.0-py3-none-any.whl,history/arcgis-mapping.json,"[""deps_dev_direct_sample""]",
asqlcell,Analytical sql cell for Jupyter,https://pypi.org/project/asqlcell/,"[""datarho/asqlcell""]","[""datarho/asqlcell""]",True,custom_widget_candidate,source_supported_candidate,True,True,"[""traditional_custom_widget""]","[""traditional_custom_widget""]",2023-06-06T08:47:31.826543Z,2023-06-06T08:47:31.826543Z,0.1.8,,,,,,,True,"[""traditional_custom_widget""]",False,not_established,False,False,False,0.3.1.0,16,2,16,False,0,ok,https://files.pythonhosted.org/packages/c3/76/378e192f78b3a984ab39c0867fe61a605c9b929964c49ac69e2dbb9866bc/asqlcell-0.1.8-py2.py3-none-any.whl,,history/asqlcell.json,"[""deps_dev_repo_mapping""]",
astrolabe-vis,Interactive Feature Interaction Networks for Tabular Model Interpretation.,https://pypi.org/project/astrolabe-vis/,[],[],False,custom_widget_candidate,source_supported_candidate,False,True,"[""anywidget""]","[""anywidget""]",2026-05-06T07:40:41.826046Z,2026-05-06T07:40:41.826046Z,0.1.0,2026-05-06T07:40:41.826046Z,0.1.0,False,2026-05-06T07:40:41.826046Z,0.1.0,2026-05-06T07:40:41.826046Z,True,"[""anywidget""]",False,not_established,True,True,True,0.1.0,1,1,1,False,0,ok,https://files.pythonhosted.org/packages/8c/e9/59948c6cdb43f51256278d067fb296c75e86e93e438652a1b67631b151ff/astrolabe_vis-0.1.0-py3-none-any.whl,https://files.pythonhosted.org/packages/8c/e9/59948c6cdb43f51256278d067fb296c75e86e93e438652a1b67631b151ff/astrolabe_vis-0.1.0-py3-none-any.whl,history/astrolabe-vis.json,"[""deps_dev_direct_sample""]",
astrowidget,Interactive radio astronomy visualization widget for Jupyter,https://pypi.org/project/astrowidget/,[],[],False,custom_widget_candidate,source_supported_candidate,False,True,"[""anywidget""]","[""anywidget""]",2026-04-07T10:11:17.120327Z,2026-04-07T10:11:17.120327Z,0.1.0,2026-04-07T10:11:17.120327Z,0.1.0,False,2026-04-07T10:11:17.120327Z,0.1.0,2026-04-07T10:11:17.120327Z,True,"[""anywidget""]",False,not_established,True,True,True,0.2.0,5,2,5,False,0,ok,https://files.pythonhosted.org/packages/dd/eb/974ead4269449edd8a74cecf327fc9f1fcf8e6b0f5b9c05404e7bc7d25ef/astrowidget-0.1.0-py3-none-any.whl,https://files.pythonhosted.org/packages/dd/eb/974ead4269449edd8a74cecf327fc9f1fcf8e6b0f5b9c05404e7bc7d25ef/astrowidget-0.1.0-py3-none-any.whl,history/astrowidget.json,"[""pypi_name_index""]",
awitree,,https://pypi.org/project/awitree/,[],[],False,custom_widget_candidate,source_supported_candidate,False,True,"[""anywidget""]","[""anywidget""]",2026-04-27T16:28:20.656676Z,2026-04-27T16:28:20.656676Z,0.1.0,2026-04-27T16:28:20.656676Z,0.1.0,False,2026-04-27T16:28:20.656676Z,0.1.0,2026-04-27T16:28:20.656676Z,True,"[""anywidget""]",False,not_established,True,True,True,0.1.0,1,1,1,False,0,ok,https://files.pythonhosted.org/packages/46/10/0b6f79a7f44fa82abc59b624c1b0988b2775dd9293ffdb342374e2c33dbf/awitree-0.1.0-py2.py3-none-any.whl,https://files.pythonhosted.org/packages/46/10/0b6f79a7f44fa82abc59b624c1b0988b2775dd9293ffdb342374e2c33dbf/awitree-0.1.0-py2.py3-none-any.whl,history/awitree.json,"[""deps_dev_direct_sample""]",
azure-maps-jupyter,A Jupyter widget for dynamic Leaflet maps,https://pypi.org/project/azure-maps-jupyter/,"[""jupyter-widgets/ipyleaflet""]","[""jupyter-widgets/ipyleaflet""]",True,custom_widget_candidate,source_supported_candidate,True,True,"[""traditional_custom_widget""]","[""traditional_custom_widget""]",2023-01-06T03:25:58.986141Z,2023-01-06T03:25:58.986141Z,0.0.1,,,,,,,True,"[""traditional_custom_widget""]",False,not_established,False,False,False,0.0.3,3,2,3,False,0,ok,https://files.pythonhosted.org/packages/ad/fd/1cdf1b7e09f8ddbceb8777a3311d352d79eefcb7b090fdfe97d28bd1a0f6/azure_maps_jupyter-0.0.1-py3-none-any.whl,,history/azure-maps-jupyter.json,"[""deps_dev_repo_mapping""]",
azureml-train-widgets,azureml train widgets,https://pypi.org/project/azureml-train-widgets/,[],[],False,custom_widget_candidate,source_supported_candidate,False,True,"[""traditional_custom_widget""]","[""traditional_custom_widget""]",2018-09-19T22:37:18.910768Z,2018-09-19T22:37:18.910768Z,0.1.57,,,,,,,True,"[""traditional_custom_widget""]",False,not_established,False,False,False,0.1.74,6,2,0,False,0,ok,https://files.pythonhosted.org/packages/1d/f1/e2dcde37b23b23a13bb607c006855f94c3fe78a9837ae03d6abc6c523573/azureml_train_widgets-0.1.57-py3-none-any.whl,,history/azureml-train-widgets.json,"[""pypi_name_index""]",
azureml-widgets,"Provides fully supported, with interactivity, async auto-updates, and non-blocking cell execution.",https://pypi.org/project/azureml-widgets/,[],[],False,custom_widget_candidate,source_supported_candidate,False,True,"[""traditional_custom_widget""]","[""traditional_custom_widget""]",2018-11-20T15:17:43.449583Z,2018-11-20T15:17:43.449583Z,0.1.80,,,,,,,True,"[""traditional_custom_widget""]",False,not_established,False,False,False,1.62.0,105,2,15,False,0,ok,https://files.pythonhosted.org/packages/2b/a1/09bff5bc622a07c737a9258e62ab51633fab7fcb01e2e4e171d588597197/azureml_widgets-0.1.80-py3-none-any.whl,,history/azureml-widgets.json,"[""deps_dev_direct_sample"", ""pypi_name_index""]",
bactovision,A package for bacterial image processing,https://pypi.org/project/bactovision/,"[""starostinv/bactovision""]","[""StarostinV/bactovision""]",True,custom_widget_candidate,source_supported_candidate,True,True,"[""anywidget""]","[""anywidget""]",2025-04-02T13:01:51.483009Z,2025-04-02T13:01:51.483009Z,0.1.0,2025-04-02T13:01:51.483009Z,0.1.0,False,2025-04-02T13:01:51.483009Z,0.1.0,2025-04-02T13:01:51.483009Z,True,"[""anywidget""]",False,not_established,True,True,True,0.1.2,3,2,3,False,0,ok,https://files.pythonhosted.org/packages/f1/e3/019a997ea99cb2c368ce6e51cd778a96d38028a251f05f4e0bae8d1b7083/bactovision-0.1.0-py3-none-any.whl,https://files.pythonhosted.org/packages/f1/e3/019a997ea99cb2c368ce6e51cd778a96d38028a251f05f4e0bae8d1b7083/bactovision-0.1.0-py3-none-any.whl,history/bactovision.json,"[""deps_dev_repo_mapping""]",
bamboolib,bamboolib - a GUI for pandas,https://pypi.org/project/bamboolib/,[],[],False,custom_widget_candidate,source_supported_candidate,False,True,"[""traditional_custom_widget""]","[""traditional_custom_widget""]",2021-07-15T14:22:24.104522Z,2022-06-02T22:40:01.930735Z,1.30.8,,,,,,,False,[],False,not_established,False,False,False,1.30.19,21,10,1,False,0,ok,https://files.pythonhosted.org/packages/bb/44/4d319dbb6c2f0df430435e4fa063214462a7f73acc1d244374b4440efa35/bamboolib-1.30.8-py3-none-any.whl,,history/bamboolib.json,"[""deps_dev_direct_sample""]",
bavisitter,,https://pypi.org/project/bavisitter/,"[""jiwnchoi/bavisitter""]","[""jiwnchoi/Bavisitter""]",True,custom_widget_candidate,source_supported_candidate,True,True,"[""anywidget""]","[""anywidget""]",2024-03-19T15:01:31.358580Z,2024-03-19T15:01:31.358580Z,0.0.0,2024-03-19T15:01:31.358580Z,0.0.0,False,2024-03-19T15:01:31.358580Z,0.0.0,2024-03-19T15:01:31.358580Z,True,"[""anywidget""]",False,not_established,False,False,False,0.0.4,9,2,9,False,0,ok,https://files.pythonhosted.org/packages/91/d8/a864c14de98eba39495b5c354d7f3eeb42659b255b83bae5f4fe18b73c40/bavisitter-0.0.0-py2.py3-none-any.whl,https://files.pythonhosted.org/packages/91/d8/a864c14de98eba39495b5c354d7f3eeb42659b255b83bae5f4fe18b73c40/bavisitter-0.0.0-py2.py3-none-any.whl,history/bavisitter.json,"[""repository_package_declaration""]",
beakerx,"BeakerX: Beaker EasyForms, Magics, Plots and Spark Extension for Jupyter Lab 2.x",https://pypi.org/project/beakerx/,"[""twosigma/beakerx""]","[""twosigma/beakerx""]",True,custom_widget_candidate,source_supported_candidate,True,True,[],"[""traditional_custom_widget""]",2017-07-21T16:59:07.030840Z,2017-07-21T16:59:07.030840Z,0.1.0.dev0,,,,,,,True,"[""traditional_custom_widget""]",False,not_established,False,False,False,2.4.3,59,1,4,False,0,no_supported_artifact_under_16MiB,https://files.pythonhosted.org/packages/a4/96/e5a6feaf5b67517e56d1ea197d1780ef6b5987127c8772c36a17ae7c72b5/beakerx-0.1.0.dev0.tar.gz,,history/beakerx.json,"[""deps_dev_direct_sample"", ""deps_dev_repo_mapping""]",
bike-network-traffic,Jupyter anywidget: deck.gl bike station flow map linked to Celldega clustergrams,https://pypi.org/project/bike-network-traffic/,"[""broadinstitute/celldega""]",[],False,custom_widget_candidate,source_supported_candidate,False,True,"[""anywidget""]","[""anywidget""]",2026-04-11T03:23:15.639594Z,2026-04-11T03:23:16.954817Z,0.1.0,2026-04-11T03:23:16.954817Z,0.1.0,False,2026-04-11T03:23:16.954817Z,0.1.0,2026-04-11T03:23:15.639594Z,True,"[""anywidget""]",False,not_established,True,True,True,0.1.1,2,2,2,False,0,ok,https://files.pythonhosted.org/packages/bb/94/04f1ebe3fe3e447cd3858ce70e8e30e7a713b90bdc448baf5021ebeb5833/bike_network_traffic-0.1.0-py3-none-any.whl,https://files.pythonhosted.org/packages/bb/94/04f1ebe3fe3e447cd3858ce70e8e30e7a713b90bdc448baf5021ebeb5833/bike_network_traffic-0.1.0-py3-none-any.whl,history/bike-network-traffic.json,"[""deps_dev_repo_mapping""]",
bitjet,Binary data visualization as a Jupyter anywidget,https://pypi.org/project/bitjet/,"[""rgbkrk/bitjet""]",[],False,custom_widget_candidate,source_supported_candidate,False,True,"[""anywidget""]","[""anywidget"", ""traditional_custom_widget""]",2015-02-24T04:07:01.348737Z,2015-02-24T04:07:01.348737Z,0.1,2026-05-02T05:37:34.847986Z,1.0.0,False,2026-05-02T05:37:34.847986Z,1.0.0,2026-05-02T05:37:34.847986Z,True,"[""traditional_custom_widget""]",True,review_component_continuity,False,False,False,1.0.0,4,3,1,False,0,ok,https://files.pythonhosted.org/packages/57/47/377d98b72ca892a1a75b4c19f7460c580b1c646f98bb9dd46c96b3c53e55/bitjet-0.1.tar.gz,https://files.pythonhosted.org/packages/85/4c/95d63a1afbc6b3527c64f287344d3429769d4cc22ff3f5b61f55fd64aa77/bitjet-1.0.0-py3-none-any.whl,history/bitjet.json,"[""deps_dev_repo_mapping""]",
bonobo,"Bonobo, a simple, modern and atomic extract-transform-load toolkit for python 3.5+.",https://pypi.org/project/bonobo/,"[""python-bonobo/bonobo""]","[""python-bonobo/bonobo""]",True,custom_widget_candidate,source_supported_candidate,True,True,"[""traditional_custom_widget""]","[""traditional_custom_widget""]",2016-12-09T04:39:23.262315Z,2016-12-26T08:16:55.423911Z,0.1.0,,,,,,,False,[],False,not_established,False,False,False,0.6.4,37,3,0,False,0,ok,https://files.pythonhosted.org/packages/0a/81/7bb29e74c11d9d60c9b7c292d3300c2dda194ba5c0019c3f1b106e878d97/bonobo-0.1.0-py2.py3-none-any.whl,,history/bonobo.json,"[""deps_dev_repo_mapping""]",
bpy-widget,Interactive Blender 3D viewport widget for notebooks with real-time Eevee Next rendering.,https://pypi.org/project/bpy-widget/,"[""synapticore-studio/bpy-widget""]",[],False,custom_widget_candidate,source_supported_candidate,False,True,"[""anywidget""]","[""anywidget""]",2025-07-08T22:06:59.952321Z,2025-07-08T22:06:59.952321Z,0.1.0,2025-07-08T22:06:59.952321Z,0.1.0,False,2025-07-08T22:06:59.952321Z,0.1.0,2025-07-08T22:06:59.952321Z,True,"[""anywidget""]",False,not_established,True,True,True,0.1.2,3,2,3,False,0,ok,https://files.pythonhosted.org/packages/80/8e/a9e1d5ea1e6b87f126281d1a4aa64a1cc0acc5a0f76229dd1860deaec18b/bpy_widget-0.1.0-py3-none-any.whl,https://files.pythonhosted.org/packages/80/8e/a9e1d5ea1e6b87f126281d1a4aa64a1cc0acc5a0f76229dd1860deaec18b/bpy_widget-0.1.0-py3-none-any.whl,history/bpy-widget.json,"[""pypi_name_index""]",
bqplot,"Interactive plotting for the Jupyter notebook, using d3.js and ipywidgets.",https://pypi.org/project/bqplot/,"[""bqplot/bqplot""]","[""bqplot/bqplot""]",True,custom_widget_candidate,source_supported_candidate,True,True,"[""traditional_custom_widget""]","[""traditional_custom_widget""]",2015-09-28T21:36:35.360574Z,2015-09-28T21:36:35.360574Z,0.3.3,,,,,,,True,"[""traditional_custom_widget""]",False,not_established,False,False,False,0.13.1,117,2,14,False,0,ok,https://files.pythonhosted.org/packages/64/4d/7585f88a95479833364c07bd54b2883f5456d76e789c3c46919389293019/bqplot-0.3.3.tar.gz,,history/bqplot.json,"[""deps_dev_direct_sample"", ""deps_dev_repo_mapping""]",
bqplot-image-gl,An ipywidget image widget for astronomical purposes,https://pypi.org/project/bqplot-image-gl/,"[""glue-viz/bqplot-image-gl""]","[""glue-viz/bqplot-image-gl""]",True,custom_widget_candidate,source_supported_candidate,True,True,"[""traditional_custom_widget""]","[""traditional_custom_widget""]",2019-05-21T10:34:33.533887Z,2026-07-21T09:19:47.746479Z,1.10.2,,,,,,,False,[],False,not_established,False,False,True,1.10.2,43,13,11,False,0,ok,https://files.pythonhosted.org/packages/64/71/4f873b4337b2d64daa4c07503600d62a597daf966a31d1f16e2ad22c72e8/bqplot_image_gl-1.10.2-py3-none-any.whl,,history/bqplot-image-gl.json,"[""deps_dev_direct_sample"", ""deps_dev_repo_mapping""]",
bqscales,Grammar of Graphics in Python.,https://pypi.org/project/bqscales/,"[""bqplot/bqscales""]",[],False,custom_widget_candidate,source_supported_candidate,False,True,"[""traditional_custom_widget""]","[""traditional_custom_widget""]",2021-01-26T15:09:01.430423Z,2021-01-26T15:09:01.430423Z,0.1.0,,,,,,,True,"[""traditional_custom_widget""]",False,not_established,False,False,False,0.3.7,15,2,6,False,0,ok,https://files.pythonhosted.org/packages/2d/22/2d406a1003caa02482ee9aa601d7782dd1e5605ba82691a648fccf06979d/bqscales-0.1.0-py2.py3-none-any.whl,,history/bqscales.json,"[""deps_dev_direct_sample""]",
brat-widget,Jupiter Widget library for BRAT visualization and annotation functionality.,https://pypi.org/project/brat-widget/,"[""mammut-io/brat-widget""]","[""mammut-io/brat-widget""]",True,custom_widget_candidate,source_supported_candidate,True,True,"[""traditional_custom_widget""]","[""traditional_custom_widget""]",2017-11-02T19:38:40.099901Z,2017-11-02T19:38:40.099901Z,0.1.0.dev0,,,,,,,True,"[""traditional_custom_widget""]",False,not_established,False,False,False,0.2.5,8,2,0,False,0,ok,https://files.pythonhosted.org/packages/f1/99/b08d8a591db755ee6d34b2e268ee2c47ec71f78dec33da0012dba4b6df25/brat_widget-0.1.0.dev0.tar.gz,,history/brat-widget.json,"[""deps_dev_repo_mapping"", ""pypi_name_index""]",
brushable-widget,,https://pypi.org/project/brushable-widget/,[],[],False,custom_widget_candidate,source_supported_candidate,False,True,"[""anywidget""]","[""anywidget""]",2025-02-18T22:01:25.052538Z,2025-02-18T22:01:25.052538Z,0.0.0,2025-02-18T22:01:25.052538Z,0.0.0,False,2025-02-18T22:01:25.052538Z,0.0.0,2025-02-18T22:01:25.052538Z,True,"[""anywidget""]",False,not_established,True,True,True,0.1.8,9,2,9,False,0,ok,https://files.pythonhosted.org/packages/ad/a4/630b6975e36d08868f93499618e89dca4b00f7c799ae69be8e863c3a9d54/brushable_widget-0.0.0-py2.py3-none-any.whl,https://files.pythonhosted.org/packages/ad/a4/630b6975e36d08868f93499618e89dca4b00f7c799ae69be8e863c3a9d54/brushable_widget-0.0.0-py2.py3-none-any.whl,history/brushable-widget.json,"[""pypi_name_index""]",
bt-visualizer,Backtest visualization widget for JupyterLab,https://pypi.org/project/bt-visualizer/,"[""finance-insight-lab/bt-visualizer""]",[],False,custom_widget_candidate,source_supported_candidate,False,True,"[""anywidget""]","[""anywidget""]",2025-04-28T11:29:29.883142Z,2025-04-28T11:29:29.883142Z,0.1.6,2025-04-28T11:29:29.883142Z,0.1.6,False,2025-04-28T11:29:29.883142Z,0.1.6,2025-04-28T11:29:29.883142Z,True,"[""anywidget""]",False,not_established,True,True,True,0.2.3,2,2,2,False,0,ok,https://files.pythonhosted.org/packages/62/86/d89108d67c65d04ea504b5adec70fb4bbf1ead50249498f768ffe0341bbe/bt_visualizer-0.1.6-py3-none-any.whl,https://files.pythonhosted.org/packages/62/86/d89108d67c65d04ea504b5adec70fb4bbf1ead50249498f768ffe0341bbe/bt_visualizer-0.1.6-py3-none-any.whl,history/bt-visualizer.json,"[""deps_dev_repo_mapping""]",
bts-pivot,"Auto-fitted pivot tables that toggle to histograms and back, with slicing, clustering, Markov chains, paging for big data, an MCP server for LLM agents and Jupyter menus. For cyber logs or any tabular data.",https://pypi.org/project/bts-pivot/,"[""700799/pivot2hist""]",[],False,custom_widget_candidate,source_supported_candidate,False,True,"[""anywidget""]","[""anywidget""]",2026-09-27T03:26:24.515473Z,2026-09-27T03:26:24.515473Z,0.20.0,2026-09-27T03:26:24.515473Z,0.20.0,False,2026-09-27T03:26:24.515473Z,0.20.0,2026-09-27T03:26:24.515473Z,True,"[""anywidget""]",False,not_established,True,True,True,0.20.0,1,1,1,False,0,ok,https://files.pythonhosted.org/packages/3d/6c/2b556f294b4f932059ca67642b41231c97b1202e1d9a1401687ccf17798c/bts_pivot-0.20.0-py3-none-any.whl,https://files.pythonhosted.org/packages/3d/6c/2b556f294b4f932059ca67642b41231c97b1202e1d9a1401687ccf17798c/bts_pivot-0.20.0-py3-none-any.whl,history/bts-pivot.json,"[""deps_dev_repo_mapping""]",
buckaroo,Buckaroo - GUI Data wrangling for pandas,https://pypi.org/project/buckaroo/,"[""buckaroo-data/buckaroo"", ""paddymul/buckaroo""]","[""paddymul/buckaroo""]",True,custom_widget_candidate,source_supported_candidate,True,True,"[""anywidget""]","[""anywidget"", ""traditional_custom_widget""]",2023-04-30T15:54:26.081093Z,2023-04-30T15:54:26.081093Z,0.2.5,2024-12-27T16:20:51.679229Z,0.8.0,False,2024-12-27T16:20:51.679229Z,0.8.0,2024-12-27T16:20:51.679229Z,True,"[""traditional_custom_widget""]",True,review_component_continuity,False,False,False,0.15.8,141,4,141,False,0,ok,https://files.pythonhosted.org/packages/ee/5a/084da26714a1afef1ee879814e7772666475d87dc8e38db71093257c9e8f/buckaroo-0.2.5-py3-none-any.whl,https://files.pythonhosted.org/packages/94/62/bb9f8fd94de89447b651569d31648fdd27ac9fc97aee942aebc6feb0133a/buckaroo-0.8.0-py3-none-any.whl,history/buckaroo.json,"[""deps_dev_direct_sample"", ""deps_dev_repo_mapping""]",
button-execute,Jupyter notebook button to execute subsequent cells,https://pypi.org/project/button-execute/,"[""protprotocols/jupyter-button_execute""]","[""ProtProtocols/jupyter-button_execute""]",True,custom_widget_candidate,source_supported_candidate,True,True,"[""traditional_custom_widget""]","[""traditional_custom_widget""]",2018-10-04T09:57:24.149588Z,2018-10-04T09:57:24.149588Z,0.1.0a0,,,,,,,True,"[""traditional_custom_widget""]",False,not_established,False,False,False,0.3.0,4,2,0,False,0,ok,https://files.pythonhosted.org/packages/08/98/83b8cf468f7eac95825953c57e48c6a0540dc16c7d1c52bf52eb1c1c4598/button_execute-0.1.0a0-py2.py3-none-any.whl,,history/button-execute.json,"[""deps_dev_repo_mapping""]",
cad-viewer-widget,A Jupyter widget to view cad objects,https://pypi.org/project/cad-viewer-widget/,"[""bernhard-42/cad-viewer-widget""]","[""bernhard-42/cad-viewer-widget""]",True,custom_widget_candidate,source_supported_candidate,True,True,"[""traditional_custom_widget""]","[""traditional_custom_widget""]",2021-10-31T05:54:07.432102Z,2021-10-31T05:54:07.432102Z,0.9.0rc0,,,,,,,True,"[""traditional_custom_widget""]",False,not_established,False,False,False,4.1.5,29,2,9,False,0,ok,https://files.pythonhosted.org/packages/c6/94/8e1bfbd6bf274e8ff80f77262d81b995fb5f704fe92dcb1039c957b9d3cf/cad_viewer_widget-0.9.0rc0-py2.py3-none-any.whl,,history/cad-viewer-widget.json,"[""deps_dev_direct_sample"", ""deps_dev_repo_mapping"", ""pypi_name_index""]",
canica,,https://pypi.org/project/canica/,"[""lakeraai/canica""]","[""lakeraai/canica""]",True,custom_widget_candidate,source_supported_candidate,True,True,"[""anywidget""]","[""anywidget""]",2023-09-29T13:46:44.969298Z,2023-09-29T13:46:46.729440Z,0.0.0,2023-09-29T13:46:46.729440Z,0.0.0,False,2023-09-29T13:46:46.729440Z,0.0.0,2023-09-29T13:46:44.969298Z,True,"[""anywidget""]",False,not_established,False,False,False,0.0.19,20,2,20,False,0,ok,https://files.pythonhosted.org/packages/fa/e7/0af5cc8ab38bd1c2dbbcdbaf3fccc216eb5df03af1f3aebbba92dbdfa691/canica-0.0.0-py2.py3-none-any.whl,https://files.pythonhosted.org/packages/fa/e7/0af5cc8ab38bd1c2dbbcdbaf3fccc216eb5df03af1f3aebbba92dbdfa691/canica-0.0.0-py2.py3-none-any.whl,history/canica.json,"[""deps_dev_direct_sample"", ""repository_package_declaration""]",
canvasxpress-anywidget,CanvasXpress interactive charts as Jupyter / Colab / VS Code / marimo notebook widgets via anywidget,https://pypi.org/project/canvasxpress-anywidget/,"[""neuhausi/canvasxpress""]",[],False,custom_widget_candidate,source_supported_candidate,False,True,"[""anywidget""]","[""anywidget""]",2026-09-03T03:46:11.695546Z,2026-09-03T03:46:11.695546Z,0.1.0,2026-09-03T03:46:11.695546Z,0.1.0,False,2026-09-03T03:46:11.695546Z,0.1.0,2026-09-03T03:46:11.695546Z,True,"[""anywidget""]",False,not_established,True,True,True,0.1.1,2,2,2,False,0,ok,https://files.pythonhosted.org/packages/a5/81/98f96dc7e4d29ade40e707bc8d27e03c19b6111086ff16588352f69c232f/canvasxpress_anywidget-0.1.0-py3-none-any.whl,https://files.pythonhosted.org/packages/a5/81/98f96dc7e4d29ade40e707bc8d27e03c19b6111086ff16588352f69c232f/canvasxpress_anywidget-0.1.0-py3-none-any.whl,history/canvasxpress-anywidget.json,"[""deps_dev_direct_sample"", ""pypi_name_index""]",
captum,Model Interpretability for PyTorch,https://pypi.org/project/captum/,"[""meta-pytorch/captum""]","[""pytorch/captum""]",True,custom_widget_candidate,source_supported_candidate,True,True,[],"[""traditional_custom_widget""]",2019-09-03T17:33:18.109239Z,2020-03-05T21:16:52.488087Z,0.2.0,,,,,,,False,[],False,not_established,False,False,False,0.9.0,12,4,4,False,0,ok,https://files.pythonhosted.org/packages/42/de/c018e206d463d9975444c28b0a4f103c9ca4b2faedf943df727e402a1a1e/captum-0.2.0-py3-none-any.whl,,history/captum.json,"[""deps_dev_repo_mapping""]",
catboost,CatBoost Python Package,https://pypi.org/project/catboost/,"[""catboost/catboost""]","[""catboost/catboost""]",True,custom_widget_candidate,source_supported_candidate,True,True,[],"[""traditional_custom_widget""]",2017-07-17T19:14:31.151017Z,2017-07-17T19:14:31.151017Z,0.1.1,,,,,,,True,"[""traditional_custom_widget""]",False,not_established,False,False,False,1.2.10,95,1,12,False,0,no_supported_artifact_under_16MiB,https://files.pythonhosted.org/packages/bc/cb/32de8e2db923e4dc43f611fea190eea75c86b6c58c2ebaf88c4e7a23daaf/catboost-0.1.1-cp27-none-win_amd64.whl,,history/catboost.json,"[""deps_dev_repo_mapping""]",
catboost-dev,Catboost Python Package,https://pypi.org/project/catboost-dev/,"[""catboost/catboost""]","[""catboost/catboost""]",True,custom_widget_candidate,source_supported_candidate,True,True,[],"[""traditional_custom_widget""]",2018-09-29T08:01:32.322964Z,2018-09-29T08:01:49.117550Z,0.10.2.132,,,,,,,True,"[""traditional_custom_widget""]",False,not_established,False,False,False,0.26.1,408,1,1,False,0,no_supported_artifact_under_16MiB,https://files.pythonhosted.org/packages/d7/cd/79ccf7ccd1724264ee1c46d7924244984cb45f1d0edfd9882fcac002c7da/catboost_dev-0.10.2.132-cp27-none-win_amd64.whl,,history/catboost-dev.json,"[""deps_dev_repo_mapping""]",
catboost-no-sse4,CatBoost Python Package,https://pypi.org/project/catboost-no-sse4/,"[""catboost/catboost""]","[""catboost/catboost""]",True,custom_widget_candidate,source_supported_candidate,True,True,"[""traditional_custom_widget""]","[""traditional_custom_widget""]",2024-06-16T21:22:01.593732Z,2024-06-16T21:22:01.593732Z,1.2.5,,,,,,,True,"[""traditional_custom_widget""]",False,not_established,False,False,False,1.2.5.2,3,2,3,False,0,ok,https://files.pythonhosted.org/packages/e6/ac/bd507cbee78a1e1fc359840463e963a79e01ccd67df727aee75d66b5bf18/catboost_no_sse4-1.2.5-cp310-cp310-manylinux_2_34_x86_64.whl,,history/catboost-no-sse4.json,"[""deps_dev_repo_mapping""]",
cccs-ipyaggrid,Jupyter widget - ag-grid in the notebook,https://pypi.org/project/cccs-ipyaggrid/,"[""widgetti/ipyaggrid""]","[""widgetti/ipyaggrid""]",True,custom_widget_candidate,source_supported_candidate,True,True,"[""traditional_custom_widget""]","[""traditional_custom_widget""]",2023-09-21T21:28:02.791460Z,2023-09-21T21:28:02.791460Z,0.5.1,,,,,,,True,"[""traditional_custom_widget""]",False,not_established,False,False,False,0.5.6,6,2,6,False,0,ok,https://files.pythonhosted.org/packages/9d/65/12aaf6d0846d68d2d597a52541ee69d7713a3857b7602cf2a483bed8369d/cccs_ipyaggrid-0.5.1-py2.py3-none-any.whl,,history/cccs-ipyaggrid.json,"[""deps_dev_repo_mapping""]",
celldega,,https://pypi.org/project/celldega/,[],[],False,custom_widget_candidate,source_supported_candidate,False,True,"[""anywidget""]","[""anywidget""]",2024-04-04T22:16:41.842396Z,2024-04-04T22:16:41.842396Z,0.0.0,2024-04-04T22:16:41.842396Z,0.0.0,False,2024-04-04T22:16:41.842396Z,0.0.0,2024-04-04T22:16:41.842396Z,True,"[""anywidget""]",False,not_established,False,False,False,0.25.0,110,2,110,False,0,ok,https://files.pythonhosted.org/packages/c9/c5/448851b57f3004ccb1b42c7c0987bf5bf577bdc6fd38f69253de885a7e62/celldega-0.0.0-py2.py3-none-any.whl,https://files.pythonhosted.org/packages/c9/c5/448851b57f3004ccb1b42c7c0987bf5bf577bdc6fd38f69253de885a7e62/celldega-0.0.0-py2.py3-none-any.whl,history/celldega.json,"[""deps_dev_direct_sample""]",
cellpop,,https://pypi.org/project/cellpop/,[],[],False,custom_widget_candidate,source_supported_candidate,False,True,"[""anywidget""]","[""anywidget""]",2025-02-12T16:09:18.892235Z,2025-02-12T16:09:18.892235Z,0.1.0,2025-02-12T16:09:18.892235Z,0.1.0,False,2025-02-12T16:09:18.892235Z,0.1.0,2025-02-12T16:09:18.892235Z,True,"[""anywidget""]",False,not_established,True,True,True,0.1.1,2,2,2,False,0,ok,https://files.pythonhosted.org/packages/44/62/4eef190ca3da01449ca67e65db97028754f51a169d0619ace9660b949379/cellpop-0.1.0-py2.py3-none-any.whl,https://files.pythonhosted.org/packages/44/62/4eef190ca3da01449ca67e65db97028754f51a169d0619ace9660b949379/cellpop-0.1.0-py2.py3-none-any.whl,history/cellpop.json,"[""deps_dev_direct_sample""]",
cesiumjs-anywidget,A Jupyter widget for CesiumJS 3D globe visualization using anywidget,https://pypi.org/project/cesiumjs-anywidget/,"[""alex-placet/cesiumjs_anywidget""]",[],False,custom_widget_candidate,source_supported_candidate,False,True,"[""anywidget""]","[""anywidget""]",2025-11-19T15:15:10.214843Z,2025-11-19T15:15:10.214843Z,0.2.4,2025-11-19T15:15:10.214843Z,0.2.4,False,2025-11-19T15:15:10.214843Z,0.2.4,2025-11-19T15:15:10.214843Z,True,"[""anywidget""]",False,not_established,True,True,True,1.4.0,15,2,15,False,0,ok,https://files.pythonhosted.org/packages/d5/46/298a76149c6420847742f49c4672dd6255e8869479581fba727477a134aa/cesiumjs_anywidget-0.2.4-py3-none-any.whl,https://files.pythonhosted.org/packages/d5/46/298a76149c6420847742f49c4672dd6255e8869479581fba727477a134aa/cesiumjs_anywidget-0.2.4-py3-none-any.whl,history/cesiumjs-anywidget.json,"[""deps_dev_direct_sample"", ""deps_dev_repo_mapping"", ""pypi_name_index""]",
cesiumkit,Object-oriented Python interface for CesiumJS 3D geospatial visualization,https://pypi.org/project/cesiumkit/,"[""link2427/cesiumkit""]",[],False,custom_widget_candidate,source_supported_candidate,False,True,"[""anywidget""]","[""anywidget""]",2026-04-08T23:40:24.946924Z,2026-08-04T18:40:47.411921Z,0.5.0,2026-08-04T18:40:47.411921Z,0.5.0,False,2026-08-04T18:40:47.411921Z,0.5.0,2026-08-04T18:40:47.411921Z,False,[],False,not_established,True,True,True,1.0.0,10,6,10,False,0,ok,https://files.pythonhosted.org/packages/71/4e/dd6a8ebbcc418990446fe1b74ade14e675052a5ee1a8236ba69f25c1ec04/cesiumkit-0.5.0-py3-none-any.whl,https://files.pythonhosted.org/packages/71/4e/dd6a8ebbcc418990446fe1b74ade14e675052a5ee1a8236ba69f25c1ec04/cesiumkit-0.5.0-py3-none-any.whl,history/cesiumkit.json,"[""deps_dev_repo_mapping""]",
cev,comparative embedding visualization,https://pypi.org/project/cev/,"[""ozettetech/comparative-embedding-visualization""]","[""OzetteTech/comparative-embedding-visualization""]",True,custom_widget_candidate,source_supported_candidate,True,True,"[""anywidget""]","[""anywidget""]",2023-02-15T19:14:25.106909Z,2023-02-15T19:14:25.106909Z,0.0.0,2023-02-15T19:14:25.106909Z,0.0.0,False,2023-02-15T19:14:25.106909Z,0.0.0,2023-02-15T19:14:25.106909Z,True,"[""anywidget""]",False,not_established,False,False,False,0.2.2,6,2,6,False,0,ok,https://files.pythonhosted.org/packages/53/43/763611634ee3c61c2a53a692fb43931543ea5c05473951f79bda9d192cfa/cev-0.0.0-py3-none-any.whl,https://files.pythonhosted.org/packages/53/43/763611634ee3c61c2a53a692fb43931543ea5c05473951f79bda9d192cfa/cev-0.0.0-py3-none-any.whl,history/cev.json,"[""deps_dev_direct_sample"", ""deps_dev_repo_mapping""]",
chart-studio,Utilities for interfacing with plotly's Chart Studio,https://pypi.org/project/chart-studio/,"[""plotly/plotly.py""]","[""plotly/plotly.py""]",True,custom_widget_candidate,source_supported_candidate,True,True,[],"[""traditional_custom_widget""]",2019-06-15T17:24:48.190369Z,2019-06-15T17:24:48.190369Z,1.0.0a1,,,,,,,True,"[""traditional_custom_widget""]",False,not_established,False,False,False,1.1.0,8,2,0,False,0,ok,https://files.pythonhosted.org/packages/58/06/253c821af68ef2e63ca2aa37c58ff2e41cd85a703625ffe8a30d2af68c39/chart_studio-1.0.0a1-py3-none-any.whl,,history/chart-studio.json,"[""deps_dev_repo_mapping""]",
chart-xkcd,Python API for generating XKCD-style charts,https://pypi.org/project/chart-xkcd/,"[""gvwilson/chart.xkcd""]",[],False,custom_widget_candidate,source_supported_candidate,False,True,"[""anywidget""]","[""anywidget""]",2026-02-14T18:14:03.168050Z,2026-02-15T03:11:35.968453Z,0.3.0,2026-02-15T03:11:35.968453Z,0.3.0,False,2026-02-15T03:11:35.968453Z,0.3.0,2026-02-15T03:11:35.968453Z,False,[],False,not_established,True,True,True,0.5.0,8,4,8,False,0,ok,https://files.pythonhosted.org/packages/33/c0/d67009c0ceec97319fee11acad9bdcbdd93fb264acdc98a5c5bb2fd6fdf2/chart_xkcd-0.3.0-py3-none-any.whl,https://files.pythonhosted.org/packages/33/c0/d67009c0ceec97319fee11acad9bdcbdd93fb264acdc98a5c5bb2fd6fdf2/chart_xkcd-0.3.0-py3-none-any.whl,history/chart-xkcd.json,"[""deps_dev_direct_sample""]",
chartout,"Print your insights, anytime, anywhere",https://pypi.org/project/chartout/,"[""hoekinsights/chartout""]",[],False,custom_widget_candidate,source_supported_candidate,False,True,"[""anywidget""]","[""anywidget""]",2025-08-19T18:40:19.403234Z,2025-08-19T18:40:21.143049Z,0.0.0,2025-08-19T18:40:21.143049Z,0.0.0,False,2025-08-19T18:40:21.143049Z,0.0.0,2026-06-12T22:41:16.018072Z,True,"[""anywidget""]",False,not_established,True,True,True,1.0.0,5,3,5,False,0,ok,https://files.pythonhosted.org/packages/78/68/da5fc13185e5087b61de7190e3332329ca9b2d8181ce2f1ebfbf875b33a2/chartout-0.0.0-py3-none-any.whl,https://files.pythonhosted.org/packages/78/68/da5fc13185e5087b61de7190e3332329ca9b2d8181ce2f1ebfbf875b33a2/chartout-0.0.0-py3-none-any.whl,history/chartout.json,"[""deps_dev_direct_sample""]",
chat-ui,,https://pypi.org/project/chat-ui/,[],[],False,custom_widget_candidate,source_supported_candidate,False,True,"[""anywidget""]","[""anywidget""]",2025-02-24T13:43:03.994742Z,2025-02-24T13:43:05.674323Z,0.1.0,2025-02-24T13:43:05.674323Z,0.1.0,False,2025-02-24T13:43:05.674323Z,0.1.0,2025-02-24T13:43:03.994742Z,True,"[""anywidget""]",False,not_established,True,True,True,1.2.2,6,2,6,False,0,ok,https://files.pythonhosted.org/packages/f7/30/99d72198fe908099e2cf5e78e18e66b207a810a9bb9fde7952a8b1f8ec1b/chat_ui-0.1.0-py2.py3-none-any.whl,https://files.pythonhosted.org/packages/f7/30/99d72198fe908099e2cf5e78e18e66b207a810a9bb9fde7952a8b1f8ec1b/chat_ui-0.1.0-py2.py3-none-any.whl,history/chat-ui.json,"[""deps_dev_direct_sample""]",
chemiscope,Helpers to work with the chemiscope interactive structure/property explorer for materials and molecules,https://pypi.org/project/chemiscope/,"[""lab-cosmo/chemiscope""]",[],False,custom_widget_candidate,source_supported_candidate,False,True,"[""anywidget""]","[""anywidget"", ""traditional_custom_widget""]",2020-11-20T17:36:08.951332Z,2021-09-03T11:33:50.401273Z,0.3.0,2026-06-28T10:22:38.902574Z,1.1.0,False,2026-06-28T10:22:38.902574Z,1.1.0,2026-06-28T10:22:38.902574Z,False,[],True,review_component_continuity,False,False,False,1.1.0,39,4,29,False,0,ok,https://files.pythonhosted.org/packages/99/39/7125b8641b48926ea47e9b6950971612826cca9ff4dcd0d457b1de2a4696/chemiscope-0.3.0-py2.py3-none-any.whl,https://files.pythonhosted.org/packages/ca/5d/159143b0a7b4f0997460aad7d2a82d7456eb3523844ea6d1debb7013308b/chemiscope-1.1.0-py3-none-any.whl,history/chemiscope.json,"[""deps_dev_direct_sample"", ""deps_dev_repo_mapping""]",
chemview,Interactive molecular viewer for IPython notebook,https://pypi.org/project/chemview/,"[""gabrielelanaro/chemview""]","[""gabrielelanaro/chemview""]",True,custom_widget_candidate,source_supported_candidate,True,True,"[""traditional_custom_widget""]","[""traditional_custom_widget""]",2015-01-14T04:39:22.583976Z,2016-02-20T02:03:16.949677Z,0.6,,,,,,,False,[],False,not_established,False,False,False,0.6,4,3,0,False,0,ok,https://files.pythonhosted.org/packages/81/54/8cbae8d1aba5c3ecb58c85d51b28c62f56858c7c9dc9a7617c6d69f4e1aa/chemview-0.6-py3-none-any.whl,,history/chemview.json,"[""deps_dev_repo_mapping""]",
chromospyce,,https://pypi.org/project/chromospyce/,[],[],False,custom_widget_candidate,source_supported_candidate,False,True,"[""anywidget""]","[""anywidget""]",2024-03-21T17:56:04.205480Z,2024-03-21T17:56:04.205480Z,0.0.1,2024-03-21T17:56:04.205480Z,0.0.1,False,2024-03-21T17:56:04.205480Z,0.0.1,2024-03-21T17:56:04.205480Z,True,"[""anywidget""]",False,not_established,False,False,False,0.1.2,9,2,9,False,0,ok,https://files.pythonhosted.org/packages/4c/ef/472bc4c305f085f436cb1d06a1932fcd00bc0b3767126f910844fde10cd1/chromospyce-0.0.1-py2.py3-none-any.whl,https://files.pythonhosted.org/packages/4c/ef/472bc4c305f085f436cb1d06a1932fcd00bc0b3767126f910844fde10cd1/chromospyce-0.0.1-py2.py3-none-any.whl,history/chromospyce.json,"[""deps_dev_direct_sample""]",
cityview,CityJSON renderer for Jupyter Notebook / JupyterLab,https://pypi.org/project/cityview/,"[""ozekik/cityview""]","[""ozekik/cityview""]",True,custom_widget_candidate,source_supported_candidate,True,True,"[""anywidget""]","[""anywidget""]",2024-08-15T15:56:31.417261Z,2024-08-15T15:56:31.417261Z,0.1.0,2024-08-15T15:56:31.417261Z,0.1.0,False,2024-08-15T15:56:31.417261Z,0.1.0,2024-08-15T15:56:31.417261Z,True,"[""anywidget""]",False,not_established,False,False,False,0.2.0,2,2,2,False,0,ok,https://files.pythonhosted.org/packages/36/b9/c6a3556f62e1447618382c906bf4beb354773d6d4ff45b0d48f8c559658d/cityview-0.1.0-py3-none-any.whl,https://files.pythonhosted.org/packages/36/b9/c6a3556f62e1447618382c906bf4beb354773d6d4ff45b0d48f8c559658d/cityview-0.1.0-py3-none-any.whl,history/cityview.json,"[""deps_dev_direct_sample"", ""deps_dev_repo_mapping""]",
clara-viz-widgets,A toolkit to provide GPU accelerated visualization of medical data.,https://pypi.org/project/clara-viz-widgets/,"[""nvidia/clara-viz""]","[""NVIDIA/clara-viz""]",True,custom_widget_candidate,source_supported_candidate,True,True,"[""traditional_custom_widget""]","[""traditional_custom_widget""]",2021-12-03T09:07:53.329845Z,2021-12-03T09:07:53.329845Z,0.1.0,,,,,,,True,"[""traditional_custom_widget""]",False,not_established,False,False,False,0.4.2,13,2,6,False,0,ok,https://files.pythonhosted.org/packages/d1/a7/be698569427b568351a2e7b56340cb95548575baf41cf868cc7dd6b2df65/clara_viz_widgets-0.1.0-py2.py3-none-any.whl,,history/clara-viz-widgets.json,"[""deps_dev_direct_sample"", ""deps_dev_repo_mapping"", ""pypi_name_index""]",
cloudposterior,"Run PyMC MCMC sampling on cloud VMs with one line of code. Caching, live progress, and phone notifications included.",https://pypi.org/project/cloudposterior/,"[""justmytwospence/cloudposterior""]",[],False,custom_widget_candidate,source_supported_candidate,False,True,"[""anywidget""]","[""anywidget""]",2026-06-04T17:44:19.797764Z,2026-06-04T17:44:19.797764Z,0.6.0a1,2026-06-04T17:44:19.797764Z,0.6.0a1,True,2026-06-04T17:50:26.919146Z,0.6.0,2026-06-04T17:44:19.797764Z,True,"[""anywidget""]",False,not_established,True,True,True,0.7.0,4,3,4,False,0,ok,https://files.pythonhosted.org/packages/36/be/187f48161ab0a700e2bbca12e4f05b1508c957c6d91d1e0c24db43ba2871/cloudposterior-0.6.0a1-py3-none-any.whl,https://files.pythonhosted.org/packages/36/be/187f48161ab0a700e2bbca12e4f05b1508c957c6d91d1e0c24db43ba2871/cloudposterior-0.6.0a1-py3-none-any.whl,history/cloudposterior.json,"[""deps_dev_direct_sample"", ""deps_dev_repo_mapping""]",
clustergrammer-widget2,A Custom Jupyter Widget Library,https://pypi.org/project/clustergrammer-widget2/,"[""ismms-himc/clustergrammer-widget2-deprecated""]",[],False,custom_widget_candidate,source_supported_candidate,False,True,"[""traditional_custom_widget""]","[""traditional_custom_widget""]",2018-03-15T01:56:45.175741Z,2018-03-15T01:56:45.175741Z,0.1.0a0,,,,,,,True,"[""traditional_custom_widget""]",False,not_established,False,False,False,0.6.3,14,2,0,False,0,ok,https://files.pythonhosted.org/packages/da/94/66f91e04e3250e9df692bea3a214396cf932eeb36f82fcdeab81ddfc9b6a/clustergrammer_widget2-0.1.0a0.tar.gz,,history/clustergrammer-widget2.json,"[""pypi_name_index""]",
clustergrammer2,A Custom Jupyter Widget Library,https://pypi.org/project/clustergrammer2/,"[""ismms-himc/clustergrammer2""]","[""ismms-himc/clustergrammer2""]",True,custom_widget_candidate,source_supported_candidate,True,True,"[""traditional_custom_widget""]","[""traditional_custom_widget""]",2018-08-31T05:38:05.176411Z,2018-08-31T05:38:39.549406Z,0.1.0a0,,,,,,,True,"[""traditional_custom_widget""]",False,not_established,False,False,False,0.18.0,68,2,0,False,0,ok,https://files.pythonhosted.org/packages/0b/3b/567eece37ca94187da944dfaa9b2ef2ef031f7bde90fde3eaf53bd8830f2/clustergrammer2-0.1.0a0-py2.py3-none-any.whl,,history/clustergrammer2.json,"[""deps_dev_repo_mapping""]",
cm-jupyter-widget,CleverMaps Marimo Widget - A widget for embedding CleverMaps visualizations in Marimo notebooks.,https://pypi.org/project/cm-jupyter-widget/,"[""clevermaps/cm-jupyter-widget""]",[],False,custom_widget_candidate,source_supported_candidate,False,True,"[""anywidget""]","[""anywidget""]",2025-05-14T13:14:47.346037Z,2025-05-14T13:14:47.346037Z,0.1.0,2025-05-14T13:14:47.346037Z,0.1.0,False,2025-05-14T13:14:47.346037Z,0.1.0,2025-05-14T13:14:47.346037Z,True,"[""anywidget""]",False,not_established,True,True,True,0.3.8,11,2,11,False,0,ok,https://files.pythonhosted.org/packages/30/b9/036aabe2e7f7d445eff238d71808679cae365c378faab94566a3793f1a84/cm_jupyter_widget-0.1.0-py3-none-any.whl,https://files.pythonhosted.org/packages/30/b9/036aabe2e7f7d445eff238d71808679cae365c378faab94566a3793f1a84/cm_jupyter_widget-0.1.0-py3-none-any.whl,history/cm-jupyter-widget.json,"[""deps_dev_repo_mapping"", ""pypi_name_index""]",
cnotebook,Chemistry visualization in Jupyter Notebooks with the OpenEye Toolkits,https://pypi.org/project/cnotebook/,"[""scott-arne/cnotebook""]",[],False,custom_widget_candidate,source_supported_candidate,False,True,"[""anywidget""]","[""anywidget""]",2026-01-10T16:03:01.451189Z,2026-02-02T23:31:40.510046Z,2.1.0,2026-02-02T23:31:40.510046Z,2.1.0,False,2026-02-02T23:31:40.510046Z,2.1.0,2026-02-02T23:31:40.510046Z,False,[],False,not_established,True,True,True,4.0.0,29,5,29,False,0,ok,https://files.pythonhosted.org/packages/a5/10/f2beba85cb5b76260ac1688d25fcb93a3e3c12cfb5fe8a8bdcde182a7972/cnotebook-2.1.0-py3-none-any.whl,https://files.pythonhosted.org/packages/a5/10/f2beba85cb5b76260ac1688d25fcb93a3e3c12cfb5fe8a8bdcde182a7972/cnotebook-2.1.0-py3-none-any.whl,history/cnotebook.json,"[""deps_dev_repo_mapping""]",
cobramod,Python package for pathway-centric modification and extension of genome-scale metabolic networks,https://pypi.org/project/cobramod/,"[""toepfer-lab/cobramod""]","[""Toepfer-Lab/cobramod""]",True,custom_widget_candidate,source_supported_candidate,True,True,"[""anywidget""]","[""anywidget""]",2021-07-28T22:34:37.591174Z,2024-05-16T22:51:34.042467Z,1.3.0,2024-05-16T22:51:34.042467Z,1.3.0,False,2024-05-16T22:51:34.042467Z,1.3.0,2024-05-16T22:51:34.042467Z,False,[],False,not_established,False,False,False,1.3.1,9,9,3,False,0,ok,https://files.pythonhosted.org/packages/ad/41/68261e52676656503ed5768c3f94f6d512f9b0fa1f36f6d2189c826857d0/cobramod-1.3.0-py3-none-any.whl,https://files.pythonhosted.org/packages/ad/41/68261e52676656503ed5768c3f94f6d512f9b0fa1f36f6d2189c826857d0/cobramod-1.3.0-py3-none-any.whl,history/cobramod.json,"[""deps_dev_repo_mapping""]",
codelens-widget,Project description,https://pypi.org/project/codelens-widget/,"[""munch-group/codelens-widget""]",[],False,custom_widget_candidate,source_supported_candidate,False,True,"[""anywidget""]","[""anywidget""]",2026-05-23T17:06:59.115092Z,2026-05-23T17:06:59.115092Z,0.1.28,2026-05-23T17:06:59.115092Z,0.1.28,False,2026-05-23T17:06:59.115092Z,0.1.28,2026-05-23T17:06:59.115092Z,True,"[""anywidget""]",False,not_established,True,True,True,0.1.43,8,2,8,False,0,ok,https://files.pythonhosted.org/packages/f2/8c/d8b6673c87fdfc4686f86097cc8340601655ce0c04c2ea469a0915f0abf9/codelens_widget-0.1.28-py3-none-any.whl,https://files.pythonhosted.org/packages/f2/8c/d8b6673c87fdfc4686f86097cc8340601655ce0c04c2ea469a0915f0abf9/codelens_widget-0.1.28-py3-none-any.whl,history/codelens-widget.json,"[""pypi_name_index""]",
colight,,https://pypi.org/project/colight/,[],[],False,custom_widget_candidate,source_supported_candidate,False,True,"[""anywidget""]","[""anywidget""]",2025-06-11T22:13:37.204446Z,2025-06-11T22:13:37.204446Z,2025.4.1.dev202506112213,2025-06-11T22:13:37.204446Z,2025.4.1.dev202506112213,True,2025-06-17T17:48:28.067155Z,2025.4.1,2025-06-11T22:13:37.204446Z,True,"[""anywidget""]",False,not_established,True,True,True,2025.7.8,41,3,41,False,0,ok,https://files.pythonhosted.org/packages/1e/b5/088b43594052bafa489aa497179d6806008ed6f9711fb529d5c0e3397c34/colight-2025.4.1.dev202506112213-py3-none-any.whl,https://files.pythonhosted.org/packages/1e/b5/088b43594052bafa489aa497179d6806008ed6f9711fb529d5c0e3397c34/colight-2025.4.1.dev202506112213-py3-none-any.whl,history/colight.json,"[""deps_dev_direct_sample""]",
compneurovis,Interactive visualization toolkit for computational neuroscience simulations and data,https://pypi.org/project/compneurovis/,"[""orrenravid1/compneurovis""]",[],False,custom_widget_candidate,source_supported_candidate,False,True,"[""anywidget""]","[""anywidget""]",2026-07-14T19:37:23.724970Z,2026-07-14T19:37:23.724970Z,0.4.0a1,2026-07-14T19:37:23.724970Z,0.4.0a1,True,,,2026-07-14T19:37:23.724970Z,True,"[""anywidget""]",False,not_established,True,True,True,0.4.0a1,1,1,1,False,0,ok,https://files.pythonhosted.org/packages/1d/97/f50508a5c9495bdd8587969a1ba874ea377e7a79df6f70018946163b58b6/compneurovis-0.4.0a1-py3-none-any.whl,https://files.pythonhosted.org/packages/1d/97/f50508a5c9495bdd8587969a1ba874ea377e7a79df6f70018946163b58b6/compneurovis-0.4.0a1-py3-none-any.whl,history/compneurovis.json,"[""deps_dev_repo_mapping""]",
conx,On-Ramp to Deep Learning. Built on Keras,https://pypi.org/project/conx/,"[""artificialintelligencetoolkit/conx"", ""calysto/conx"", ""codeaudit/conx""]","[""ArtificialIntelligenceToolkit/conx"", ""codeaudit/conx""]",True,custom_widget_candidate,source_supported_candidate,True,True,"[""traditional_custom_widget""]","[""traditional_custom_widget""]",2016-07-10T21:50:37.434237Z,2019-04-30T02:13:00.062623Z,3.7.10,,,,,,,False,[],False,not_established,False,False,False,3.7.10,74,13,0,False,0,ok,https://files.pythonhosted.org/packages/ea/01/5ab3a2de06b76b681376188328d1eef360ee9bb9713863fb1e59e7d3017c/conx-3.7.10-py2.py3-none-any.whl,,history/conx.json,"[""repository_package_declaration""]",
cornerstone-widget,A Jupyter Widget for the Cornerstone Medical Image Viewing Library,https://pypi.org/project/cornerstone-widget/,"[""chestrays/cornerstone_widget""]","[""chestrays/cornerstone_widget""]",True,custom_widget_candidate,source_supported_candidate,True,True,"[""traditional_custom_widget""]","[""traditional_custom_widget""]",2018-10-01T14:34:06.971864Z,2018-10-01T14:34:06.971864Z,0.0.1rc1,,,,,,,True,"[""traditional_custom_widget""]",False,not_established,False,False,False,0.0.1rc1,1,1,0,False,0,ok,https://files.pythonhosted.org/packages/73/79/d9ad15198ed6fc9c843d91f6b28d0973c378c5911918a71b186c93b5d79d/cornerstone_widget-0.0.1rc1-py2.py3-none-any.whl,,history/cornerstone-widget.json,"[""deps_dev_repo_mapping"", ""pypi_name_index""]",
corr-vars-widget,A simple AnyWidget to visualise corr_vars cohort objects.,https://pypi.org/project/corr-vars-widget/,"[""cub-corr/corr-vars-widget""]",[],False,custom_widget_candidate,source_supported_candidate,False,True,"[""anywidget""]","[""anywidget""]",2026-04-11T20:59:22.800171Z,2026-04-11T20:59:24.673302Z,0.0.2,2026-04-11T20:59:24.673302Z,0.0.2,False,2026-04-11T20:59:24.673302Z,0.0.2,2026-04-11T20:59:22.800171Z,True,"[""anywidget""]",False,not_established,True,True,True,0.0.11,10,2,10,False,0,ok,https://files.pythonhosted.org/packages/d2/03/71cc37674b45ac8a088762faafb96dcc8f3f431341cb6c907b5bb3ffa2b6/corr_vars_widget-0.0.2-py3-none-any.whl,https://files.pythonhosted.org/packages/d2/03/71cc37674b45ac8a088762faafb96dcc8f3f431341cb6c907b5bb3ffa2b6/corr_vars_widget-0.0.2-py3-none-any.whl,history/corr-vars-widget.json,"[""deps_dev_repo_mapping"", ""pypi_name_index""]",
cosapp-lab,Toolbox for managing and deploying CoSApp powered dashboards.,https://pypi.org/project/cosapp-lab/,[],[],False,custom_widget_candidate,source_supported_candidate,False,True,"[""traditional_custom_widget""]","[""traditional_custom_widget""]",2021-03-10T22:14:35.169978Z,2021-03-10T22:14:37.521461Z,0.15.0,,,,,,,True,"[""traditional_custom_widget""]",False,not_established,False,False,False,1.0.0,13,2,5,False,0,ok,https://files.pythonhosted.org/packages/91/fe/9f1860e8532499be8e541d98031c706aa5335d1a8326a43689f53cd73ca4/cosapp_lab-0.15.0-py3-none-any.whl,,history/cosapp-lab.json,"[""deps_dev_direct_sample""]",
cosmograph,Visualize large-scale network graphs and machine learning embeddings,https://pypi.org/project/cosmograph/,"[""cosmograph-org/cosmograph_widget"", ""cosmograph-org/py_cosmograph""]","[""cosmograph-org/cosmograph_widget"", ""cosmograph-org/py_cosmograph""]",True,custom_widget_candidate,source_supported_candidate,True,True,"[""anywidget""]","[""anywidget""]",2022-12-23T16:17:50.041827Z,2024-12-16T16:23:45.250382Z,0.0.5,2024-12-16T16:23:45.250382Z,0.0.5,False,2024-12-16T16:23:45.250382Z,0.0.5,2025-01-31T11:45:53.294344Z,False,[],False,not_established,False,False,True,0.5.3,57,33,57,False,0,ok,https://files.pythonhosted.org/packages/c2/5c/81ea74ccad75c0a3f255951eddb6d0bf81e4b3de9f400b7b0355bc0ddbc3/cosmograph-0.0.5-py3-none-any.whl,https://files.pythonhosted.org/packages/c2/5c/81ea74ccad75c0a3f255951eddb6d0bf81e4b3de9f400b7b0355bc0ddbc3/cosmograph-0.0.5-py3-none-any.whl,history/cosmograph.json,"[""deps_dev_repo_mapping"", ""repository_package_declaration""]",
cosmograph-widget,,https://pypi.org/project/cosmograph-widget/,[],[],False,custom_widget_candidate,source_supported_candidate,False,True,"[""anywidget""]","[""anywidget""]",2024-09-28T02:01:14.937232Z,2024-09-28T02:01:14.937232Z,0.0.1a0,2024-09-28T02:01:14.937232Z,0.0.1a0,True,2025-01-30T12:29:05.817296Z,0.0.2,2024-09-28T02:01:14.937232Z,True,"[""anywidget""]",False,not_established,False,False,False,0.0.4,8,3,8,False,0,ok,https://files.pythonhosted.org/packages/85/ab/44040a4ee7c3fb040d9b3adb1175d827558f76d74250eec125aeba6d32f5/cosmograph_widget-0.0.1a0-py2.py3-none-any.whl,https://files.pythonhosted.org/packages/85/ab/44040a4ee7c3fb040d9b3adb1175d827558f76d74250eec125aeba6d32f5/cosmograph_widget-0.0.1a0-py2.py3-none-any.whl,history/cosmograph-widget.json,"[""deps_dev_direct_sample"", ""pypi_name_index""]",
coso,A solver for combinatorics math word problems.,https://pypi.org/project/coso/,"[""pietrototis/coso""]","[""PietroTotis/CoSo""]",True,custom_widget_candidate,source_supported_candidate,True,True,"[""anywidget""]","[""anywidget""]",2023-04-11T12:47:20.671643Z,2023-04-11T12:47:24.140315Z,1.0.0,2023-04-11T12:47:24.140315Z,1.0.0,False,2023-04-11T12:47:24.140315Z,1.0.0,2023-04-27T08:02:33.764043Z,True,"[""anywidget""]",False,not_established,False,False,False,1.1.5,14,3,14,False,0,ok,https://files.pythonhosted.org/packages/13/d4/4540358d8426dea13c1ae8e2295b1318cba2ac3b02ce5147b5a66495ea3d/coso-1.0.0-py3-none-any.whl,https://files.pythonhosted.org/packages/13/d4/4540358d8426dea13c1ae8e2295b1318cba2ac3b02ce5147b5a66495ea3d/coso-1.0.0-py3-none-any.whl,history/coso.json,"[""deps_dev_repo_mapping""]",
cpt-anywidget,anywidget viewers for CPT soundings and geotechnical boreholes,https://pypi.org/project/cpt-anywidget/,"[""bedrock-engineer/cpt-anywidget""]",[],False,custom_widget_candidate,source_supported_candidate,False,True,"[""anywidget""]","[""anywidget""]",2026-08-20T14:06:07.893997Z,2026-08-20T14:06:07.893997Z,0.1.0,2026-08-20T14:06:07.893997Z,0.1.0,False,2026-08-20T14:06:07.893997Z,0.1.0,2026-08-20T14:06:07.893997Z,True,"[""anywidget""]",False,not_established,True,True,True,0.3.0,4,2,4,False,0,ok,https://files.pythonhosted.org/packages/2f/de/57a475ef19f795402f623cc14265eb6e20b4dd41f2531097ee9bba2854b5/cpt_anywidget-0.1.0-py3-none-any.whl,https://files.pythonhosted.org/packages/2f/de/57a475ef19f795402f623cc14265eb6e20b4dd41f2531097ee9bba2854b5/cpt_anywidget-0.1.0-py3-none-any.whl,history/cpt-anywidget.json,"[""pypi_name_index""]",
crosscheck-widget,Model comparison and debugging,https://pypi.org/project/crosscheck-widget/,"[""pnnl/crosscheck""]","[""pnnl/crosscheck""]",True,custom_widget_candidate,source_supported_candidate,True,True,"[""traditional_custom_widget""]","[""traditional_custom_widget""]",2021-06-10T20:09:05.382174Z,2021-06-10T20:09:41.686703Z,0.1.0a0,,,,,,,True,"[""traditional_custom_widget""]",False,not_established,False,False,False,0.1.0a0,1,1,0,False,0,ok,https://files.pythonhosted.org/packages/e6/cc/05038ea9af3b1b0a7035d6cd9a3dae641cf737fb2fbe8ffb74fd945ea5c5/crosscheck_widget-0.1.0a0-py2.py3-none-any.whl,,history/crosscheck-widget.json,"[""deps_dev_repo_mapping"", ""pypi_name_index""]",
crumpy,A python library for visualizing Crumble circuits in Jupyter,https://pypi.org/project/crumpy/,"[""deltakit/crumpy""]",[],False,custom_widget_candidate,source_supported_candidate,False,True,"[""anywidget""]","[""anywidget""]",2025-09-06T00:43:54.160339Z,2025-09-06T00:43:54.160339Z,0.1.0,2025-09-06T00:43:54.160339Z,0.1.0,False,2025-09-06T00:43:54.160339Z,0.1.0,2025-09-06T00:43:54.160339Z,True,"[""anywidget""]",False,not_established,True,True,True,0.2.0,2,2,2,False,0,ok,https://files.pythonhosted.org/packages/d1/36/1f41b964c36d7e30843650dcce3f0d56df0ba23c0c2e5a3737ca4f477f43/crumpy-0.1.0-py3-none-any.whl,https://files.pythonhosted.org/packages/d1/36/1f41b964c36d7e30843650dcce3f0d56df0ba23c0c2e5a3737ca4f477f43/crumpy-0.1.0-py3-none-any.whl,history/crumpy.json,"[""deps_dev_repo_mapping""]",
cubed,Scalable array processing with bounded memory,https://pypi.org/project/cubed/,"[""cubed-dev/cubed""]",[],False,custom_widget_candidate,source_supported_candidate,False,True,"[""anywidget""]","[""anywidget""]",2022-05-22T10:55:08.455811Z,2026-01-29T10:01:02.485444Z,0.25.0,2026-01-29T10:01:02.485444Z,0.25.0,False,2026-01-29T10:01:02.485444Z,0.25.0,2026-01-29T10:01:02.485444Z,False,[],False,not_established,False,False,True,0.28.0,36,34,30,False,0,ok,https://files.pythonhosted.org/packages/8d/a1/b59296c0471b9a2a6f979bd9f72bcd30eed34774477eea539652fcae6ec5/cubed-0.25.0-py3-none-any.whl,https://files.pythonhosted.org/packages/8d/a1/b59296c0471b9a2a6f979bd9f72bcd30eed34774477eea539652fcae6ec5/cubed-0.25.0-py3-none-any.whl,history/cubed.json,"[""deps_dev_repo_mapping""]",
cubevis,visualization toolkit and apps for casa,https://pypi.org/project/cubevis/,"[""casangi/cubevis""]",[],False,custom_widget_candidate,source_supported_candidate,False,True,"[""anywidget""]","[""anywidget""]",2025-07-16T16:00:55.947021Z,2026-05-13T23:24:01.756190Z,1.0.68,2026-05-13T23:24:01.756190Z,1.0.68,False,2026-05-13T23:24:01.756190Z,1.0.68,2026-05-13T23:24:01.756190Z,False,[],False,not_established,True,True,True,1.0.86,103,34,103,False,0,ok,https://files.pythonhosted.org/packages/d1/9c/ec9824023cf1853c00482bd474ca6e27ba1e4366192cd539ce9aa0a01d07/cubevis-1.0.68-py3-none-any.whl,https://files.pythonhosted.org/packages/d1/9c/ec9824023cf1853c00482bd474ca6e27ba1e4366192cd539ce9aa0a01d07/cubevis-1.0.68-py3-none-any.whl,history/cubevis.json,"[""deps_dev_repo_mapping""]",
cvplot,Understand machine learning models with Contribution-Value plots,https://pypi.org/project/cvplot/,"[""iamdecode/cvplot""]","[""iamDecode/cvplot""]",True,custom_widget_candidate,source_supported_candidate,True,True,"[""traditional_custom_widget""]","[""traditional_custom_widget""]",2021-09-11T11:25:34.155784Z,2021-09-11T11:25:34.155784Z,0.0.1,,,,,,,True,"[""traditional_custom_widget""]",False,not_established,False,False,False,0.0.2,2,2,0,False,0,ok,https://files.pythonhosted.org/packages/32/19/5c033262629458846baebead6c0b63d5544b635de3b5acfab154485fcf11/cvplot-0.0.1.tar.gz,,history/cvplot.json,"[""deps_dev_repo_mapping""]",
d2-widget,An AnyWidget for displaying declarative diagrams written in D2,https://pypi.org/project/d2-widget/,"[""peter-gy/d2-widget""]",[],False,custom_widget_package,accepted_after_assistant_review,False,True,"[""anywidget""]","[""anywidget""]",2025-04-21T11:51:57.148750Z,2025-04-21T11:51:57.148750Z,0.0.0,2025-04-21T11:51:57.148750Z,0.0.0,False,2025-04-21T11:51:57.148750Z,0.0.0,2025-04-21T11:51:57.148750Z,True,"[""anywidget""]",False,not_established,True,True,True,0.2.0,8,2,8,False,0,ok,https://files.pythonhosted.org/packages/07/3e/92904fed466c99988aac41ce010d3f594b36a0cb9e0075357e5effb51e95/d2_widget-0.0.0-py3-none-any.whl,https://files.pythonhosted.org/packages/07/3e/92904fed466c99988aac41ce010d3f594b36a0cb9e0075357e5effb51e95/d2_widget-0.0.0-py3-none-any.whl,history/d2-widget.json,"[""deps_dev_repo_mapping"", ""pypi_name_index""]",Published D2 diagram component defines D2Widget in the release artifact.
d3vis-ipynb,A Custom Jupyter Widget Library with visualizations created with D3.js.,https://pypi.org/project/d3vis-ipynb/,"[""h-iaac/d3vis_ipynb""]","[""H-IAAC/d3vis_ipynb""]",True,custom_widget_candidate,source_supported_candidate,True,True,"[""anywidget"", ""traditional_custom_widget""]","[""anywidget"", ""traditional_custom_widget""]",2024-04-11T13:14:33.542035Z,2024-04-11T13:14:33.542035Z,0.1.0,2024-04-11T13:14:33.542035Z,0.1.0,False,2024-04-11T13:14:33.542035Z,0.1.0,2024-04-11T13:14:33.542035Z,True,"[""anywidget"", ""traditional_custom_widget""]",False,not_established,False,False,False,0.4.2,19,2,19,False,0,ok,https://files.pythonhosted.org/packages/17/84/9268009166dbf2aa07ee11fbb4783d2ea9a369c4bfb15544d9fff3956e62/d3vis_ipynb-0.1.0-py3-none-any.whl,https://files.pythonhosted.org/packages/17/84/9268009166dbf2aa07ee11fbb4783d2ea9a369c4bfb15544d9fff3956e62/d3vis_ipynb-0.1.0-py3-none-any.whl,history/d3vis-ipynb.json,"[""deps_dev_direct_sample"", ""deps_dev_repo_mapping""]",
dapla-jupyterlab-widgets,A collection of custom Jupyterlab widgets for the Dapla platform,https://pypi.org/project/dapla-jupyterlab-widgets/,"[""statisticsnorway/dapla-jupyterlab-widgets""]",[],False,custom_widget_candidate,source_supported_candidate,False,True,"[""traditional_custom_widget""]","[""traditional_custom_widget""]",2020-10-12T09:57:24.822273Z,2020-10-12T09:57:24.822273Z,0.1.0.dev0,,,,,,,True,"[""traditional_custom_widget""]",False,not_established,False,False,False,0.1.0.dev0,1,1,0,False,0,ok,https://files.pythonhosted.org/packages/1f/96/982781e61caf0d442f06d34bb351f06677a7554666272338dd9ca7ba7651/dapla_jupyterlab_widgets-0.1.0.dev0.tar.gz,,history/dapla-jupyterlab-widgets.json,"[""pypi_name_index""]",
dashlab,A Python package for dashboard and data visualization tools.,https://pypi.org/project/dashlab/,"[""asaboor-gh/dashlab""]",[],False,custom_widget_candidate,source_supported_candidate,False,True,"[""anywidget""]","[""anywidget""]",2025-08-19T17:47:23.145707Z,2025-08-19T19:13:35.302053Z,0.1.1,2025-08-19T19:13:35.302053Z,0.1.1,False,2025-08-19T19:13:35.302053Z,0.1.1,2025-08-19T19:13:35.302053Z,False,[],False,not_established,True,True,True,0.3.22,40,3,40,False,0,ok,https://files.pythonhosted.org/packages/ce/fb/af40311bb9b5bce9cf5f8bacc776e9006b61381bf6de46d6e42292a32a10/dashlab-0.1.1-py3-none-any.whl,https://files.pythonhosted.org/packages/ce/fb/af40311bb9b5bce9cf5f8bacc776e9006b61381bf6de46d6e42292a32a10/dashlab-0.1.1-py3-none-any.whl,history/dashlab.json,"[""deps_dev_direct_sample"", ""deps_dev_repo_mapping""]",
datasci-toolkit,Add your description here,https://pypi.org/project/datasci-toolkit/,"[""detrin/datasci-toolkit""]",[],False,custom_widget_candidate,source_supported_candidate,False,True,"[""anywidget""]","[""anywidget""]",2026-03-29T12:39:18.126116Z,2026-03-29T12:39:18.126116Z,0.1.0,2026-03-29T12:39:18.126116Z,0.1.0,False,2026-03-29T12:39:18.126116Z,0.1.0,2026-03-29T12:39:18.126116Z,True,"[""anywidget""]",False,not_established,True,True,True,0.2.0,2,2,2,False,0,ok,https://files.pythonhosted.org/packages/3b/89/7f2e7c298e780035e0dd8356b4d4dc268399427510d1571c3d1ca85a5eb5/datasci_toolkit-0.1.0-py3-none-any.whl,https://files.pythonhosted.org/packages/3b/89/7f2e7c298e780035e0dd8356b4d4dc268399427510d1571c3d1ca85a5eb5/datasci_toolkit-0.1.0-py3-none-any.whl,history/datasci-toolkit.json,"[""deps_dev_repo_mapping""]",
dateslider,A date slider Jupyter widget,https://pypi.org/project/dateslider/,"[""bollwyvl/widget-dateslider""]","[""bollwyvl/widget-dateslider""]",True,custom_widget_candidate,source_supported_candidate,True,True,"[""traditional_custom_widget""]","[""traditional_custom_widget""]",2016-05-08T17:28:31.781580Z,2016-05-08T17:28:55.737705Z,0.0.0,,,,,,,True,"[""traditional_custom_widget""]",False,not_established,False,False,False,0.0.0,1,1,0,False,0,ok,https://files.pythonhosted.org/packages/b1/8c/de85a10ad6f20624eb1be4562d372b92be70f4fc0c242c15872444af80a2/dateslider-0.0.0-py2.py3-none-any.whl,,history/dateslider.json,"[""deps_dev_repo_mapping""]",
deckglwidget,Jupyter widget for rendering deck.gl in a Jupyter notebook,https://pypi.org/project/deckglwidget/,"[""visgl/deck.gl""]","[""visgl/deck.gl""]",True,custom_widget_candidate,source_supported_candidate,False,True,"[""traditional_custom_widget""]","[""traditional_custom_widget""]",2019-04-03T02:55:44.879650Z,2019-04-03T02:55:44.879650Z,0.1.0.dev0,,,,,,,True,"[""traditional_custom_widget""]",False,not_established,False,False,False,0.1.0.dev0,1,1,0,False,0,ok,https://files.pythonhosted.org/packages/b0/1e/bced96d27c8b10817b72b937c8e7460f66d06f64013549911e80ae227cea/DeckGLWidget-0.1.0.dev0-py2.py3-none-any.whl,,history/deckglwidget.json,"[""pypi_name_index""]",
deephaven-ipywidgets,A Custom Jupyter Widget Library,https://pypi.org/project/deephaven-ipywidgets/,"[""deephaven/deephaven-ipywidgets""]","[""deephaven/deephaven-ipywidgets""]",True,custom_widget_candidate,source_supported_candidate,True,True,"[""traditional_custom_widget""]","[""traditional_custom_widget""]",2022-08-02T20:55:38.366486Z,2022-08-02T20:55:38.366486Z,0.1.0.dev0,,,,,,,True,"[""traditional_custom_widget""]",False,not_established,False,False,False,0.6.2,12,2,10,False,0,ok,https://files.pythonhosted.org/packages/e9/98/3e1458f32eb98dd8e25457b13b1124b1dc89acf0deb19bc73ac668b65131/deephaven_ipywidgets-0.1.0.dev0-py2.py3-none-any.whl,,history/deephaven-ipywidgets.json,"[""deps_dev_repo_mapping"", ""pypi_name_index""]",
deeporigin,Deep Origin Python client,https://pypi.org/project/deeporigin/,"[""deeporiginbio/do-dd-client""]",[],False,custom_widget_candidate,source_supported_candidate,False,True,"[""anywidget""]","[""anywidget""]",2024-04-18T20:08:43.646274Z,2026-08-12T13:34:29.313722Z,5.1.0,2026-08-12T13:34:29.313722Z,5.1.0,False,2026-08-12T13:34:29.313722Z,5.1.0,2026-08-12T13:34:29.313722Z,False,[],False,not_established,False,False,True,5.1.2,130,34,130,False,0,ok,https://files.pythonhosted.org/packages/ff/7c/dc7e37703362f6dba8cb30b39d99f3dfc999da7cf1e8a5362db0921c198c/deeporigin-5.1.0-py2.py3-none-any.whl,https://files.pythonhosted.org/packages/ff/7c/dc7e37703362f6dba8cb30b39d99f3dfc999da7cf1e8a5362db0921c198c/deeporigin-5.1.0-py2.py3-none-any.whl,history/deeporigin.json,"[""deps_dev_repo_mapping""]",
demo-widgets,A Custom Jupyter Widget Library,https://pypi.org/project/demo-widgets/,"[""training 4 developers llc/demo_widgets""]",[],False,custom_widget_candidate,source_supported_candidate,False,True,"[""traditional_custom_widget""]","[""traditional_custom_widget""]",2023-01-25T00:57:15.902526Z,2023-01-25T01:36:33.180166Z,0.1.0.dev0,,,,,,,True,"[""traditional_custom_widget""]",False,not_established,False,False,False,0.1.4,5,2,5,False,0,ok,https://files.pythonhosted.org/packages/0a/d4/dde1ad9d589dfeea88464dcc2d631b9bfa27d2e496737dcc124fc8c7c741/demo_widgets-0.1.0.dev0-py3-none-any.whl,,history/demo-widgets.json,"[""pypi_name_index""]",
deq,deq: quantum error correction decoding system.,https://pypi.org/project/deq/,"[""microsoft/qdk-ec""]",[],False,custom_widget_candidate,source_supported_candidate,False,True,"[""anywidget""]","[""anywidget""]",2026-06-06T01:30:32.828591Z,2026-06-06T20:47:17.524278Z,0.3.0,2026-06-06T20:47:17.524278Z,0.3.0,False,2026-06-06T20:47:17.524278Z,0.3.0,2026-06-06T20:47:16.181150Z,False,[],False,not_established,True,True,True,0.5.7,19,3,19,False,0,ok,https://files.pythonhosted.org/packages/65/c1/ffb80509b32d1f76fe42681bc76f6c09fccb090334d7869b8fee2baba9fb/deq-0.3.0-py3-none-any.whl,https://files.pythonhosted.org/packages/65/c1/ffb80509b32d1f76fe42681bc76f6c09fccb090334d7869b8fee2baba9fb/deq-0.3.0-py3-none-any.whl,history/deq.json,"[""deps_dev_direct_sample"", ""deps_dev_repo_mapping""]",
desdeo-vis,Visualisations and preference selection widgets for the DESDEO interactive multiobjective optimization library,https://pypi.org/project/desdeo-vis/,"[""industrial-optimization-group/desdeo-vis""]","[""industrial-optimization-group/desdeo-vis""]",True,custom_widget_candidate,source_supported_candidate,True,True,"[""traditional_custom_widget""]","[""traditional_custom_widget""]",2018-07-16T14:44:18.229214Z,2018-07-16T14:44:18.229214Z,0.1.0.dev0,,,,,,,True,"[""traditional_custom_widget""]",False,not_established,False,False,False,0.2.0,6,2,0,False,0,ok,https://files.pythonhosted.org/packages/e0/1f/77e67a5fb7e88752c7504261b2d14ce7bcc543dc674b83c13460983d2b21/desdeo-vis-0.1.0.dev0.tar.gz,,history/desdeo-vis.json,"[""deps_dev_repo_mapping""]",
detailviews,Adaptive detail views for projected trajectory data (Jupyter/anywidget),https://pypi.org/project/detailviews/,"[""jku-vds-lab/tvcg26-details-on-demand""]",[],False,custom_widget_candidate,source_supported_candidate,False,True,"[""anywidget""]","[""anywidget""]",2026-09-15T02:58:11.075793Z,2026-09-15T02:58:11.075793Z,0.1.0,2026-09-15T02:58:11.075793Z,0.1.0,False,2026-09-15T02:58:11.075793Z,0.1.0,2026-09-15T02:58:11.075793Z,True,"[""anywidget""]",False,not_established,True,True,True,0.1.0,1,1,1,False,0,ok,https://files.pythonhosted.org/packages/7e/3b/3a36227807f0337d327defca91d3efee0b938fb21297969d14f2cd3b498b/detailviews-0.1.0-py3-none-any.whl,https://files.pythonhosted.org/packages/7e/3b/3a36227807f0337d327defca91d3efee0b938fb21297969d14f2cd3b498b/detailviews-0.1.0-py3-none-any.whl,history/detailviews.json,"[""deps_dev_direct_sample"", ""deps_dev_repo_mapping""]",
df-cereal,df_cereal - playing with dataframe serialization,https://pypi.org/project/df-cereal/,"[""paddymul/df_cereal""]","[""paddymul/df_cereal""]",True,custom_widget_candidate,source_supported_candidate,True,True,"[""traditional_custom_widget""]","[""traditional_custom_widget""]",2024-03-19T17:08:28.641485Z,2024-03-19T17:08:28.641485Z,0.0.1,,,,,,,True,"[""traditional_custom_widget""]",False,not_established,False,False,False,0.0.1,1,1,1,False,0,ok,https://files.pythonhosted.org/packages/c3/0a/db9617192a2e0f06abd437bc9bbc584f77af37bdaeb6f59139d82eac9159/df_cereal-0.0.1-py3-none-any.whl,,history/df-cereal.json,"[""deps_dev_repo_mapping""]",
dialog,Manipulate and visualize LLMs conversations,https://pypi.org/project/dialog/,"[""google-deepmind/dialog""]",[],False,custom_widget_candidate,source_supported_candidate,False,True,"[""anywidget""]","[""anywidget""]",2026-01-14T16:43:53.346960Z,2026-02-10T14:05:50.917882Z,1.0.0,2026-02-10T14:05:50.917882Z,1.0.0,False,2026-02-10T14:05:50.917882Z,1.0.0,2026-02-10T14:05:50.917882Z,False,[],False,not_established,True,True,True,1.1.0,3,3,3,False,0,ok,https://files.pythonhosted.org/packages/90/2c/f7034927f6e6a6d97bec0d621674b8e62162f90d06474dd5fa11637b07cd/dialog-1.0.0-py3-none-any.whl,https://files.pythonhosted.org/packages/90/2c/f7034927f6e6a6d97bec0d621674b8e62162f90d06474dd5fa11637b07cd/dialog-1.0.0-py3-none-any.whl,history/dialog.json,"[""deps_dev_direct_sample""]",
diginlineprofiler,Inline data profiles for pandas dataframes in jupyter,https://pypi.org/project/diginlineprofiler/,"[""cmudig/profileinline""]","[""cmudig/ProfileInline""]",True,custom_widget_candidate,source_supported_candidate,True,True,"[""traditional_custom_widget""]","[""traditional_custom_widget""]",2023-02-17T03:27:03.396920Z,2023-02-17T03:27:03.396920Z,0.1.0,,,,,,,True,"[""traditional_custom_widget""]",False,not_established,False,False,False,0.1.2,3,2,3,False,0,ok,https://files.pythonhosted.org/packages/a3/76/139541c2a94a7f9b2de4c3460698f1784e93d7d7a5de4a3190cdf29ecdbc/diginlineprofiler-0.1.0-py2.py3-none-any.whl,,history/diginlineprofiler.json,"[""deps_dev_repo_mapping""]",
dimbridge,DimBridge: Interactive Explanation of Visual Patterns in Dimensionality Reductions with Predicate Logic,https://pypi.org/project/dimbridge/,"[""tiga1231/dimbridge-jupyter""]","[""tiga1231/dimbridge-jupyter""]",True,custom_widget_candidate,source_supported_candidate,True,True,"[""anywidget""]","[""anywidget""]",2024-09-01T01:36:05.661374Z,2024-10-16T15:47:20.562880Z,0.1.2,2024-10-16T15:47:20.562880Z,0.1.2,False,2024-10-16T15:47:20.562880Z,0.1.2,2024-10-16T15:31:51.346933Z,False,[],False,not_established,False,False,False,0.2.1,8,4,8,False,0,ok,https://files.pythonhosted.org/packages/86/50/414a5faa01256122f90101680e4ff079185d177aba0d22e80a73a5f409f2/dimbridge-0.1.2-py2.py3-none-any.whl,https://files.pythonhosted.org/packages/86/50/414a5faa01256122f90101680e4ff079185d177aba0d22e80a73a5f409f2/dimbridge-0.1.2-py2.py3-none-any.whl,history/dimbridge.json,"[""deps_dev_direct_sample"", ""repository_package_declaration""]",
distortions,Interactive visualization of distortion in nonlinear embeddings.,https://pypi.org/project/distortions/,"[""krisrs1128/distortions""]",[],False,custom_widget_candidate,source_supported_candidate,False,True,"[""anywidget""]","[""anywidget""]",2025-08-15T17:10:09.278328Z,2025-08-15T17:10:09.278328Z,0.0.2,2025-08-15T17:10:09.278328Z,0.0.2,False,2025-08-15T17:10:09.278328Z,0.0.2,,True,"[""anywidget""]",False,not_established,True,True,True,0.0.5,4,2,4,False,0,ok,https://files.pythonhosted.org/packages/ca/ab/9ca8c9757ab147f82f27eed8171290e05171228ef4da920e69163303d600/distortions-0.0.2-py3-none-any.whl,https://files.pythonhosted.org/packages/ca/ab/9ca8c9757ab147f82f27eed8171290e05171228ef4da920e69163303d600/distortions-0.0.2-py3-none-any.whl,history/distortions.json,"[""deps_dev_repo_mapping""]",
divewidgets,Jupyter Widgets for DIVE virtual learning environment.,https://pypi.org/project/divewidgets/,"[""dive4dec/divewidgets""]","[""dive4dec/divewidgets""]",True,custom_widget_candidate,source_supported_candidate,True,True,"[""traditional_custom_widget""]","[""traditional_custom_widget""]",2022-07-12T17:08:04.022682Z,2022-07-12T17:08:04.022682Z,0.1.0.dev0,,,,,,,True,"[""traditional_custom_widget""]",False,not_established,False,False,False,0.1.5,9,2,0,False,0,ok,https://files.pythonhosted.org/packages/82/34/700ca97621f9a8fc8d0cd6d50cb2e28896d25e1bc28880afc05fe53dba69/divewidgets-0.1.0.dev0-1-py2.py3-none-any.whl,,history/divewidgets.json,"[""deps_dev_repo_mapping"", ""pypi_name_index""]",
divisi-toolkit,Interactive widget and toolkit for slice discovery,https://pypi.org/project/divisi-toolkit/,"[""cmudig/divisi-toolkit""]","[""cmudig/divisi-toolkit"", ""venkatesh-sivaraman/slice-finding""]",True,custom_widget_candidate,source_supported_candidate,True,True,"[""anywidget""]","[""anywidget""]",2024-06-26T17:00:17.331552Z,2024-06-26T17:00:17.331552Z,0.1.0,2024-06-26T17:00:17.331552Z,0.1.0,False,2024-06-26T17:00:17.331552Z,0.1.0,2024-06-26T17:00:17.331552Z,True,"[""anywidget""]",False,not_established,False,False,False,0.3.0,6,2,6,False,0,ok,https://files.pythonhosted.org/packages/4a/68/feca225c561929d1fb4e3edb28d8d2a3f0a1494d748d65c1d0d1ad02d338/divisi_toolkit-0.1.0-py3-none-any.whl,https://files.pythonhosted.org/packages/4a/68/feca225c561929d1fb4e3edb28d8d2a3f0a1494d748d65c1d0d1ad02d338/divisi_toolkit-0.1.0-py3-none-any.whl,history/divisi-toolkit.json,"[""deps_dev_direct_sample"", ""deps_dev_repo_mapping""]",
djalgo,A music composition toolkit,https://pypi.org/project/djalgo/,"[""essicolo/djalgo""]",[],False,custom_widget_candidate,source_supported_candidate,False,True,"[""anywidget""]","[""anywidget""]",2024-10-04T15:55:49.593955Z,2024-10-04T15:55:49.593955Z,0.2.1,2024-10-04T15:55:49.593955Z,0.2.1,False,2024-10-04T15:55:49.593955Z,0.2.1,2024-10-04T15:55:49.593955Z,True,"[""anywidget""]",False,not_established,False,False,False,0.2.11,6,2,6,False,0,ok,https://files.pythonhosted.org/packages/39/0c/17c9c21ff2d49fd253d99776f55bde8a1dd77b1204e71ebd059f0abd5d6e/djalgo-0.2.1-py3-none-any.whl,https://files.pythonhosted.org/packages/39/0c/17c9c21ff2d49fd253d99776f55bde8a1dd77b1204e71ebd059f0abd5d6e/djalgo-0.2.1-py3-none-any.whl,history/djalgo.json,"[""deps_dev_direct_sample""]",
dlthub-start,"Create a dltHub workspace and hand off to your coding agent — scaffold, install, log in, and connect a playground, then the agent deploys and runs the sample pipeline.",https://pypi.org/project/dlthub-start/,"[""dlt-hub/dlthub-start""]",[],False,custom_widget_candidate,source_supported_candidate,False,True,"[""anywidget""]","[""anywidget""]",2026-05-19T09:08:43.754819Z,2026-09-15T13:58:42.373466Z,0.10.8,2026-09-15T13:58:42.373466Z,0.10.8,False,2026-09-15T13:58:42.373466Z,0.10.8,,False,[],False,not_established,True,True,True,0.10.8,21,13,21,False,0,ok,https://files.pythonhosted.org/packages/e8/b9/8b5b9f67c77ad2a8492c7682707e8e0b1d9a257e40020e18d1c424555cdd/dlthub_start-0.10.8-py3-none-any.whl,https://files.pythonhosted.org/packages/e8/b9/8b5b9f67c77ad2a8492c7682707e8e0b1d9a257e40020e18d1c424555cdd/dlthub_start-0.10.8-py3-none-any.whl,history/dlthub-start.json,"[""deps_dev_repo_mapping""]",
dr-widget,Widgets to use with marimo notebooks,https://pypi.org/project/dr-widget/,[],[],False,custom_widget_candidate,source_supported_candidate,False,True,"[""anywidget""]","[""anywidget""]",2025-11-04T08:49:55.083885Z,2025-11-04T08:49:55.083885Z,0.1.0,2025-11-04T08:49:55.083885Z,0.1.0,False,2025-11-04T08:49:55.083885Z,0.1.0,2025-11-04T08:49:55.083885Z,True,"[""anywidget""]",False,not_established,True,True,True,0.2.2,8,2,8,False,0,ok,https://files.pythonhosted.org/packages/3f/a3/ffa863b49b8346093d0607ac3f30b500011dbca57744b52ab13b7d68c707/dr_widget-0.1.0-py3-none-any.whl,https://files.pythonhosted.org/packages/3f/a3/ffa863b49b8346093d0607ac3f30b500011dbca57744b52ab13b7d68c707/dr_widget-0.1.0-py3-none-any.whl,history/dr-widget.json,"[""deps_dev_direct_sample"", ""pypi_name_index""]",
draw2svg,A Python 3 library for programmatically generating SVG images (vector drawings) and rendering them or displaying them in a Jupyter notebook,https://pypi.org/project/draw2svg/,"[""aufarah/draw2svg"", ""cduck/drawsvg""]","[""cduck/drawsvg""]",True,custom_widget_candidate,source_supported_candidate,True,True,"[""traditional_custom_widget""]","[""traditional_custom_widget""]",2022-08-04T09:11:05.839527Z,2022-08-04T09:11:05.839527Z,2.0.0,,,,,,,True,"[""traditional_custom_widget""]",False,not_established,False,False,False,2.0.0,1,1,0,False,0,ok,https://files.pythonhosted.org/packages/b2/ab/7e65943b9165fe55210e4eb45b1817585b35b9d130b9deffd30d0a3eeffd/draw2Svg-2.0.0.tar.gz,,history/draw2svg.json,"[""deps_dev_repo_mapping""]",
drawdata,draw a dataset from inside Jupyter,https://pypi.org/project/drawdata/,"[""koaning/drawdata""]","[""koaning/drawdata""]",True,custom_widget_candidate,source_supported_candidate,True,True,"[""anywidget""]","[""anywidget""]",2021-04-04T20:19:50.059572Z,2024-02-24T12:37:39.281844Z,0.3.0,2024-02-24T12:37:39.281844Z,0.3.0,False,2024-02-24T12:37:39.281844Z,0.3.0,2024-02-24T12:37:39.281844Z,False,[],False,not_established,False,False,False,0.5.2,16,4,14,False,0,ok,https://files.pythonhosted.org/packages/5c/58/3a258c99977503a5ed8f42f924c02fdd2f2d5d7f046cbd6f3e9628527fc4/drawdata-0.3.0-py2.py3-none-any.whl,https://files.pythonhosted.org/packages/5c/58/3a258c99977503a5ed8f42f924c02fdd2f2d5d7f046cbd6f3e9628527fc4/drawdata-0.3.0-py2.py3-none-any.whl,history/drawdata.json,"[""deps_dev_direct_sample"", ""repository_package_declaration""]",
drawsvg,"A Python 3 library for programmatically generating SVG (vector) images and animations.  Drawsvg can also render to PNG, MP4, and display your drawings in Jupyter notebook and Jupyter lab.",https://pypi.org/project/drawsvg/,"[""cduck/drawsvg""]","[""cduck/drawsvg""]",True,custom_widget_candidate,source_supported_candidate,True,True,"[""traditional_custom_widget""]","[""traditional_custom_widget""]",2017-12-27T04:05:51.840765Z,2019-05-16T05:10:04.300508Z,1.2.0,,,,,,,False,[],False,not_established,False,False,False,2.4.2,39,12,11,False,0,ok,https://files.pythonhosted.org/packages/07/e7/2900d2e61a2e901584131a335ee228de7a63fd6cf7c2d04ae158a76046f0/drawSvg-1.2.0.tar.gz,,history/drawsvg.json,"[""deps_dev_repo_mapping""]",
dsvisualizer,A simple data structure visualizer for Jupyter Notebooks,https://pypi.org/project/dsvisualizer/,"[""romero-jose/dsvisualizer""]","[""romero-jose/dsvisualizer""]",True,custom_widget_candidate,source_supported_candidate,True,True,"[""traditional_custom_widget""]","[""traditional_custom_widget""]",2022-06-09T05:02:06.740418Z,2022-06-09T05:02:06.740418Z,0.1.0.dev0,,,,,,,True,"[""traditional_custom_widget""]",False,not_established,False,False,False,0.1.7.dev0,8,2,0,False,0,ok,https://files.pythonhosted.org/packages/b4/34/b8b29e7c44820c01457e3e7b72e02ccef8bf9da09d5d77f1861e2ec0561c/dsvisualizer-0.1.0.dev0-py2.py3-none-any.whl,,history/dsvisualizer.json,"[""deps_dev_repo_mapping""]",
dtour,Guided tours through high-dimensional data — interactive WebGPU scatter in Jupyter,https://pypi.org/project/dtour/,"[""flekschas/dtour""]",[],False,custom_widget_candidate,source_supported_candidate,False,True,"[""anywidget""]","[""anywidget""]",2026-03-27T15:10:34.669667Z,2026-03-27T15:10:34.669667Z,0.1.0,2026-03-27T15:10:34.669667Z,0.1.0,False,2026-03-27T15:10:34.669667Z,0.1.0,2026-03-27T15:10:34.669667Z,True,"[""anywidget""]",False,not_established,True,True,True,0.4.4,8,2,8,False,0,ok,https://files.pythonhosted.org/packages/f9/f0/891d17e820ac4de962254e7d5b2f9d6949d020879b57fdec4aed4cfde0a2/dtour-0.1.0-py3-none-any.whl,https://files.pythonhosted.org/packages/f9/f0/891d17e820ac4de962254e7d5b2f9d6949d020879b57fdec4aed4cfde0a2/dtour-0.1.0-py3-none-any.whl,history/dtour.json,"[""deps_dev_repo_mapping""]",
eclear,Event and case log enrichment widget for Python notebooks,https://pypi.org/project/eclear/,"[""aaronkurz/eclear""]",[],False,custom_widget_candidate,source_supported_candidate,False,True,"[""anywidget""]","[""anywidget""]",2026-09-09T09:40:45.370870Z,2026-09-09T09:40:46.807276Z,0.1.0,2026-09-09T09:40:46.807276Z,0.1.0,False,2026-09-09T09:40:46.807276Z,0.1.0,2026-09-09T09:40:45.370870Z,True,"[""anywidget""]",False,not_established,True,True,True,0.1.0,1,1,1,False,0,ok,https://files.pythonhosted.org/packages/92/11/98da39f46cf311bf69d6628822b195a3fc1df38499559d9f228179523c35/eclear-0.1.0-py3-none-any.whl,https://files.pythonhosted.org/packages/92/11/98da39f46cf311bf69d6628822b195a3fc1df38499559d9f228179523c35/eclear-0.1.0-py3-none-any.whl,history/eclear.json,"[""deps_dev_repo_mapping""]",
eee-project,Language-agnostic morphology umbrella for the EEE project,https://pypi.org/project/eee-project/,"[""eee-project/eee-project""]",[],False,custom_widget_candidate,source_supported_candidate,False,True,"[""anywidget""]","[""anywidget""]",2026-07-29T18:47:18.938106Z,2026-07-29T18:47:18.938106Z,1.0.0,2026-07-29T18:47:18.938106Z,1.0.0,False,2026-07-29T18:47:18.938106Z,1.0.0,2026-07-29T18:47:18.938106Z,True,"[""anywidget""]",False,not_established,True,True,True,1.19.0,34,2,34,False,0,ok,https://files.pythonhosted.org/packages/07/5b/72085e4818e3c46e11bae56e2ea5cbf13f983b52f1acf22161264193e1fd/eee_project-1.0.0-py3-none-any.whl,https://files.pythonhosted.org/packages/07/5b/72085e4818e3c46e11bae56e2ea5cbf13f983b52f1acf22161264193e1fd/eee_project-1.0.0-py3-none-any.whl,history/eee-project.json,"[""deps_dev_direct_sample""]",
egglog,e-graphs in Python built around the egglog rust library,https://pypi.org/project/egglog/,"[""egraphs-good/egglog-python""]","[""egraphs-good/egglog-python""]",True,custom_widget_candidate,source_supported_candidate,True,True,"[""anywidget""]","[""anywidget""]",2023-05-03T15:01:19.316322Z,2023-10-26T14:53:40.239995Z,1.0.0,2023-10-26T14:53:40.239995Z,1.0.0,False,2023-10-26T14:53:40.239995Z,1.0.0,2023-10-26T14:53:35.522063Z,False,[],False,not_established,False,False,False,14.0.0,35,6,35,False,0,ok,https://files.pythonhosted.org/packages/6b/8c/4bc034795f46b7b85ceaa56b85a406fa7a7b69bd8ad8520e7b9f15f4e3b5/egglog-1.0.0-cp310-none-win_amd64.whl,https://files.pythonhosted.org/packages/6b/8c/4bc034795f46b7b85ceaa56b85a406fa7a7b69bd8ad8520e7b9f15f4e3b5/egglog-1.0.0-cp310-none-win_amd64.whl,history/egglog.json,"[""deps_dev_direct_sample"", ""repository_package_declaration""]",
eigenp-utils,Utilities for EigenP,https://pypi.org/project/eigenp-utils/,"[""eigenp/utils""]",[],False,custom_widget_candidate,source_supported_candidate,False,True,"[""anywidget""]","[""anywidget""]",2026-04-15T02:45:11.154424Z,2026-04-15T02:45:11.154424Z,0.0.2,2026-04-15T02:45:11.154424Z,0.0.2,False,2026-04-15T02:45:11.154424Z,0.0.2,2026-04-15T02:45:11.154424Z,True,"[""anywidget""]",False,not_established,True,True,True,0.0.2,1,1,1,False,0,ok,https://files.pythonhosted.org/packages/ae/3c/6c3885acdcdff0f0a16a8057093bbf206d94f6ff36ce49b359b60800e547/eigenp_utils-0.0.2-py3-none-any.whl,https://files.pythonhosted.org/packages/ae/3c/6c3885acdcdff0f0a16a8057093bbf206d94f6ff36ce49b359b60800e547/eigenp_utils-0.0.2-py3-none-any.whl,history/eigenp-utils.json,"[""deps_dev_repo_mapping""]",
em-database,A database for electron microscopy data using pooch to download and manage files.,https://pypi.org/project/em-database/,"[""cssfrancis/em_data"", ""electronmicroscopy/emdatabase""]",[],False,custom_widget_candidate,source_supported_candidate,False,True,"[""anywidget""]","[""anywidget""]",2026-07-28T13:35:12.692755Z,2026-08-20T16:13:32.242675Z,0.3.0,2026-08-20T16:13:32.242675Z,0.3.0,False,2026-08-20T16:13:32.242675Z,0.3.0,2026-08-20T16:13:32.242675Z,False,[],False,not_established,True,True,True,0.5.0,5,4,5,False,0,ok,https://files.pythonhosted.org/packages/19/ab/39912c3cc77d4417f96df7bd5d7d67d0a3f63b774039ebad6b11556f82a0/em_database-0.3.0-py3-none-any.whl,https://files.pythonhosted.org/packages/19/ab/39912c3cc77d4417f96df7bd5d7d67d0a3f63b774039ebad6b11556f82a0/em_database-0.3.0-py3-none-any.whl,history/em-database.json,"[""deps_dev_repo_mapping""]",
emblaze,Interactive widget for embedding comparison,https://pypi.org/project/emblaze/,"[""cmudig/emblaze""]","[""cmudig/emblaze""]",True,custom_widget_package,accepted_after_assistant_review,True,True,"[""anywidget""]","[""anywidget"", ""traditional_custom_widget""]",2021-08-13T19:17:19.054803Z,2021-08-13T19:17:19.054803Z,0.9.0,2025-05-24T22:42:41.067982Z,0.11.0,False,2025-05-24T22:42:41.067982Z,0.11.0,2025-05-24T22:42:41.067982Z,True,"[""traditional_custom_widget""]",True,component_transition_supported,False,False,False,0.11.0,13,3,2,False,0,ok,https://files.pythonhosted.org/packages/bf/39/7253195c22f0b32843bfa04d157bdd546e1b65c6fd1d819f58c76d8c7013/emblaze-0.9.0-py2.py3-none-any.whl,https://files.pythonhosted.org/packages/4a/8a/3578b1a0929505e793ccbfd9113934c817831234c3b215222e4842d5e674/emblaze-0.11.0-py3-none-any.whl,history/emblaze.json,"[""deps_dev_repo_mapping""]",Viewer is a traditional custom widget in 0.10.6 and an anywidget subclass in 0.11.0 in the same package/module.
entity-selector-jupyter-widget,A Jupyter Widget library for selecting entities in text,https://pypi.org/project/entity-selector-jupyter-widget/,[],[],False,custom_widget_candidate,source_supported_candidate,False,True,"[""traditional_custom_widget""]","[""traditional_custom_widget""]",2019-07-12T18:19:13.667319Z,2019-07-12T18:19:25.302526Z,0.0.1a0,,,,,,,True,"[""traditional_custom_widget""]",False,not_established,False,False,False,0.1.6,10,2,0,False,0,ok,https://files.pythonhosted.org/packages/64/40/1e6afc9952d30ab60f5d12f1e0dcf84f7d6f6ad1f2db045447d3c46063de/entity_selector_jupyter_widget-0.0.1a0-py2.py3-none-any.whl,,history/entity-selector-jupyter-widget.json,"[""pypi_name_index""]",
epic-widgets,EIC EPIC widgets collection,https://pypi.org/project/epic-widgets/,"[""drateots/epic-widgets""]",[],False,custom_widget_candidate,source_supported_candidate,False,True,"[""traditional_custom_widget""]","[""traditional_custom_widget""]",2019-07-13T18:13:25.938710Z,2019-07-13T18:13:25.938710Z,0.1.0.dev0,,,,,,,True,"[""traditional_custom_widget""]",False,not_established,False,False,False,0.1.0.dev0,1,1,0,False,0,ok,https://files.pythonhosted.org/packages/a1/3c/59050be675496bf4c034622c3f2769ce5e73bf1cff7821a9d8da16285210/epic_widgets-0.1.0.dev0.tar.gz,,history/epic-widgets.json,"[""pypi_name_index""]",
escher,"Escher: A Web Application for Building, Sharing, and Embedding Data-Rich Visualizations of Metabolic Pathways",https://pypi.org/project/escher/,"[""zakandrewking/escher""]","[""zakandrewking/escher""]",True,custom_widget_candidate,source_supported_candidate,True,True,"[""traditional_custom_widget""]","[""traditional_custom_widget""]",2014-06-08T21:08:00.881544Z,2024-10-25T10:40:24.063960Z,1.8.1,,,,,,,False,[],False,not_established,False,False,False,1.8.1,35,13,3,False,0,ok,https://files.pythonhosted.org/packages/ed/b4/01ae836384002f0cf5960211babfa457699fac743e8b538246109690bbe6/Escher-1.8.1-py3-none-any.whl,,history/escher.json,"[""deps_dev_direct_sample"", ""repository_package_declaration""]",
evince,A visualization framework for the Hylleraas Software Platform,https://pypi.org/project/evince/,[],[],False,custom_widget_candidate,source_supported_candidate,False,True,"[""traditional_custom_widget""]","[""traditional_custom_widget""]",2022-03-17T09:32:17.696004Z,2022-06-19T21:36:37.563160Z,0.13,,,,,,,False,[],False,not_established,False,False,False,0.57.0,39,3,16,False,0,ok,https://files.pythonhosted.org/packages/e1/20/5376802585665c87c93f0a2c16e6d0efbe55f8420dcea8022c88f8d74f12/Evince-0.13-py3-none-any.whl,,history/evince.json,"[""deps_dev_direct_sample""]",
experiment-notebook-widget,Jupyter widgets for hyperntes,https://pypi.org/project/experiment-notebook-widget/,"[""datacanvasio/hyperboard""]","[""DataCanvasIO/HyperBoard""]",True,custom_widget_candidate,source_supported_candidate,True,True,"[""traditional_custom_widget""]","[""traditional_custom_widget""]",2022-03-03T14:07:52.969704Z,2022-03-03T14:07:52.969704Z,0.1.0,,,,,,,True,"[""traditional_custom_widget""]",False,not_established,False,False,False,0.1.0,1,1,0,False,0,ok,https://files.pythonhosted.org/packages/9e/fd/e91e531ad4f425e8a0603e23f6588423342754c5f7459bce6cef7909401b/experiment_notebook_widget-0.1.0-py2.py3-none-any.whl,,history/experiment-notebook-widget.json,"[""deps_dev_repo_mapping"", ""pypi_name_index""]",
finspector,A package that helps users explore fairness and bias of foundation models using pseudo-log-likelihood measures and interactive visualizations.,https://pypi.org/project/finspector/,"[""ibm/finspector""]","[""IBM/finspector""]",True,custom_widget_candidate,source_supported_candidate,True,True,"[""traditional_custom_widget""]","[""traditional_custom_widget""]",2023-06-06T19:49:02.102324Z,2023-06-06T19:49:02.102324Z,0.1.0,,,,,,,True,"[""traditional_custom_widget""]",False,not_established,False,False,False,0.1.0,1,1,1,False,0,ok,https://files.pythonhosted.org/packages/03/89/710df148c55a38f572e075d7918bcb1438586313543644e1a4115a4afe90/finspector-0.1.0-py3-none-any.whl,,history/finspector.json,"[""deps_dev_repo_mapping""]",
floatview,A floatview output widget for JupyterLab + GlueViz Visualization with plotly,https://pypi.org/project/floatview/,"[""denphi/jupyterlab-floatview""]",[],False,custom_widget_candidate,source_supported_candidate,False,True,"[""traditional_custom_widget""]","[""traditional_custom_widget""]",2018-11-09T20:14:06.479393Z,2018-11-09T20:14:06.479393Z,0.1.0,,,,,,,True,"[""traditional_custom_widget""]",False,not_established,False,False,False,0.4.1,22,2,2,False,0,ok,https://files.pythonhosted.org/packages/9f/bd/b1d4b4ac6880b06afad6725c01fbf8be9b808e257de65f5b04b1968e79c7/floatview-0.1.0-py2.py3-none-any.whl,,history/floatview.json,"[""deps_dev_direct_sample""]",
flourishcharts,,https://pypi.org/project/flourishcharts/,"[""canva-public/flourishcharts""]","[""canva-public/flourishcharts""]",True,custom_widget_candidate,source_supported_candidate,True,True,"[""anywidget""]","[""anywidget""]",2024-08-28T06:51:40.055795Z,2024-08-28T06:51:40.055795Z,1.0.0.3,2024-08-28T06:51:40.055795Z,1.0.0.3,False,2024-08-28T06:51:40.055795Z,1.0.0.3,2024-08-28T06:51:40.055795Z,True,"[""anywidget""]",False,not_established,False,False,False,1.6.5.6,2,2,2,False,0,ok,https://files.pythonhosted.org/packages/55/05/c3500de2f46ef708272f22583b98ef7be8c5a6275731d6585fe915ad0754/flourishcharts-1.0.0.3-py2.py3-none-any.whl,https://files.pythonhosted.org/packages/55/05/c3500de2f46ef708272f22583b98ef7be8c5a6275731d6585fe915ad0754/flourishcharts-1.0.0.3-py2.py3-none-any.whl,history/flourishcharts.json,"[""repository_package_declaration""]",
foursquare-map-sdk,Jupyter Widget for Foursquare Studio Maps,https://pypi.org/project/foursquare-map-sdk/,[],[],False,custom_widget_candidate,source_supported_candidate,False,True,"[""traditional_custom_widget""]","[""traditional_custom_widget""]",2024-04-24T19:04:42.987992Z,2024-04-24T19:04:42.987992Z,2.0.0,,,,,,,True,"[""traditional_custom_widget""]",False,not_established,False,False,False,3.1.0,8,2,8,False,0,ok,https://files.pythonhosted.org/packages/b5/50/47545cf672dbf7c23159519441d00f01121c550461d8219fe51c8829d546/foursquare.map_sdk-2.0.0-py2.py3-none-any.whl,,history/foursquare-map-sdk.json,"[""deps_dev_direct_sample""]",
foxglove-sdk,Foxglove Python SDK,https://pypi.org/project/foxglove-sdk/,"[""foxglove/foxglove-sdk""]",[],False,custom_widget_candidate,source_supported_candidate,False,True,"[""anywidget""]","[""anywidget""]",2025-04-07T20:02:45.328751Z,2025-10-27T16:31:55.164260Z,0.15.2,2025-10-27T16:31:55.164260Z,0.15.2,False,2025-10-27T16:31:55.164260Z,0.15.2,2025-10-27T16:29:11.332704Z,False,[],False,not_established,True,True,True,0.28.0,48,22,48,False,0,ok,https://files.pythonhosted.org/packages/9b/5d/5da1de974a78bb51030b8fbd1b5c640c4227de1fd2de1e18e394b429c51d/foxglove_sdk-0.15.2-cp39-cp39-win32.whl,https://files.pythonhosted.org/packages/9b/5d/5da1de974a78bb51030b8fbd1b5c640c4227de1fd2de1e18e394b429c51d/foxglove_sdk-0.15.2-cp39-cp39-win32.whl,history/foxglove-sdk.json,"[""deps_dev_repo_mapping""]",
galaga-anywidget,Interactive AnyWidget visualizations for Galaga geometric algebra,https://pypi.org/project/galaga-anywidget/,"[""edouardp/galaga""]",[],False,custom_widget_candidate,source_supported_candidate,False,True,"[""anywidget""]","[""anywidget""]",2026-09-05T23:23:53.633566Z,2026-09-05T23:23:54.856240Z,2.0.0a2,2026-09-05T23:23:54.856240Z,2.0.0a2,True,,,2026-09-05T23:23:53.633566Z,True,"[""anywidget""]",False,not_established,True,True,True,2.0.0a8,7,2,7,False,0,ok,https://files.pythonhosted.org/packages/59/13/4c412cdc6aa8b54c9a95fbb7509b50a74496e077c3c092e23a0ae2686b14/galaga_anywidget-2.0.0a2-py3-none-any.whl,https://files.pythonhosted.org/packages/59/13/4c412cdc6aa8b54c9a95fbb7509b50a74496e077c3c092e23a0ae2686b14/galaga_anywidget-2.0.0a2-py3-none-any.whl,history/galaga-anywidget.json,"[""pypi_name_index""]",
gallavant,A Custom Jupyter Widget Library,https://pypi.org/project/gallavant/,"[""imandel/gallavant""]","[""imandel/gallavant""]",True,custom_widget_candidate,source_supported_candidate,True,True,"[""traditional_custom_widget""]","[""traditional_custom_widget""]",2021-12-13T21:40:25.073003Z,2021-12-13T21:40:25.073003Z,0.1.0,,,,,,,True,"[""traditional_custom_widget""]",False,not_established,False,False,False,0.2.1,4,2,2,False,0,ok,https://files.pythonhosted.org/packages/ff/56/221c2832074e2eff63b77fa48c771506a9a14726d7fc008603851d1c8730/gallavant-0.1.0-py2.py3-none-any.whl,,history/gallavant.json,"[""deps_dev_repo_mapping""]",
gamegrid,A Custom Jupyter Widget Library,https://pypi.org/project/gamegrid/,"[""n/a""]",[],False,custom_widget_candidate,source_supported_candidate,False,True,"[""traditional_custom_widget""]","[""traditional_custom_widget""]",2017-10-05T09:17:26.844204Z,2017-10-05T09:17:26.844204Z,0.1.0a0,,,,,,,True,"[""traditional_custom_widget""]",False,not_established,False,False,False,0.5.0a11,16,2,0,False,0,ok,https://files.pythonhosted.org/packages/dd/59/848a661b8b2d67f21bda9519a27c188b5ba2469fb523229bf1d17bc973ad/gamegrid-0.1.0a0.tar.gz,,history/gamegrid.json,"[""deps_dev_direct_sample""]",
geemap,A Python package for interactive mapping using Google Earth Engine and ipyleaflet,https://pypi.org/project/geemap/,"[""gee-community/geemap""]","[""gee-community/geemap""]",True,custom_widget_candidate,source_supported_candidate,True,True,"[""anywidget""]","[""anywidget""]",2020-03-08T15:30:40.017978Z,2025-05-01T15:32:41.532473Z,0.36.0rc1,2025-05-01T15:32:41.532473Z,0.36.0rc1,True,2025-07-24T15:24:00.830574Z,0.36.0,2025-05-01T15:32:41.532473Z,False,[],False,not_established,False,False,True,0.38.8,232,35,108,False,0,ok,https://files.pythonhosted.org/packages/0d/9f/a53d4db6e64c1e520bc2eb23fdb736fd597b0e80c5d36a472352a40ba8d9/geemap-0.36.0rc1-py3-none-any.whl,https://files.pythonhosted.org/packages/0d/9f/a53d4db6e64c1e520bc2eb23fdb736fd597b0e80c5d36a472352a40ba8d9/geemap-0.36.0rc1-py3-none-any.whl,history/geemap.json,"[""deps_dev_direct_sample"", ""deps_dev_repo_mapping""]",
genki-widgets,A custom plotting library using SciChartJS,https://pypi.org/project/genki-widgets/,"[""genkiinstruments/genki-widgets""]",[],False,custom_widget_candidate,source_supported_candidate,False,True,"[""traditional_custom_widget""]","[""traditional_custom_widget""]",2023-05-04T13:31:03.050311Z,2023-05-04T13:31:03.050311Z,0.1.0.dev0,,,,,,,True,"[""traditional_custom_widget""]",False,not_established,False,False,False,0.1.0.dev0,1,1,1,False,0,ok,https://files.pythonhosted.org/packages/e3/bc/d8db52d2931bde8bc9382dc7d542a51149b9bd2065eb31e53aa0760a6e26/genki_widgets-0.1.0.dev0-py3-none-any.whl,,history/genki-widgets.json,"[""pypi_name_index""]",
genomeshader,,https://pypi.org/project/genomeshader/,"[""broadinstitute/genomeshader""]",[],False,custom_widget_candidate,source_supported_candidate,False,True,"[""anywidget""]","[""anywidget""]",2024-01-14T06:09:39.016183Z,2026-09-17T06:54:42.867710Z,0.3.0,2026-09-17T06:54:42.867710Z,0.3.0,False,2026-09-17T06:54:42.867710Z,0.3.0,2026-09-17T06:54:40.239955Z,False,[],False,not_established,False,False,True,0.3.0,77,33,77,False,0,ok,https://files.pythonhosted.org/packages/4a/e2/35a7ec6f6aa86866bfd19d90c65dabc2210a8c02b2fae463e0cf3fc80ab7/genomeshader-0.3.0-cp37-abi3-macosx_11_0_arm64.whl,https://files.pythonhosted.org/packages/4a/e2/35a7ec6f6aa86866bfd19d90c65dabc2210a8c02b2fae463e0cf3fc80ab7/genomeshader-0.3.0-cp37-abi3-macosx_11_0_arm64.whl,history/genomeshader.json,"[""deps_dev_repo_mapping""]",
genstudio,,https://pypi.org/project/genstudio/,[],[],False,custom_widget_package,accepted_after_assistant_review,False,True,"[""anywidget""]","[""anywidget""]",2025-01-23T12:09:48.472077Z,2025-01-23T12:09:48.472077Z,2025.1.23.1209.dev0,2025-01-23T12:09:48.472077Z,2025.1.23.1209.dev0,True,2025-01-23T12:41:32.272678Z,2025.1.5,2025-01-23T12:09:48.472077Z,True,"[""anywidget""]",False,not_established,True,False,True,2025.4.1,94,3,94,False,0,ok,https://files.pythonhosted.org/packages/9e/70/3e547311bba165914a8b5d4aeb74ab1c7dedabe5335b56c00dcc2732db2b/genstudio-2025.1.23.1209.dev0-py3-none-any.whl,https://files.pythonhosted.org/packages/9e/70/3e547311bba165914a8b5d4aeb74ab1c7dedabe5335b56c00dcc2732db2b/genstudio-2025.1.23.1209.dev0-py3-none-any.whl,history/genstudio.json,"[""deps_dev_direct_sample""]","Published plotting package documents widget mode; genstudio/widget.py defines its own anywidget Widget. First available release is a development release, recorded separately from stable releases."
genx-widget,Text Generation Explanation,https://pypi.org/project/genx-widget/,"[""pnnl/genx""]",[],False,custom_widget_candidate,source_supported_candidate,True,True,"[""traditional_custom_widget""]","[""traditional_custom_widget""]",2021-05-24T18:32:01.538444Z,2021-05-24T18:32:25.114782Z,0.1.1b1,,,,,,,True,"[""traditional_custom_widget""]",False,not_established,False,False,False,0.1.1b1,1,1,0,False,0,ok,https://files.pythonhosted.org/packages/ce/0d/5ba4ec501f5ef155cd86d0ed4c2386384b80ccacd9430b4931d9c3ceb7c7/genx_widget-0.1.1b1-py2.py3-none-any.whl,,history/genx-widget.json,"[""deps_dev_repo_mapping"", ""pypi_name_index""]",
geoxplain,Interactive viewer for geospatial XAI attributions,https://pypi.org/project/geoxplain/,"[""clemenskoprolin/geoxplain""]",[],False,custom_widget_candidate,source_supported_candidate,False,True,"[""anywidget""]","[""anywidget""]",2026-06-29T20:41:32.041419Z,2026-06-29T20:41:32.041419Z,1.0.0,2026-06-29T20:41:32.041419Z,1.0.0,False,2026-06-29T20:41:32.041419Z,1.0.0,2026-06-29T20:41:32.041419Z,True,"[""anywidget""]",False,not_established,True,True,True,1.1.0,2,2,2,False,0,ok,https://files.pythonhosted.org/packages/10/33/ee63381499a6e80fbe8b04c6e5c5c9a52eef7bec7719218b1371a3517663/geoxplain-1.0.0-py3-none-any.whl,https://files.pythonhosted.org/packages/10/33/ee63381499a6e80fbe8b04c6e5c5c9a52eef7bec7719218b1371a3517663/geoxplain-1.0.0-py3-none-any.whl,history/geoxplain.json,"[""deps_dev_repo_mapping""]",
gesture-recognizer-widget,A Jupyter anywidget that streams live MediaPipe hand-landmark and gesture data from your webcam into Python.,https://pypi.org/project/gesture-recognizer-widget/,[],[],False,custom_widget_candidate,source_supported_candidate,False,True,"[""anywidget""]","[""anywidget""]",2026-06-01T08:45:20.588876Z,2026-06-01T08:45:20.588876Z,0.1.0,2026-06-01T08:45:20.588876Z,0.1.0,False,2026-06-01T08:45:20.588876Z,0.1.0,2026-06-01T08:45:20.588876Z,True,"[""anywidget""]",False,not_established,True,True,True,0.1.0,1,1,1,False,0,ok,https://files.pythonhosted.org/packages/0b/32/0d803931f9ebc2ec2cf2eb09119011958df0c048e97dc7bca7f3b3718141/gesture_recognizer_widget-0.1.0-py3-none-any.whl,https://files.pythonhosted.org/packages/0b/32/0d803931f9ebc2ec2cf2eb09119011958df0c048e97dc7bca7f3b3718141/gesture_recognizer_widget-0.1.0-py3-none-any.whl,history/gesture-recognizer-widget.json,"[""pypi_name_index""]",
ghostumap2,"GhostUMAP2 for Measuring and Analyzing (r,d)-Stability of UMAP",https://pypi.org/project/ghostumap2/,"[""jjmmwon/ghostumap2""]",[],False,custom_widget_candidate,source_supported_candidate,False,True,"[""anywidget""]","[""anywidget""]",2024-12-05T08:49:00.202405Z,2024-12-05T08:49:00.202405Z,0.0.0,2024-12-05T08:49:00.202405Z,0.0.0,False,2024-12-05T08:49:00.202405Z,0.0.0,2024-12-05T08:49:00.202405Z,True,"[""anywidget""]",False,not_established,True,False,True,0.0.0,1,1,1,False,0,ok,https://files.pythonhosted.org/packages/68/d0/a6451e82a50147873525086c52e581475ce8486f60e36ea483fc05ae3478/ghostumap2-0.0.0.tar.gz,https://files.pythonhosted.org/packages/68/d0/a6451e82a50147873525086c52e581475ce8486f60e36ea483fc05ae3478/ghostumap2-0.0.0.tar.gz,history/ghostumap2.json,"[""deps_dev_repo_mapping""]",
glmhmmt,GLM-HMM and GLM-HMMT tooling for behavioural task analysis.,https://pypi.org/project/glmhmmt/,"[""braincircuitsbehaviorlab/glmhmmt""]",[],False,custom_widget_candidate,source_supported_candidate,False,True,"[""anywidget""]","[""anywidget""]",2026-04-09T14:52:41.648519Z,2026-04-09T14:52:41.648519Z,0.1.0,2026-04-09T14:52:41.648519Z,0.1.0,False,2026-04-09T14:52:41.648519Z,0.1.0,2026-04-09T14:52:41.648519Z,True,"[""anywidget""]",False,not_established,True,True,True,0.4.1,55,2,55,False,0,ok,https://files.pythonhosted.org/packages/7a/79/cd83cffcc40ee9819f71ec6c590a0e71b579b1af713c09e5d038601a87ba/glmhmmt-0.1.0-py3-none-any.whl,https://files.pythonhosted.org/packages/7a/79/cd83cffcc40ee9819f71ec6c590a0e71b579b1af713c09e5d038601a87ba/glmhmmt-0.1.0-py3-none-any.whl,history/glmhmmt.json,"[""deps_dev_repo_mapping""]",
glvis,GLVis widget for Jupyter notebooks,https://pypi.org/project/glvis/,"[""glvis/pyglvis""]","[""GLVis/pyglvis""]",True,custom_widget_candidate,source_supported_candidate,True,True,"[""anywidget""]","[""anywidget"", ""traditional_custom_widget""]",2021-01-12T23:02:34.134089Z,2021-01-12T23:04:14.405727Z,0.2.0,2024-08-28T23:10:34.053946Z,1.0.0,False,2024-08-28T23:10:34.053946Z,1.0.0,2024-08-28T23:10:34.053946Z,True,"[""traditional_custom_widget""]",True,review_component_continuity,False,False,False,1.1.1,11,4,5,False,0,ok,https://files.pythonhosted.org/packages/cb/c3/9eba956b52024bfc6512580b2fd3faa7685b0bacd0652e878d72ebb48be8/glvis-0.2.0-py2.py3-none-any.whl,https://files.pythonhosted.org/packages/3b/2f/639f74ed1d414332a5c6181eb5a924128dedca7879377ca28b526516ebad/glvis-1.0.0-py2.py3-none-any.whl,history/glvis.json,"[""deps_dev_repo_mapping""]",
gmaps,Google maps plugin for Jupyter notebooks,https://pypi.org/project/gmaps/,"[""pbugnion/gmaps""]","[""pbugnion/gmaps""]",True,custom_widget_candidate,source_supported_candidate,True,True,[],"[""traditional_custom_widget""]",2014-12-02T15:06:05.007641Z,2016-06-13T07:13:59.095405Z,0.3.0rc1,,,,,,,False,[],False,not_established,False,False,False,0.9.0,92,10,0,False,0,ok,https://files.pythonhosted.org/packages/68/e2/e02d62c34ba11c3b0048e8dbb9e8e816cdbec042ea19f363c04e7f91f95e/gmaps-0.3.0rc1.tar.gz,,history/gmaps.json,"[""deps_dev_repo_mapping""]",
gosling,Python bindings to generate Gosling visualizations,https://pypi.org/project/gosling/,"[""gosling-lang/gos""]","[""gosling-lang/gos""]",True,custom_widget_candidate,source_supported_candidate,True,True,"[""anywidget""]","[""anywidget"", ""traditional_custom_widget""]",2021-08-18T18:27:12.512631Z,2021-08-18T18:27:12.512631Z,0.0.0,2024-11-20T23:15:14.672082Z,0.2.3,False,2024-11-20T23:15:14.672082Z,0.2.3,2024-11-20T23:15:14.672082Z,True,"[""traditional_custom_widget""]",True,review_component_continuity,False,False,False,0.3.0,22,18,10,False,0,ok,https://files.pythonhosted.org/packages/aa/d2/a0b2c8c0f39077d19312b66b2946ed2b8e57532017d44b7010f75d26e2b3/gosling-0.0.0-py3-none-any.whl,https://files.pythonhosted.org/packages/c5/fb/8b570dc88e1f21f372fe795e3057738161e397db4d5a0d1213fe7d4b8833/gosling-0.2.3-py3-none-any.whl,history/gosling.json,"[""deps_dev_direct_sample"", ""deps_dev_repo_mapping""]",
gosling-widget,A Jupyter Widget for Gosling,https://pypi.org/project/gosling-widget/,"[""gosling-lang/gosling-widget""]","[""gosling-lang/gosling-widget""]",True,custom_widget_candidate,source_supported_candidate,True,True,"[""traditional_custom_widget""]","[""traditional_custom_widget""]",2022-04-21T16:16:03.868274Z,2022-04-21T16:16:03.868274Z,0.0.0,,,,,,,True,"[""traditional_custom_widget""]",False,not_established,False,False,False,0.0.2,3,2,0,False,0,ok,https://files.pythonhosted.org/packages/2d/92/667ef21e44a45df17fe306ac17a74d167f8867df31304fd04b4914a0f155/gosling_widget-0.0.0-py3-none-any.whl,,history/gosling-widget.json,"[""deps_dev_repo_mapping"", ""pypi_name_index""]",
gp-coords-widget,Continuous parallel coordinates widget for GP / function distributions,https://pypi.org/project/gp-coords-widget/,[],[],False,custom_widget_candidate,source_supported_candidate,False,True,"[""anywidget""]","[""anywidget""]",2026-03-17T21:13:34.874830Z,2026-03-17T21:13:36.036918Z,0.1.0,2026-03-17T21:13:36.036918Z,0.1.0,False,2026-03-17T21:13:36.036918Z,0.1.0,2026-03-17T21:13:34.874830Z,True,"[""anywidget""]",False,not_established,True,True,True,0.1.0,1,1,1,False,0,ok,https://files.pythonhosted.org/packages/9f/bb/65165e0b6896e95c144f9a24fee89a14e4264f2a337f5feddece9716f4b2/gp_coords_widget-0.1.0-py3-none-any.whl,https://files.pythonhosted.org/packages/9f/bb/65165e0b6896e95c144f9a24fee89a14e4264f2a337f5feddece9716f4b2/gp_coords_widget-0.1.0-py3-none-any.whl,history/gp-coords-widget.json,"[""pypi_name_index""]",
grandscatter,Interactive multidimensional scatterplot Jupyter widget,https://pypi.org/project/grandscatter/,"[""abdenlab/grandscatter""]",[],False,custom_widget_candidate,source_supported_candidate,False,True,"[""anywidget""]","[""anywidget""]",2026-02-17T17:40:11.856738Z,2026-02-17T17:40:11.856738Z,0.1.0,2026-02-17T17:40:11.856738Z,0.1.0,False,2026-02-17T17:40:11.856738Z,0.1.0,2026-02-17T17:40:11.856738Z,True,"[""anywidget""]",False,not_established,True,True,True,0.3.1,5,2,5,False,0,ok,https://files.pythonhosted.org/packages/df/65/60a9a558b92ebc717b952d6deb256d11c7d5071e48265cd981395cd17b09/grandscatter-0.1.0-py3-none-any.whl,https://files.pythonhosted.org/packages/df/65/60a9a558b92ebc717b952d6deb256d11c7d5071e48265cd981395cd17b09/grandscatter-0.1.0-py3-none-any.whl,history/grandscatter.json,"[""deps_dev_repo_mapping""]",
graph-3d-widget,,https://pypi.org/project/graph-3d-widget/,[],[],False,custom_widget_candidate,source_supported_candidate,False,True,"[""anywidget""]","[""anywidget""]",2025-06-16T21:08:00.288773Z,2025-06-16T21:08:00.288773Z,0.0.1,2025-06-16T21:08:00.288773Z,0.0.1,False,2025-06-16T21:08:00.288773Z,0.0.1,2025-06-16T21:08:00.288773Z,True,"[""anywidget""]",False,not_established,True,True,True,0.0.2,2,2,2,False,0,ok,https://files.pythonhosted.org/packages/c1/6e/ceff277f06d5cfd69154fe484333478c063f8b9803aa2b44ce5ffd149ae6/graph_3d_widget-0.0.1-py2.py3-none-any.whl,https://files.pythonhosted.org/packages/c1/6e/ceff277f06d5cfd69154fe484333478c063f8b9803aa2b44ce5ffd149ae6/graph_3d_widget-0.0.1-py2.py3-none-any.whl,history/graph-3d-widget.json,"[""pypi_name_index""]",
graph-notebook,Jupyter notebook extension to connect to graph databases,https://pypi.org/project/graph-notebook/,"[""aws/graph-notebook""]","[""aws/graph-notebook""]",True,custom_widget_candidate,source_supported_candidate,True,True,[],"[""traditional_custom_widget""]",2020-11-02T22:36:37.577339Z,2020-11-02T22:36:37.577339Z,1.31.6,,,,,,,True,"[""traditional_custom_widget""]",False,not_established,False,False,False,5.3.0,87,1,32,False,0,no_supported_artifact_under_16MiB,https://files.pythonhosted.org/packages/71/96/17473f89bc1d4330c186aace3015ee10523580e358a44ab7f054c67fa5ac/graph_notebook-1.31.6-py3-none-any.whl,,history/graph-notebook.json,"[""deps_dev_direct_sample"", ""deps_dev_repo_mapping""]",
graph-widget,,https://pypi.org/project/graph-widget/,[],[],False,custom_widget_candidate,source_supported_candidate,False,True,"[""anywidget""]","[""anywidget""]",2025-02-18T14:47:50.623639Z,2025-02-18T14:47:50.623639Z,0.0.0,2025-02-18T14:47:50.623639Z,0.0.0,False,2025-02-18T14:47:50.623639Z,0.0.0,2025-02-18T14:47:50.623639Z,True,"[""anywidget""]",False,not_established,True,True,True,0.1.17,19,2,19,False,0,ok,https://files.pythonhosted.org/packages/54/9a/aef46d91c3e84d6fe227c890007ae320f482016fa1ad5f2bbd08521187ad/graph_widget-0.0.0-py2.py3-none-any.whl,https://files.pythonhosted.org/packages/54/9a/aef46d91c3e84d6fe227c890007ae320f482016fa1ad5f2bbd08521187ad/graph_widget-0.0.0-py2.py3-none-any.whl,history/graph-widget.json,"[""pypi_name_index""]",
graphscope-jupyter,Python implementation of the graph visualization tool Graphin.,https://pypi.org/project/graphscope-jupyter/,"[""alibaba/graphscope""]","[""alibaba/GraphScope""]",True,custom_widget_candidate,source_supported_candidate,True,True,"[""traditional_custom_widget""]","[""traditional_custom_widget""]",2021-05-16T09:26:47.698865Z,2021-05-17T08:20:19.392461Z,0.4.1,,,,,,,True,"[""traditional_custom_widget""]",False,not_established,False,False,False,0.4.1,1,1,0,False,0,ok,https://files.pythonhosted.org/packages/d6/0c/6c6e47757604e33c0a009b5fbaadac2d22c78aa244c92cf54bae649835cc/graphscope_jupyter-0.4.1-1-py2.py3-none-any.whl,,history/graphscope-jupyter.json,"[""deps_dev_repo_mapping""]",
graphviz-anywidget,Interactive Graphviz visualization widget for Jupyter notebooks using anywidget.,https://pypi.org/project/graphviz-anywidget/,"[""pipefunc/graphviz-anywidget""]","[""pipefunc/graphviz-anywidget""]",True,custom_widget_candidate,source_supported_candidate,True,True,"[""anywidget""]","[""anywidget""]",2024-11-22T21:01:01.823014Z,2024-11-22T21:01:01.823014Z,0.1.0,2024-11-22T21:01:01.823014Z,0.1.0,False,2024-11-22T21:01:01.823014Z,0.1.0,2024-11-22T21:01:01.823014Z,True,"[""anywidget""]",False,not_established,False,False,False,0.8.0,10,2,10,False,0,ok,https://files.pythonhosted.org/packages/bd/e5/bf8b9731f95d485ad0a3357ae28dc965c6509ce99ab5d2fa6d6fb18048f0/graphviz_anywidget-0.1.0-py3-none-any.whl,https://files.pythonhosted.org/packages/bd/e5/bf8b9731f95d485ad0a3357ae28dc965c6509ce99ab5d2fa6d6fb18048f0/graphviz_anywidget-0.1.0-py3-none-any.whl,history/graphviz-anywidget.json,"[""deps_dev_repo_mapping"", ""pypi_name_index""]",
greenflowlab,greenflow Jupyterlab extension,https://pypi.org/project/greenflowlab/,"[""nvidia/fsi-samples""]",[],False,custom_widget_candidate,source_supported_candidate,True,True,"[""traditional_custom_widget""]","[""traditional_custom_widget""]",2021-02-22T19:56:14.540923Z,2021-02-22T19:56:14.540923Z,1.0.0,,,,,,,True,"[""traditional_custom_widget""]",False,not_established,False,False,False,1.0.5,3,2,0,False,0,ok,https://files.pythonhosted.org/packages/75/a2/98de96d1fd1ff504a781b9a4da6c18bddc855dfdb921389e906d1ca45178/greenflowlab-1.0.0.tar.gz,,history/greenflowlab.json,"[""deps_dev_repo_mapping""]",
groggy,Groggy - A Graph Language Engine for dynamic graphs and versioned state,https://pypi.org/project/groggy/,"[""rollingstorms/groggy""]",[],False,custom_widget_candidate,source_supported_candidate,False,True,"[""traditional_custom_widget""]","[""traditional_custom_widget""]",2025-07-10T20:54:13.140782Z,2025-10-22T11:52:15.015506Z,0.5.1,,,,,,,False,[],False,not_established,True,True,True,0.5.2,6,6,6,False,0,ok,https://files.pythonhosted.org/packages/de/7e/1f84b6f177120dcd012f5cd3760c1aece5d61ba18c6574859238f886c1c8/groggy-0.5.1-cp39-cp39-win_amd64.whl,,history/groggy.json,"[""deps_dev_repo_mapping""]",
gtrace,2D ray tracing package for Gaussian beams,https://pypi.org/project/gtrace/,"[""asoy01/gtrace""]",[],False,custom_widget_candidate,source_supported_candidate,False,True,"[""anywidget""]","[""anywidget""]",2019-08-30T12:50:39.007641Z,2026-08-03T03:19:41.113309Z,0.3.0,2026-08-03T03:19:41.113309Z,0.3.0,False,2026-08-03T03:19:41.113309Z,0.3.0,2026-08-03T03:19:41.113309Z,False,[],False,not_established,False,False,True,0.8.0,12,7,10,False,0,ok,https://files.pythonhosted.org/packages/1d/e0/05ae40cfbb25313f5072d8434d86c68558f16e7ea7c51d0a0df2dc0de21b/gtrace-0.3.0-py3-none-any.whl,https://files.pythonhosted.org/packages/1d/e0/05ae40cfbb25313f5072d8434d86c68558f16e7ea7c51d0a0df2dc0de21b/gtrace-0.3.0-py3-none-any.whl,history/gtrace.json,"[""deps_dev_repo_mapping""]",
guidance-stitch,Bidirectional comms for Jupyter and JavaScript.,https://pypi.org/project/guidance-stitch/,"[""guidance-ai/guidance""]",[],False,custom_widget_candidate,source_supported_candidate,False,True,"[""traditional_custom_widget""]","[""traditional_custom_widget""]",2024-12-19T06:14:50.160747Z,2024-12-19T06:14:50.160747Z,0.1.0,,,,,,,True,"[""traditional_custom_widget""]",False,not_established,True,False,True,0.1.5,6,2,6,False,0,ok,https://files.pythonhosted.org/packages/9e/99/ceeb3e88aca92b61402b43609fff20f9371525c8d121ea67b12f05755d48/guidance_stitch-0.1.0-py3-none-any.whl,,history/guidance-stitch.json,"[""deps_dev_direct_sample"", ""deps_dev_repo_mapping""]",
gvrender,,https://pypi.org/project/gvrender/,[],[],False,custom_widget_candidate,source_supported_candidate,False,True,"[""anywidget""]","[""anywidget""]",2026-04-30T14:45:02.584368Z,2026-04-30T14:45:02.584368Z,0.0.3,2026-04-30T14:45:02.584368Z,0.0.3,False,2026-04-30T14:45:02.584368Z,0.0.3,2026-04-30T14:45:02.584368Z,True,"[""anywidget""]",False,not_established,True,True,True,0.0.3,1,1,1,False,0,ok,https://files.pythonhosted.org/packages/ed/60/f7fa3f7f74df33ab0a7d873ef66ac0b90cc9c6cb4beb3c462f7caeedf66a/gvrender-0.0.3-py2.py3-none-any.whl,https://files.pythonhosted.org/packages/ed/60/f7fa3f7f74df33ab0a7d873ef66ac0b90cc9c6cb4beb3c462f7caeedf66a/gvrender-0.0.3-py2.py3-none-any.whl,history/gvrender.json,"[""deps_dev_direct_sample""]",
habemus-papadum-rfb,Remote Frame Buffer,https://pypi.org/project/habemus-papadum-rfb/,"[""habemus-papadum/pdum_rfb""]",[],False,custom_widget_candidate,source_supported_candidate,False,True,"[""anywidget""]","[""anywidget""]",2026-07-02T12:27:05.999587Z,2026-07-02T12:27:05.999587Z,0.1.0,2026-07-02T12:27:05.999587Z,0.1.0,False,2026-07-02T12:27:05.999587Z,0.1.0,2026-07-02T12:27:05.999587Z,True,"[""anywidget""]",False,not_established,True,True,True,0.3.0,4,2,4,False,0,ok,https://files.pythonhosted.org/packages/03/f9/7e4f9e543eaa06f816cad7d60679e5f40bd40d60b5900c4c8799c601f678/habemus_papadum_rfb-0.1.0-py3-none-any.whl,https://files.pythonhosted.org/packages/03/f9/7e4f9e543eaa06f816cad7d60679e5f40bd40d60b5900c4c8799c601f678/habemus_papadum_rfb-0.1.0-py3-none-any.whl,history/habemus-papadum-rfb.json,"[""deps_dev_repo_mapping""]",
hboard-widget,Jupyter widgets for hypernets,https://pypi.org/project/hboard-widget/,"[""datacanvasio/hyperboard""]","[""DataCanvasIO/HyperBoard""]",True,custom_widget_candidate,source_supported_candidate,True,True,"[""traditional_custom_widget""]","[""traditional_custom_widget""]",2022-03-07T09:00:25.661213Z,2022-03-07T09:00:25.661213Z,0.1.0,,,,,,,True,"[""traditional_custom_widget""]",False,not_established,False,False,False,0.1.1,2,2,0,False,0,ok,https://files.pythonhosted.org/packages/d0/d9/9f23acbb337c73a73bac550946c571cac84d72ae768892a6fac7ea8a2f78/hboard_widget-0.1.0-py2.py3-none-any.whl,,history/hboard-widget.json,"[""deps_dev_repo_mapping"", ""pypi_name_index""]",
here-map-widget-for-jupyter,A widget that enables you to use HERE Maps API for JavaScript in Jupyter Notebook.,https://pypi.org/project/here-map-widget-for-jupyter/,"[""heremaps/here-map-widget-for-jupyter""]","[""heremaps/here-map-widget-for-jupyter""]",True,custom_widget_candidate,source_supported_candidate,True,True,"[""traditional_custom_widget""]","[""traditional_custom_widget""]",2021-02-04T07:41:32.438339Z,2021-02-04T07:41:32.438339Z,0.1.0,,,,,,,True,"[""traditional_custom_widget""]",False,not_established,False,False,False,1.1.3,8,2,0,False,0,ok,https://files.pythonhosted.org/packages/0a/70/efcb7b217cbee4cc1a925de1ef401b8dd1fee9aeaa54c5c615d20643af0a/here_map_widget_for_jupyter-0.1.0-py2.py3-none-any.whl,,history/here-map-widget-for-jupyter.json,"[""deps_dev_direct_sample"", ""deps_dev_repo_mapping"", ""pypi_name_index""]",
here-search-demo,HERE Geocoding and Search demo and widgets,https://pypi.org/project/here-search-demo/,"[""heremaps/here-search-demo""]",[],False,custom_widget_candidate,source_supported_candidate,False,True,"[""anywidget""]","[""anywidget""]",2023-04-25T10:26:01.344978Z,2026-07-22T06:46:21.070164Z,0.36.3,2026-07-22T06:46:21.070164Z,0.36.3,False,2026-07-22T06:46:21.070164Z,0.36.3,2026-07-22T06:46:21.070164Z,False,[],False,not_established,False,False,True,0.36.5,25,24,25,False,0,ok,https://files.pythonhosted.org/packages/aa/50/3af74dea78adff62ba13c9a34bc5ad86c238262941b3f50dfef14327bbcc/here_search_demo-0.36.3-py3-none-any.whl,https://files.pythonhosted.org/packages/aa/50/3af74dea78adff62ba13c9a34bc5ad86c238262941b3f50dfef14327bbcc/here_search_demo-0.36.3-py3-none-any.whl,history/here-search-demo.json,"[""deps_dev_direct_sample"", ""deps_dev_repo_mapping""]",
higlass-python,Python bindings for HiGlass,https://pypi.org/project/higlass-python/,"[""higlass/higlass-python""]","[""higlass/higlass-python""]",True,custom_widget_candidate,source_supported_candidate,True,True,"[""anywidget""]","[""anywidget"", ""traditional_custom_widget""]",2018-12-12T02:54:40.930495Z,2018-12-12T02:54:40.930495Z,0.1.0,2023-08-22T16:15:53.750548Z,1.0.1,False,2023-08-22T16:15:53.750548Z,1.0.1,2023-08-22T16:15:53.750548Z,True,"[""traditional_custom_widget""]",True,review_component_continuity,False,False,False,1.4.0,42,7,18,False,0,ok,https://files.pythonhosted.org/packages/88/89/7791f8bfd449d719ed205e21125d0f5bdc6bf8e43360d728b864b76b7385/higlass-python-0.1.0.tar.gz,https://files.pythonhosted.org/packages/d8/82/b372296c70fb17594515d1826b18dd2b321da48a64ead48fa26fd6d73803/higlass_python-1.0.1-py2.py3-none-any.whl,history/higlass-python.json,"[""deps_dev_direct_sample"", ""deps_dev_repo_mapping""]",
higlass-widget,A Jupyter Widget for HiGlass,https://pypi.org/project/higlass-widget/,"[""higlass/higlass-widget""]",[],False,custom_widget_candidate,source_supported_candidate,False,True,"[""anywidget""]","[""anywidget"", ""traditional_custom_widget""]",2022-02-12T20:35:38.507418Z,2022-02-12T20:35:38.507418Z,0.0.0,2023-05-11T17:51:55.933751Z,0.1.0,False,2023-05-11T17:51:55.933751Z,0.1.0,2023-05-11T17:51:55.933751Z,True,"[""traditional_custom_widget""]",True,review_component_continuity,False,False,False,0.1.2,10,4,3,False,0,ok,https://files.pythonhosted.org/packages/13/61/6e593dfe40e90db5851f51b77cb54f5e2b2d7515c19f32d7ca28199bfa39/higlass_widget-0.0.0-py3-none-any.whl,https://files.pythonhosted.org/packages/4a/1d/2c808089e154092e615a13a3f728505654dd067e0e8825f154fdb845c996/higlass_widget-0.1.0-py3-none-any.whl,history/higlass-widget.json,"[""deps_dev_direct_sample"", ""pypi_name_index""]",
hnxwidget,A widget for interractive visualization of the hypernetx package.,https://pypi.org/project/hnxwidget/,"[""pnnl/hypernetx-widget""]","[""pnnl/hypernetx-widget""]",True,custom_widget_candidate,source_supported_candidate,True,True,"[""traditional_custom_widget""]","[""traditional_custom_widget""]",2021-05-13T01:54:27.561665Z,2021-05-13T01:55:12.791430Z,0.1.0b3,,,,,,,True,"[""traditional_custom_widget""]",False,not_established,False,False,False,0.1.1b3,5,2,1,False,0,ok,https://files.pythonhosted.org/packages/f8/ab/902711c30347b6f19a541e7111062084f517b8c9c53a30158268f765986c/hnxwidget-0.1.0b3-py2.py3-none-any.whl,,history/hnxwidget.json,"[""deps_dev_repo_mapping"", ""pypi_name_index""]",
hoodini-colab,Interactive parameter configurator for the Hoodini CLI genomic neighborhood analysis tool,https://pypi.org/project/hoodini-colab/,"[""pentamorfico/hoodini-colab""]",[],False,custom_widget_candidate,source_supported_candidate,False,True,"[""anywidget""]","[""anywidget""]",2026-01-15T10:39:15.431979Z,2026-01-15T10:39:15.431979Z,0.1.0,2026-01-15T10:39:15.431979Z,0.1.0,False,2026-01-15T10:39:15.431979Z,0.1.0,2026-01-15T10:39:15.431979Z,True,"[""anywidget""]",False,not_established,True,True,True,0.1.6,7,2,7,False,0,ok,https://files.pythonhosted.org/packages/34/fe/c397c7383402ba83fedc551ce65e120cbc936e4509ceba91590da8ba042f/hoodini_colab-0.1.0-py3-none-any.whl,https://files.pythonhosted.org/packages/34/fe/c397c7383402ba83fedc551ce65e120cbc936e4509ceba91590da8ba042f/hoodini_colab-0.1.0-py3-none-any.whl,history/hoodini-colab.json,"[""deps_dev_repo_mapping""]",
hra-jupyter-widgets,,https://pypi.org/project/hra-jupyter-widgets/,"[""x-atlas-consortia/hra-jupyter-widgets""]","[""x-atlas-consortia/hra-jupyter-widgets""]",True,custom_widget_candidate,source_supported_candidate,True,True,"[""anywidget""]","[""anywidget""]",2024-09-10T20:44:14.351474Z,2024-09-10T20:44:14.351474Z,0.1.0,2024-09-10T20:44:14.351474Z,0.1.0,False,2024-09-10T20:44:14.351474Z,0.1.0,2024-09-10T20:44:14.351474Z,True,"[""anywidget""]",False,not_established,False,False,False,0.4.1,9,2,9,False,0,ok,https://files.pythonhosted.org/packages/18/ac/3f4ecc16157295718a921ff88997cc154f20d9ec986047e9f33ab110b958/hra_jupyter_widgets-0.1.0-py3-none-any.whl,https://files.pythonhosted.org/packages/18/ac/3f4ecc16157295718a921ff88997cc154f20d9ec986047e9f33ab110b958/hra_jupyter_widgets-0.1.0-py3-none-any.whl,history/hra-jupyter-widgets.json,"[""deps_dev_repo_mapping"", ""pypi_name_index""]",
hypernets-jupyter-widget,Jupyter widgets for hyperntes,https://pypi.org/project/hypernets-jupyter-widget/,"[""datacanvas/hn_widget""]",[],False,custom_widget_candidate,source_supported_candidate,False,True,"[""traditional_custom_widget""]","[""traditional_custom_widget""]",2021-08-09T10:09:37.173773Z,2021-08-09T10:09:37.173773Z,0.1.0a0,,,,,,,True,"[""traditional_custom_widget""]",False,not_established,False,False,False,0.2.3.2,5,2,0,False,0,ok,https://files.pythonhosted.org/packages/ed/4d/b16df1d0396f539d78092023b8fba60ecfd161c1aba7bf6862baf3ad2487/hypernets_jupyter_widget-0.1.0a0-py2.py3-none-any.whl,,history/hypernets-jupyter-widget.json,"[""pypi_name_index""]",
hypster,A flexible configuration system for Python projects,https://pypi.org/project/hypster/,"[""gilad-rubin/hypster""]",[],False,custom_widget_candidate,source_supported_candidate,False,True,"[""anywidget""]","[""anywidget""]",2019-12-29T22:14:25.897261Z,2026-05-24T13:20:01.965975Z,0.5.2,2026-05-24T13:20:01.965975Z,0.5.2,False,2026-05-24T13:20:01.965975Z,0.5.2,2026-05-24T13:20:01.965975Z,False,[],False,not_established,False,False,True,0.9.1,68,34,64,False,0,ok,https://files.pythonhosted.org/packages/95/8c/e89b65065f33ef79c71cc42d7492cdb23d27f5300912e3e14cd16d3af8cb/hypster-0.5.2-py3-none-any.whl,https://files.pythonhosted.org/packages/95/8c/e89b65065f33ef79c71cc42d7492cdb23d27f5300912e3e14cd16d3af8cb/hypster-0.5.2-py3-none-any.whl,history/hypster.json,"[""deps_dev_repo_mapping""]",
ibb,Jupyter Widget Library for Brambox,https://pypi.org/project/ibb/,"[""0phoff/ibb""]","[""0phoff/ibb""]",True,custom_widget_candidate,source_supported_candidate,True,True,"[""traditional_custom_widget""]","[""traditional_custom_widget""]",2020-06-30T13:06:08.658664Z,2020-06-30T13:06:08.658664Z,1.0.0,,,,,,,True,"[""traditional_custom_widget""]",False,not_established,False,False,False,3.0.1,9,2,4,False,0,ok,https://files.pythonhosted.org/packages/ee/12/9ad9e730f9f3d626a025373baf3e733999f161cab9b5a700057da48778cf/ibb-1.0.0-py2.py3-none-any.whl,,history/ibb.json,"[""deps_dev_direct_sample"", ""deps_dev_repo_mapping""]",
ifc-anywidget,IFC viewer AnyWidget using That Open Company Open BIM Components,https://pypi.org/project/ifc-anywidget/,"[""sanzoghenzo/ifc-viewer-anywidget""]",[],False,custom_widget_candidate,source_supported_candidate,False,True,"[""anywidget""]","[""anywidget""]",2025-05-24T20:58:11.359379Z,2025-05-24T20:58:11.359379Z,0.1.0,2025-05-24T20:58:11.359379Z,0.1.0,False,2025-05-24T20:58:11.359379Z,0.1.0,2025-05-24T20:58:11.359379Z,True,"[""anywidget""]",False,not_established,True,True,True,0.5.0,5,2,5,False,0,ok,https://files.pythonhosted.org/packages/d9/a1/fbd0d9eb995faa3df15d11296865098a1c333ea8687b93eee974358ec427/ifc_anywidget-0.1.0-py3-none-any.whl,https://files.pythonhosted.org/packages/d9/a1/fbd0d9eb995faa3df15d11296865098a1c333ea8687b93eee974358ec427/ifc_anywidget-0.1.0-py3-none-any.whl,history/ifc-anywidget.json,"[""deps_dev_repo_mapping"", ""pypi_name_index""]",
iiif-anywidget,Widgets to view images served from IIIF sources,https://pypi.org/project/iiif-anywidget/,"[""neelsmith/iiif-anywidget""]",[],False,custom_widget_candidate,source_supported_candidate,False,True,"[""anywidget""]","[""anywidget""]",2026-02-25T12:38:21.858285Z,2026-02-25T13:39:39.278730Z,0.1.0,2026-02-25T13:39:39.278730Z,0.1.0,False,2026-02-25T13:39:39.278730Z,0.1.0,2026-02-25T12:38:21.858285Z,False,[],False,not_established,True,True,True,0.7.0,8,3,8,False,0,ok,https://files.pythonhosted.org/packages/76/b7/d99ebe12c048d9f86721cbc0d7010cf45639af2a695ef3d4f3ca678d2e61/iiif_anywidget-0.1.0-py2.py3-none-any.whl,https://files.pythonhosted.org/packages/76/b7/d99ebe12c048d9f86721cbc0d7010cf45639af2a695ef3d4f3ca678d2e61/iiif_anywidget-0.1.0-py2.py3-none-any.whl,history/iiif-anywidget.json,"[""deps_dev_repo_mapping"", ""pypi_name_index""]",
imandrax-tools,"Umbralla package bundling imandrax-api-models and iml-query. Also provides miscellaneous utilities (goal state formatting, rec knowledge base).",https://pypi.org/project/imandrax-tools/,"[""imandra-ai/imandrax-tools""]",[],False,custom_widget_candidate,source_supported_candidate,False,True,"[""anywidget""]","[""anywidget""]",2025-11-17T18:07:54.881449Z,2026-07-13T11:55:12.851001Z,20.3.0,2026-07-13T11:55:12.851001Z,20.3.0,False,2026-07-13T11:55:12.851001Z,20.3.0,2026-07-13T11:55:12.851001Z,False,[],False,not_established,True,True,True,20.6.0,16,13,16,False,0,ok,https://files.pythonhosted.org/packages/b8/29/bb12cbd1ae480ad421cb633f6f2f5dd06cbcc1728a36d53ced5a2e6fba0a/imandrax_tools-20.3.0-py3-none-any.whl,https://files.pythonhosted.org/packages/b8/29/bb12cbd1ae480ad421cb633f6f2f5dd06cbcc1728a36d53ced5a2e6fba0a/imandrax_tools-20.3.0-py3-none-any.whl,history/imandrax-tools.json,"[""deps_dev_repo_mapping""]",
inspect-viz,Data visualization for Inspect AI large language model evalutions.,https://pypi.org/project/inspect-viz/,"[""meridianlabs-ai/inspect_viz""]",[],False,custom_widget_package,accepted_after_assistant_review,False,True,"[""anywidget""]","[""anywidget""]",2025-07-18T11:32:06.218921Z,2025-07-18T11:32:06.218921Z,0.2.5,2025-07-18T11:32:06.218921Z,0.2.5,False,2025-07-18T11:32:06.218921Z,0.2.5,2025-07-18T11:32:06.218921Z,True,"[""anywidget""]",False,not_established,True,True,True,0.4.1,12,2,12,False,0,ok,https://files.pythonhosted.org/packages/ae/96/130747d7f0cd2bac513c5e8533b29057e4ac5183870079adbb64bfe1f62a/inspect_viz-0.2.5-py3-none-any.whl,https://files.pythonhosted.org/packages/ae/96/130747d7f0cd2bac513c5e8533b29057e4ac5183870079adbb64bfe1f62a/inspect_viz-0.2.5-py3-none-any.whl,history/inspect-viz.json,"[""deps_dev_repo_mapping""]",Published visualization package defines its own Component anywidget base in inspect_viz/_core/component.py.
ipannotoryous,A annotation Jupyter Widget based on Annotorius.,https://pypi.org/project/ipannotoryous/,"[""fcollonval/ipannotoryous""]","[""fcollonval/ipannotoryous""]",True,custom_widget_candidate,source_supported_candidate,True,True,"[""traditional_custom_widget""]","[""traditional_custom_widget""]",2021-01-29T11:08:04.367656Z,2021-01-29T11:08:04.367656Z,1.0.0.post1,,,,,,,True,"[""traditional_custom_widget""]",False,not_established,False,False,False,1.0.0.post1,1,1,0,False,0,ok,https://files.pythonhosted.org/packages/5e/a5/3246b14925cdd8463c0db4854f562c24e9c551b3e942c82df00d5ea7f1e2/ipannotoryous-1.0.0.post1-py2.py3-none-any.whl,,history/ipannotoryous.json,"[""deps_dev_repo_mapping""]",
ipecharts,Apache Echarts Jupyter Widget.,https://pypi.org/project/ipecharts/,"[""trungleduc/ipecharts""]","[""trungleduc/ipecharts""]",True,custom_widget_candidate,source_supported_candidate,True,True,"[""traditional_custom_widget""]","[""traditional_custom_widget""]",2024-06-15T22:52:09.447478Z,2024-06-15T22:52:09.447478Z,1.0.0,,,,,,,True,"[""traditional_custom_widget""]",False,not_established,False,False,False,1.4.0,15,2,15,False,0,ok,https://files.pythonhosted.org/packages/a0/14/b1ef94efb025c21c068262940583daaac96e6141e0a85d13f1de622cc8b3/ipecharts-1.0.0-py3-none-any.whl,,history/ipecharts.json,"[""deps_dev_repo_mapping""]",
ipy-distbuilder,A Jupyter widget to visualize distribution builders,https://pypi.org/project/ipy-distbuilder/,[],[],False,custom_widget_candidate,source_supported_candidate,False,True,"[""traditional_custom_widget""]","[""traditional_custom_widget""]",2017-03-30T08:43:56.869971Z,2017-03-30T08:44:39.674976Z,0.1.0.dev0,,,,,,,True,"[""traditional_custom_widget""]",False,not_established,False,False,False,0.1.1.dev0,2,2,0,False,0,ok,https://files.pythonhosted.org/packages/bb/f0/304332764b0bc9ba0ffede7a931f16b140d5a8deafa1d3821e5f2957311d/ipy_distbuilder-0.1.0.dev0-py2.py3-none-any.whl,,history/ipy-distbuilder.json,"[""pypi_name_index""]",
ipyaggrid,Jupyter widget - ag-grid in the notebook,https://pypi.org/project/ipyaggrid/,"[""widgetti/ipyaggrid""]","[""widgetti/ipyaggrid""]",True,custom_widget_candidate,source_supported_candidate,True,True,"[""traditional_custom_widget""]","[""traditional_custom_widget""]",2018-07-02T12:26:44.313450Z,2018-07-02T12:26:44.313450Z,0.0.1a0,,,,,,,True,"[""traditional_custom_widget""]",False,not_established,False,False,False,0.5.4,50,2,11,False,0,ok,https://files.pythonhosted.org/packages/c4/e1/d1b6059319fb9bb2dac74291f7b54346a708701fac91de08521d83c1e521/ipyaggrid-0.0.1a0-py2.py3-none-any.whl,,history/ipyaggrid.json,"[""deps_dev_direct_sample"", ""deps_dev_repo_mapping"", ""pypi_name_index""]",
ipyaladin,,https://pypi.org/project/ipyaladin/,"[""cds-astro/ipyaladin""]","[""cds-astro/ipyaladin""]",True,custom_widget_candidate,source_supported_candidate,True,True,"[""anywidget""]","[""anywidget"", ""traditional_custom_widget""]",2017-07-13T10:17:41.551106Z,2017-07-13T10:17:41.551106Z,0.1.0,2024-03-15T14:18:03.104150Z,0.3.0.dev2,True,2024-03-15T14:27:28.540160Z,0.3.0,2024-03-15T14:18:03.104150Z,True,"[""traditional_custom_widget""]",True,review_component_continuity,False,False,False,0.8.1,29,5,19,False,0,ok,https://files.pythonhosted.org/packages/c7/18/ff00600d4a9d76763cd0582eaa2dbf5fb6c54b91e2f640bca43169a8adc5/ipyaladin-0.1.0.tar.gz,https://files.pythonhosted.org/packages/b1/d6/d4b857590e1b2b537fc30c4fe0eb90160dd85958bfd374fad2dd5fe2a584/ipyaladin-0.3.0.dev2-py2.py3-none-any.whl,history/ipyaladin.json,"[""deps_dev_direct_sample"", ""deps_dev_repo_mapping"", ""pypi_name_index""]",
ipyaliplayer,A Custom Jupyter Widget Library,https://pypi.org/project/ipyaliplayer/,"[""boyuai/ipyaliplayer""]",[],False,custom_widget_candidate,source_supported_candidate,False,True,"[""traditional_custom_widget""]","[""traditional_custom_widget""]",2020-04-23T07:40:04.687615Z,2020-04-23T07:40:04.687615Z,0.1.0.dev0,,,,,,,True,"[""traditional_custom_widget""]",False,not_established,False,False,False,0.4.1,7,2,0,False,0,ok,https://files.pythonhosted.org/packages/ed/c0/0cfbccbb6f6854d77cce90fa808448287640305426d3d28bf564662ea787/ipyaliplayer-0.1.0.dev0-py2.py3-none-any.whl,,history/ipyaliplayer.json,"[""pypi_name_index""]",
ipyanchorviz,A Custom Jupyter Widget Library,https://pypi.org/project/ipyanchorviz/,"[""ornl/ipyanchorviz""]","[""ORNL/ipyanchorviz""]",True,custom_widget_candidate,source_supported_candidate,True,True,"[""traditional_custom_widget""]","[""traditional_custom_widget""]",2023-01-26T14:34:20.469934Z,2023-01-26T14:34:20.469934Z,0.1.0,,,,,,,True,"[""traditional_custom_widget""]",False,not_established,False,False,False,0.3.0,5,2,5,False,0,ok,https://files.pythonhosted.org/packages/41/e5/b83e63da62d6d188ebe1bfc8d665c55fa9974f4fc6d3892035caeb722e6d/ipyanchorviz-0.1.0-py3-none-any.whl,,history/ipyanchorviz.json,"[""deps_dev_repo_mapping"", ""pypi_name_index""]",
ipyannotate,Jupyter Widget for data annotation,https://pypi.org/project/ipyannotate/,"[""alexanderkuk/ipyannotate""]",[],False,custom_widget_candidate,source_supported_candidate,False,True,"[""traditional_custom_widget""]","[""traditional_custom_widget""]",2018-07-24T17:46:38.108592Z,2018-07-24T17:46:38.108592Z,0.1.0a0,,,,,,,True,"[""traditional_custom_widget""]",False,not_established,False,False,False,0.1.0b0,2,2,0,False,0,ok,https://files.pythonhosted.org/packages/10/1a/def5c9f81751db5039ce3c27e031981fddc45b719f1860abc8dd187223f9/ipyannotate-0.1.0a0-py2.py3-none-any.whl,,history/ipyannotate.json,"[""pypi_name_index""]",
ipyannotations,Create rich adata annotations in jupyter notebooks.,https://pypi.org/project/ipyannotations/,"[""janfreyberg/ipyannotations""]","[""janfreyberg/ipyannotations""]",True,custom_widget_candidate,source_supported_candidate,True,True,"[""traditional_custom_widget""]","[""traditional_custom_widget""]",2020-01-14T13:49:27.920311Z,2021-08-25T12:14:25.247413Z,0.1.0.dev0,,,,,,,False,[],False,not_established,False,False,False,0.5.1,10,6,0,False,0,ok,https://files.pythonhosted.org/packages/8f/5d/7f61b5c6fa4c11cbe4a5c32d84d3feb4372003635452fcd5ce09758c020b/ipyannotations-0.1.0.dev0-py2.py3-none-any.whl,,history/ipyannotations.json,"[""deps_dev_repo_mapping"", ""pypi_name_index""]",
ipyannote,Interactive pyannote widgets,https://pypi.org/project/ipyannote/,[],[],False,custom_widget_candidate,source_supported_candidate,False,True,"[""anywidget""]","[""anywidget""]",2024-12-20T16:07:19.933825Z,2024-12-20T16:07:19.933825Z,0.1.0,2024-12-20T16:07:19.933825Z,0.1.0,False,2024-12-20T16:07:19.933825Z,0.1.0,2024-12-20T16:07:19.933825Z,True,"[""anywidget""]",False,not_established,True,False,True,0.7.0,15,2,15,False,0,ok,https://files.pythonhosted.org/packages/39/57/0b4870bc587808a953ed25dcb4b489edc0a379ff80cf227369693ccfc465/ipyannote-0.1.0-py3-none-any.whl,https://files.pythonhosted.org/packages/39/57/0b4870bc587808a953ed25dcb4b489edc0a379ff80cf227369693ccfc465/ipyannote-0.1.0-py3-none-any.whl,history/ipyannote.json,"[""pypi_name_index""]",
ipyantd,Ant Design Jupyter Widget,https://pypi.org/project/ipyantd/,"[""g21589/ipyantd""]",[],False,custom_widget_candidate,source_supported_candidate,True,True,"[""traditional_custom_widget""]","[""traditional_custom_widget""]",2019-03-23T08:21:31.655074Z,2019-03-23T08:21:31.655074Z,0.1.1a0,,,,,,,True,"[""traditional_custom_widget""]",False,not_established,False,False,False,0.1.11,11,2,0,False,0,ok,https://files.pythonhosted.org/packages/c1/22/cf65b8570dd8177104feda0933ead94b649280b03df72fddad80ae49e53e/ipyantd-0.1.1a0-py2.py3-none-any.whl,,history/ipyantd.json,"[""deps_dev_repo_mapping"", ""pypi_name_index""]",
ipyaudio,A Jupyter Widget for Web Audio Playing and Recording.,https://pypi.org/project/ipyaudio/,"[""pengzhendong/ipyaudio""]",[],False,custom_widget_candidate,source_supported_candidate,False,True,"[""traditional_custom_widget""]","[""traditional_custom_widget""]",2025-03-15T06:59:26.259321Z,2025-04-04T13:20:33.081675Z,0.1.5,,,,,,,False,[],False,not_established,True,True,True,0.1.32,24,3,24,False,0,ok,https://files.pythonhosted.org/packages/7e/e1/cee49620315eba07e54ebf78ca287745052d0b88665d00f493132c270e6f/ipyaudio-0.1.5-py3-none-any.whl,,history/ipyaudio.json,"[""pypi_name_index""]",
ipyaudioworklet,A Jupyter Widget for Web Audio Recording using Audio Worklet,https://pypi.org/project/ipyaudioworklet/,"[""naoh16/ipyaudioworklet""]","[""naoh16/ipyaudioworklet""]",True,custom_widget_candidate,source_supported_candidate,True,True,"[""traditional_custom_widget""]","[""traditional_custom_widget""]",2023-11-09T15:21:48.666534Z,2023-11-09T15:21:48.666534Z,0.2.0,,,,,,,True,"[""traditional_custom_widget""]",False,not_established,False,False,False,0.7.0,10,2,10,False,0,ok,https://files.pythonhosted.org/packages/cb/99/6c1d246ef2de8a7f745250303ab96b3f7bf7a94935f054e83949cbefa4e6/ipyaudioworklet-0.2.0-py3-none-any.whl,,history/ipyaudioworklet.json,"[""deps_dev_repo_mapping"", ""pypi_name_index""]",
ipyauth,Jupyter widget - OAuth2 implicit flow from notebook,https://pypi.org/project/ipyauth/,[],[],False,custom_widget_candidate,source_supported_candidate,False,True,"[""traditional_custom_widget""]","[""traditional_custom_widget""]",2018-05-27T08:26:11.292306Z,2018-05-27T08:26:11.292306Z,0.1.0,,,,,,,True,"[""traditional_custom_widget""]",False,not_established,False,False,False,0.2.6,10,2,0,False,0,ok,https://files.pythonhosted.org/packages/38/29/cb55b9db1749b2f6d301b4a20f207fab9ed3edd0a4876fa42f8ffed872e0/ipyauth-0.1.0-py2.py3-none-any.whl,,history/ipyauth.json,"[""pypi_name_index""]",
ipyauth-keycloak,Jupyter widget - OAuth2 implicit flow from notebook,https://pypi.org/project/ipyauth-keycloak/,[],[],False,custom_widget_candidate,source_supported_candidate,False,True,"[""traditional_custom_widget""]","[""traditional_custom_widget""]",2021-04-17T13:33:50.358495Z,2021-04-17T13:33:50.358495Z,0.3.0,,,,,,,True,"[""traditional_custom_widget""]",False,not_established,False,False,False,0.3.0,1,1,0,False,0,ok,https://files.pythonhosted.org/packages/e9/e5/e6bc9726f8ab471e00ab37b8ffde5e47222438fa5cd1920be31ce90fac52/ipyauth_keycloak-0.3.0-py2.py3-none-any.whl,,history/ipyauth-keycloak.json,"[""pypi_name_index""]",
ipybbycell,BBY Cell Extension,https://pypi.org/project/ipybbycell/,"[""boyuai/ipybbycell""]",[],False,custom_widget_candidate,source_supported_candidate,False,True,"[""traditional_custom_widget""]","[""traditional_custom_widget""]",2020-08-20T05:45:42.352905Z,2024-08-14T09:15:49.469915Z,0.4.0,,,,,,,False,[],False,not_established,False,False,False,0.4.0,53,13,20,False,0,ok,https://files.pythonhosted.org/packages/04/7f/c724c72bf1821075c80c6bc98118d88aee0467ffa500ee20f925e4d8a6c9/ipybbycell-0.4.0-py2.py3-none-any.whl,,history/ipybbycell.json,"[""pypi_name_index""]",
ipybbycell-extension,BBY Cell Extension,https://pypi.org/project/ipybbycell-extension/,"[""boyuai/ipybbycell""]",[],False,custom_widget_candidate,source_supported_candidate,False,True,"[""traditional_custom_widget""]","[""traditional_custom_widget""]",2024-08-14T03:59:35.826800Z,2024-08-14T03:59:35.826800Z,0.3.12,,,,,,,True,"[""traditional_custom_widget""]",False,not_established,False,False,False,0.3.14,3,2,3,False,0,ok,https://files.pythonhosted.org/packages/72/35/b7a76fa1e2bc0348c55aebc498e76c11f04a3474f5e39c7b17e54c135357/ipybbycell-extension-0.3.12.tar.gz,,history/ipybbycell-extension.json,"[""pypi_name_index""]",
ipybertin,A Jupyter - Bertin.js bridge,https://pypi.org/project/ipybertin/,"[""davidbrochart/ipybertin""]","[""davidbrochart/ipybertin""]",True,custom_widget_candidate,source_supported_candidate,True,True,"[""traditional_custom_widget""]","[""traditional_custom_widget""]",2022-06-25T14:52:39.976645Z,2022-06-25T14:52:39.976645Z,0.1.0,,,,,,,True,"[""traditional_custom_widget""]",False,not_established,False,False,False,0.2.0,2,2,1,False,0,ok,https://files.pythonhosted.org/packages/c2/80/97a5297daa0b0e3783a08cf9c45f503eedf6c1bf336992e2d26fef2efb10/ipybertin-0.1.0-py2.py3-none-any.whl,,history/ipybertin.json,"[""deps_dev_repo_mapping"", ""pypi_name_index""]",
ipybootstrapvue,Jupyter widgets based on bootstrapvue UI components,https://pypi.org/project/ipybootstrapvue/,"[""gfournier/ipyvuetify""]",[],False,custom_widget_candidate,source_supported_candidate,False,True,"[""traditional_custom_widget""]","[""traditional_custom_widget""]",2019-06-05T14:16:37.207964Z,2019-06-05T14:18:17.274148Z,0.0.1a1,,,,,,,True,"[""traditional_custom_widget""]",False,not_established,False,False,False,0.0.1a2,2,2,0,False,0,ok,https://files.pythonhosted.org/packages/fc/6d/822d8e54df493bc5f232f80a3af6fa4c300dd94088abb6e49182f83b425b/ipybootstrapvue-0.0.1a1-py2.py3-none-any.whl,,history/ipybootstrapvue.json,"[""pypi_name_index""]",
ipybus,A widget to communicate with the backend,https://pypi.org/project/ipybus/,"[""gbrault/ipybus""]","[""gbrault/ipybus""]",True,custom_widget_candidate,source_supported_candidate,True,True,"[""traditional_custom_widget""]","[""traditional_custom_widget""]",2021-10-19T13:45:27.829861Z,2021-10-19T13:48:41.076883Z,0.1.0rc0,,,,,,,True,"[""traditional_custom_widget""]",False,not_established,False,False,False,0.1.2rc0,3,2,0,False,0,ok,https://files.pythonhosted.org/packages/c3/8c/2b82c879aad4062c529acc2273734953ae6964258a64db1351196b78a512/ipybus-0.1.0rc0-py2.py3-none-any.whl,,history/ipybus.json,"[""deps_dev_repo_mapping"", ""pypi_name_index""]",
ipycallback,Use this widget to allow client side (javascript) to trigger event on the server side (python),https://pypi.org/project/ipycallback/,"[""binh-vu/ipycallback""]",[],False,custom_widget_candidate,source_supported_candidate,False,True,"[""traditional_custom_widget""]","[""traditional_custom_widget""]",2020-06-28T17:08:31.265677Z,2020-06-28T17:08:31.265677Z,0.1.0,,,,,,,True,"[""traditional_custom_widget""]",False,not_established,False,False,False,0.2.5,7,2,0,False,0,ok,https://files.pythonhosted.org/packages/62/69/01476f8dc19d722c959209657c418cb70ee009a28bf52a14a5a87897a851/ipycallback-0.1.0-py2.py3-none-any.whl,,history/ipycallback.json,"[""pypi_name_index""]",
ipycanvas,Interactive widgets library exposing the browser's Canvas API,https://pypi.org/project/ipycanvas/,"[""jupyter-widgets-contrib/ipycanvas""]","[""jupyter-widgets-contrib/ipycanvas""]",True,custom_widget_candidate,source_supported_candidate,True,True,"[""traditional_custom_widget""]","[""traditional_custom_widget""]",2019-07-07T13:07:30.926644Z,2019-07-07T13:07:30.926644Z,0.1.0,,,,,,,True,"[""traditional_custom_widget""]",False,not_established,False,False,False,0.14.3,40,2,6,False,0,ok,https://files.pythonhosted.org/packages/5c/3d/822c4a912e3c7923e831bb1af8d19daac5523057d53b2e5b8259c1466e60/ipycanvas-0.1.0-py2.py3-none-any.whl,,history/ipycanvas.json,"[""deps_dev_direct_sample"", ""deps_dev_repo_mapping"", ""pypi_name_index""]",
ipychart,A Jupyter - Chart.js bridge enabling interactive data visualization with Python.,https://pypi.org/project/ipychart/,"[""nicohlr/ipychart""]","[""nicohlr/ipychart""]",True,custom_widget_candidate,source_supported_candidate,True,True,"[""traditional_custom_widget""]","[""traditional_custom_widget""]",2020-04-29T12:49:06.561346Z,2020-04-29T12:49:06.561346Z,0.1.0,,,,,,,True,"[""traditional_custom_widget""]",False,not_established,False,False,False,0.5.2,16,2,4,False,0,ok,https://files.pythonhosted.org/packages/97/9a/51a7b371e67ef16c51a9e7cb53a1fc8fc2de23ae0f498839a338e2f0bd7a/ipychart-0.1.0-py2.py3-none-any.whl,,history/ipychart.json,"[""deps_dev_repo_mapping"", ""pypi_name_index""]",
ipyclipboard,,https://pypi.org/project/ipyclipboard/,"[""jtpio/ipyclipboard""]","[""jtpio/ipyclipboard""]",True,custom_widget_candidate,source_supported_candidate,True,True,"[""anywidget""]","[""anywidget""]",2024-02-23T08:41:59.861792Z,2024-02-23T08:48:18.097493Z,0.0.1,2024-02-23T08:48:18.097493Z,0.0.1,False,2024-02-23T08:48:18.097493Z,0.0.1,2024-02-23T08:48:18.097493Z,False,[],False,not_established,False,False,False,0.0.1,2,2,2,False,0,ok,https://files.pythonhosted.org/packages/da/4b/7084c4a118f3f2afa46d80076c975e1e88c9a0b23382863c99d38df48117/ipyclipboard-0.0.1-py2.py3-none-any.whl,https://files.pythonhosted.org/packages/da/4b/7084c4a118f3f2afa46d80076c975e1e88c9a0b23382863c99d38df48117/ipyclipboard-0.0.1-py2.py3-none-any.whl,history/ipyclipboard.json,"[""pypi_name_index"", ""repository_package_declaration""]",
ipycobe,,https://pypi.org/project/ipycobe/,[],[],False,custom_widget_candidate,source_supported_candidate,False,True,"[""anywidget""]","[""anywidget""]",2026-01-07T21:15:47.649467Z,2026-01-07T21:15:47.649467Z,0.1.1,2026-01-07T21:15:47.649467Z,0.1.1,False,2026-01-07T21:15:47.649467Z,0.1.1,2026-01-07T21:15:47.649467Z,True,"[""anywidget""]",False,not_established,True,True,True,0.1.1,1,1,1,False,0,ok,https://files.pythonhosted.org/packages/c9/91/e17b4b66bf3840e2e159474367328a6fc5a9277465fd5bbb2d83ab36d6c6/ipycobe-0.1.1-py3-none-any.whl,https://files.pythonhosted.org/packages/c9/91/e17b4b66bf3840e2e159474367328a6fc5a9277465fd5bbb2d83ab36d6c6/ipycobe-0.1.1-py3-none-any.whl,history/ipycobe.json,"[""pypi_name_index""]",
ipycolorful,A Jupyter widget for react-colorful.,https://pypi.org/project/ipycolorful/,"[""joaopalmeiro/ipycolorful""]","[""joaopalmeiro/ipycolorful""]",True,custom_widget_candidate,source_supported_candidate,True,True,"[""traditional_custom_widget""]","[""traditional_custom_widget""]",2022-03-09T15:45:08.681400Z,2022-03-09T15:45:08.681400Z,0.1.1,,,,,,,True,"[""traditional_custom_widget""]",False,not_established,False,False,False,0.1.1,1,1,0,False,0,ok,https://files.pythonhosted.org/packages/c5/03/4bf0392dae225f0793aefbbc9c9149518146d3869dae57f00d578e41fd13/ipycolorful-0.1.1-py2.py3-none-any.whl,,history/ipycolorful.json,"[""deps_dev_direct_sample"", ""deps_dev_repo_mapping"", ""pypi_name_index""]",
ipycombobox,A widget for an <combobox> HMTL entry,https://pypi.org/project/ipycombobox/,"[""vidartf/ipycombobox""]",[],False,custom_widget_candidate,source_supported_candidate,False,True,"[""traditional_custom_widget""]","[""traditional_custom_widget""]",2019-04-24T13:03:57.043104Z,2019-04-24T13:03:57.043104Z,0.1.0,,,,,,,True,"[""traditional_custom_widget""]",False,not_established,False,False,False,0.1.1,2,2,0,False,0,ok,https://files.pythonhosted.org/packages/15/7f/7402c1ca334629ebf014dd1984214f0b89102da5ece0d9739bfe5f3ea71e/ipycombobox-0.1.0-py2.py3-none-any.whl,,history/ipycombobox.json,"[""pypi_name_index""]",
ipycytoscape,A Cytoscape widget for Jupyter,https://pypi.org/project/ipycytoscape/,"[""cytoscape/ipycytoscape""]","[""cytoscape/ipycytoscape""]",True,custom_widget_candidate,source_supported_candidate,True,True,"[""traditional_custom_widget""]","[""traditional_custom_widget""]",2020-03-09T15:50:28.386917Z,2020-03-09T15:50:28.386917Z,0.1.0,,,,,,,True,"[""traditional_custom_widget""]",False,not_established,False,False,False,1.3.3,22,2,0,False,0,ok,https://files.pythonhosted.org/packages/ad/b7/f00a8e2f4a71f849cf06533d21b98205e8f430d0587005d9b349d61cc824/ipycytoscape-0.1.0-py2.py3-none-any.whl,,history/ipycytoscape.json,"[""deps_dev_direct_sample"", ""deps_dev_repo_mapping"", ""pypi_name_index""]",
ipyd3,Library for visualizing D3.js inside Jupyter.,https://pypi.org/project/ipyd3/,[],[],False,custom_widget_candidate,source_supported_candidate,False,True,"[""traditional_custom_widget""]","[""traditional_custom_widget""]",2020-09-15T19:04:31.379977Z,2020-09-15T19:04:31.379977Z,0.1.0a0,,,,,,,True,"[""traditional_custom_widget""]",False,not_established,False,False,False,3.0.1,6,2,1,False,0,ok,https://files.pythonhosted.org/packages/f1/bc/2b4d283a52c504ca1101926dbbf556c5aca40146675e3b51eed581c5f654/ipyd3-0.1.0a0-py2.py3-none-any.whl,,history/ipyd3.json,"[""pypi_name_index""]",
ipydagflow,,https://pypi.org/project/ipydagflow/,"[""vanessamae23/ipydagflow""]",[],False,custom_widget_candidate,source_supported_candidate,False,True,"[""anywidget""]","[""anywidget""]",2026-03-07T04:10:11.706724Z,2026-03-07T04:10:11.706724Z,0.0.1,2026-03-07T04:10:11.706724Z,0.0.1,False,2026-03-07T04:10:11.706724Z,0.0.1,2026-03-07T04:10:11.706724Z,True,"[""anywidget""]",False,not_established,True,True,True,0.0.5,4,2,4,False,0,ok,https://files.pythonhosted.org/packages/16/7d/d25e6e0d0f30c3b431c81f8a2cebc68bbf9616b92e8412556927c6a7fcb1/ipydagflow-0.0.1-py3-none-any.whl,https://files.pythonhosted.org/packages/16/7d/d25e6e0d0f30c3b431c81f8a2cebc68bbf9616b92e8412556927c6a7fcb1/ipydagflow-0.0.1-py3-none-any.whl,history/ipydagflow.json,"[""deps_dev_repo_mapping"", ""pypi_name_index""]",
ipydagred3,ipywidgets wrapper around dagre-d3,https://pypi.org/project/ipydagred3/,"[""timkpaine/ipydagred3""]","[""timkpaine/ipydagred3""]",True,custom_widget_candidate,source_supported_candidate,True,True,"[""traditional_custom_widget""]","[""traditional_custom_widget""]",2020-03-01T19:23:35.840834Z,2020-03-01T19:23:35.840834Z,0.1.0,,,,,,,True,"[""traditional_custom_widget""]",False,not_established,False,False,False,0.4.1,23,2,3,False,0,ok,https://files.pythonhosted.org/packages/d9/1a/a5a87f30daebe9ce59043169dd8fa5798085ea589df9c327ed721fe29036/ipydagred3-0.1.0-py2.py3-none-any.whl,,history/ipydagred3.json,"[""deps_dev_repo_mapping"", ""pypi_name_index""]",
ipydatagrid,Fast Datagrid widget for the Jupyter Notebook and JupyterLab,https://pypi.org/project/ipydatagrid/,"[""jupyter-widgets/ipydatagrid""]","[""bloomberg/ipydatagrid"", ""jupyter-widgets/ipydatagrid""]",True,custom_widget_candidate,source_supported_candidate,True,True,"[""traditional_custom_widget""]","[""traditional_custom_widget""]",2021-02-26T01:49:20.384840Z,2021-02-26T01:49:20.384840Z,1.0.0,,,,,,,True,"[""traditional_custom_widget""]",False,not_established,False,False,False,1.4.0,32,2,10,False,0,ok,https://files.pythonhosted.org/packages/fe/1f/e1ecf4abb0d2b32653c6b008072d8a5732561e89dae36edef9a1ccc16155/ipydatagrid-1.0.0-py3-none-any.whl,,history/ipydatagrid.json,"[""deps_dev_direct_sample"", ""deps_dev_repo_mapping"", ""pypi_name_index""]",
ipydatatable,Library to wrap jQuery DataTables to use inside Jupyter.  ipydatatable is a library build using the Jupyter Widget cookiecutter in order to have jQuery DataTable inside a Jupyter Environment,https://pypi.org/project/ipydatatable/,[],[],False,custom_widget_candidate,source_supported_candidate,False,True,"[""traditional_custom_widget""]","[""traditional_custom_widget""]",2020-09-15T19:01:21.713959Z,2020-09-15T19:01:21.713959Z,0.1.0a0,,,,,,,True,"[""traditional_custom_widget""]",False,not_established,False,False,False,1.0.4,15,2,2,False,0,ok,https://files.pythonhosted.org/packages/56/be/37ad3365b035dcea9b9eba302ccbfb0eec4bb7fb8ca69f88ccadfb19a85b/ipydatatable-0.1.0a0-py2.py3-none-any.whl,,history/ipydatatable.json,"[""deps_dev_direct_sample"", ""pypi_name_index""]",
ipydatawidgets,A set of widgets to help facilitate reuse of large datasets across widgets,https://pypi.org/project/ipydatawidgets/,"[""vidartf/ipydatawidgets""]","[""vidartf/ipydatawidgets""]",True,custom_widget_candidate,source_supported_candidate,True,True,"[""traditional_custom_widget""]","[""traditional_custom_widget""]",2017-08-14T14:50:03.167628Z,2017-08-14T14:50:03.167628Z,1.0.1,,,,,,,True,"[""traditional_custom_widget""]",False,not_established,False,False,False,4.3.5,22,2,3,False,0,ok,https://files.pythonhosted.org/packages/e8/e2/c9627c974cea1282fd2fb200759ca81e33753e106c5cea0f834b2db79ebd/ipydatawidgets-1.0.1-py2.py3-none-any.whl,,history/ipydatawidgets.json,"[""deps_dev_direct_sample"", ""deps_dev_repo_mapping"", ""pypi_name_index""]",
ipydatetime,A Jupyter widgets library for time and datetime pickers,https://pypi.org/project/ipydatetime/,"[""vidartf/ipydatetime""]",[],False,custom_widget_candidate,source_supported_candidate,False,True,"[""traditional_custom_widget""]","[""traditional_custom_widget""]",2019-09-13T16:58:36.723775Z,2019-09-13T16:58:36.723775Z,0.1.0a0,,,,,,,True,"[""traditional_custom_widget""]",False,not_established,False,False,False,1.2.0,10,2,0,False,0,ok,https://files.pythonhosted.org/packages/c4/63/712d5366d65188e45d8b6055e6aa6f7eb2b958af5b5487e4e20e79c6b99c/ipydatetime-0.1.0a0-py2.py3-none-any.whl,,history/ipydatetime.json,"[""pypi_name_index""]",
ipydeck,Yet another Jupyter widget for deck.gl,https://pypi.org/project/ipydeck/,"[""ozekik/ipydeck""]","[""ozekik/ipydeck""]",True,custom_widget_candidate,source_supported_candidate,True,True,"[""anywidget""]","[""anywidget""]",2023-12-02T19:45:10.851737Z,2023-12-02T19:45:10.851737Z,0.1.0,2023-12-02T19:45:10.851737Z,0.1.0,False,2023-12-02T19:45:10.851737Z,0.1.0,2023-12-02T19:45:10.851737Z,True,"[""anywidget""]",False,not_established,False,False,False,0.5.0,14,2,14,False,0,ok,https://files.pythonhosted.org/packages/12/e6/6b8d5f3ebfa9cec5f0b7ce11415d7c275c602fbee2eda2bdd2c3ffbb18bb/ipydeck-0.1.0-py3-none-any.whl,https://files.pythonhosted.org/packages/12/e6/6b8d5f3ebfa9cec5f0b7ce11415d7c275c602fbee2eda2bdd2c3ffbb18bb/ipydeck-0.1.0-py3-none-any.whl,history/ipydeck.json,"[""deps_dev_direct_sample"", ""deps_dev_repo_mapping"", ""pypi_name_index""]",
ipydingo,A Custom Jupyter Widget Library,https://pypi.org/project/ipydingo/,[],[],False,custom_widget_candidate,source_supported_candidate,False,True,"[""traditional_custom_widget""]","[""traditional_custom_widget""]",2021-04-27T15:18:25.616045Z,2021-04-27T15:18:25.616045Z,0.1.0a0,,,,,,,True,"[""traditional_custom_widget""]",False,not_established,False,False,False,0.1.0a0,1,1,0,False,0,ok,https://files.pythonhosted.org/packages/00/f9/beded18416298395c95a17afcdb5b5cdb753811e1851e54d438fdd7fc12b/ipydingo-0.1.0a0-py2.py3-none-any.whl,,history/ipydingo.json,"[""pypi_name_index""]",
ipydistbuilder,A Jupyter widget to visualize distribution builders,https://pypi.org/project/ipydistbuilder/,[],[],False,custom_widget_candidate,source_supported_candidate,False,True,"[""traditional_custom_widget""]","[""traditional_custom_widget""]",2017-03-30T10:09:33.758626Z,2017-03-30T10:09:33.758626Z,0.1.0.dev0,,,,,,,True,"[""traditional_custom_widget""]",False,not_established,False,False,False,0.1.11.dev0,11,2,0,False,0,ok,https://files.pythonhosted.org/packages/49/77/71df199c270717cb69a2c741b0db13c1796adb4a7eef10eaf13421b2effd/ipydistbuilder-0.1.0.dev0.tar.gz,,history/ipydistbuilder.json,"[""pypi_name_index""]",
ipydraw,Simple canvas for ipywidgets,https://pypi.org/project/ipydraw/,"[""twavv/ipydraw""]","[""twavv/ipydraw""]",True,custom_widget_candidate,source_supported_candidate,False,True,"[""traditional_custom_widget""]","[""traditional_custom_widget""]",2021-04-28T03:06:56.332512Z,2021-04-28T03:06:56.332512Z,0.1.0.dev0,,,,,,,True,"[""traditional_custom_widget""]",False,not_established,False,False,False,0.2.2,11,2,0,False,0,ok,https://files.pythonhosted.org/packages/e8/07/fa35dc847ccb54da3a0300fb35e9078111ed899d798fdb92bb1c141b68d9/ipydraw-0.1.0.dev0-py2.py3-none-any.whl,,history/ipydraw.json,"[""pypi_name_index""]",
ipydrawio-widgets,Draw.io Diagrams as Jupyter Widgets (Kernel-only),https://pypi.org/project/ipydrawio-widgets/,"[""deathbeds/ipydrawio""]",[],False,custom_widget_candidate,source_supported_candidate,False,True,"[""traditional_custom_widget""]","[""traditional_custom_widget""]",2022-01-24T19:04:48.765137Z,2022-01-24T19:04:48.765137Z,1.2.0,,,,,,,True,"[""traditional_custom_widget""]",False,not_established,False,False,False,1.3.0,4,2,2,False,0,ok,https://files.pythonhosted.org/packages/cf/1b/fe6a820767dc2af8e6cd54028a736e96af9def3ea650275b376c363f4b51/ipydrawio_widgets-1.2.0-py3-none-any.whl,,history/ipydrawio-widgets.json,"[""deps_dev_direct_sample"", ""pypi_name_index""]",
ipydrop,,https://pypi.org/project/ipydrop/,"[""kolibril13/ipydrop""]","[""kolibril13/ipydrop""]",True,custom_widget_candidate,source_supported_candidate,True,True,"[""anywidget""]","[""anywidget""]",2024-10-09T14:48:43.555136Z,2024-10-09T14:48:44.895296Z,0.0.1,2024-10-09T14:48:44.895296Z,0.0.1,False,2024-10-09T14:48:44.895296Z,0.0.1,2024-10-09T14:48:43.555136Z,True,"[""anywidget""]",False,not_established,False,False,False,0.0.1,1,1,1,False,0,ok,https://files.pythonhosted.org/packages/a5/61/230bfee0f8a6a56a14f20a7f3c15fbbdee1fa08b9199380bfdda5c34aac0/ipydrop-0.0.1-py2.py3-none-any.whl,https://files.pythonhosted.org/packages/a5/61/230bfee0f8a6a56a14f20a7f3c15fbbdee1fa08b9199380bfdda5c34aac0/ipydrop-0.0.1-py2.py3-none-any.whl,history/ipydrop.json,"[""pypi_name_index"", ""repository_package_declaration""]",
ipyearth,An IPython Widget for Earth Maps,https://pypi.org/project/ipyearth/,"[""davidbrochart/ipyearth""]","[""davidbrochart/ipyearth""]",True,custom_widget_candidate,source_supported_candidate,True,True,"[""traditional_custom_widget""]","[""traditional_custom_widget""]",2017-11-22T18:36:56.758993Z,2017-11-22T18:37:19.096168Z,0.1.0a0,,,,,,,True,"[""traditional_custom_widget""]",False,not_established,False,False,False,0.1.0a1,2,2,0,False,0,ok,https://files.pythonhosted.org/packages/65/2d/ff6c052111847bfa906aaa9313104e70c38acdac0a5ecd276da3681882c9/ipyearth-0.1.0a0-py2.py3-none-any.whl,,history/ipyearth.json,"[""deps_dev_repo_mapping"", ""pypi_name_index""]",
ipyelk,ELK widget for Jupyter,https://pypi.org/project/ipyelk/,"[""jupyrdf/ipyelk""]","[""jupyrdf/ipyelk""]",True,custom_widget_candidate,source_supported_candidate,True,True,"[""traditional_custom_widget""]","[""traditional_custom_widget""]",2020-08-18T16:24:12.124313Z,2020-08-18T16:24:12.124313Z,0.1.1,,,,,,,True,"[""traditional_custom_widget""]",False,not_established,False,False,False,2.1.1,11,2,3,False,0,ok,https://files.pythonhosted.org/packages/b6/65/9361608e3b2d4e99e7ecd1547ffb2c1bacbe0872823da7c4f9f18089eaee/ipyelk-0.1.1-py3-none-any.whl,,history/ipyelk.json,"[""deps_dev_repo_mapping"", ""pypi_name_index""]",
ipyeoxelements,Jupyter notebook wrapper for EOxElements web components,https://pypi.org/project/ipyeoxelements/,"[""eox-a/eoxelements-jupyter""]",[],False,custom_widget_candidate,source_supported_candidate,False,True,"[""anywidget""]","[""anywidget""]",2025-11-24T20:17:21.121898Z,2025-11-24T20:17:21.121898Z,1.0.0rc1,2025-11-24T20:17:21.121898Z,1.0.0rc1,True,2025-12-22T13:28:10.136472Z,1.1.0,2025-11-24T20:17:21.121898Z,True,"[""anywidget""]",False,not_established,True,True,True,1.1.0,2,2,2,False,0,ok,https://files.pythonhosted.org/packages/fd/b4/521d496918811fd28fedfe7e9fca0357a40db2c7864fe3363d0f0b2b3abc/ipyeoxelements-1.0.0rc1-py3-none-any.whl,https://files.pythonhosted.org/packages/fd/b4/521d496918811fd28fedfe7e9fca0357a40db2c7864fe3363d0f0b2b3abc/ipyeoxelements-1.0.0rc1-py3-none-any.whl,history/ipyeoxelements.json,"[""pypi_name_index""]",
ipyevents,A custom widget for returning mouse and keyboard events to Python,https://pypi.org/project/ipyevents/,"[""mwcraig/ipyevents""]","[""mwcraig/ipyevents""]",True,custom_widget_candidate,source_supported_candidate,True,True,"[""traditional_custom_widget""]","[""traditional_custom_widget""]",2017-10-29T22:10:03.486653Z,2017-10-29T22:11:17.605660Z,0.0.1,,,,,,,True,"[""traditional_custom_widget""]",False,not_established,False,False,False,2.0.4,23,2,3,False,0,ok,https://files.pythonhosted.org/packages/71/76/1ec5c9b30722c7921348bcf46a298e759f1cc757329233006a5cede76d5f/ipyevents-0.0.1-py2.py3-none-any.whl,,history/ipyevents.json,"[""deps_dev_direct_sample"", ""deps_dev_repo_mapping"", ""pypi_name_index""]",
ipyfetch,ipywidget to fetch URL,https://pypi.org/project/ipyfetch/,"[""ricky-lim/ipyfetch""]",[],False,custom_widget_candidate,source_supported_candidate,False,True,"[""traditional_custom_widget""]","[""traditional_custom_widget""]",2020-09-10T16:45:49.662597Z,2020-09-10T16:45:49.662597Z,0.1.0a0,,,,,,,True,"[""traditional_custom_widget""]",False,not_established,False,False,False,0.1.3,4,2,0,False,0,ok,https://files.pythonhosted.org/packages/30/d2/f3a87475f2105bcddb9c3131ba28ee09a611edeabd1fd2c726fd5754c60c/ipyfetch-0.1.0a0-py2.py3-none-any.whl,,history/ipyfetch.json,"[""pypi_name_index""]",
ipyfileupload,"An IPython notebook widget to upload files, using FileReader.",https://pypi.org/project/ipyfileupload/,[],[],False,custom_widget_candidate,source_supported_candidate,False,True,"[""traditional_custom_widget""]","[""traditional_custom_widget""]",2017-12-17T22:01:05.797686Z,2017-12-17T22:01:05.797686Z,0.1.0b0,,,,,,,True,"[""traditional_custom_widget""]",False,not_established,False,False,False,0.1.0b0,1,1,0,False,0,ok,https://files.pythonhosted.org/packages/76/6b/6d19d9f1017d4fb30f9ab68e1d29dc97236ba52df58511c4c365483fee87/ipyfileupload-0.1.0b0.tar.gz,,history/ipyfileupload.json,"[""pypi_name_index""]",
ipyfilite,File upload widget specifically for Pyodide kernels running in JupyterLite. Uploaded files are not loaded into memory but mounted as read-only files in a new WORKERFS.,https://pypi.org/project/ipyfilite/,"[""juntyr/ipyfilite""]","[""juntyr/ipyfilite""]",True,custom_widget_candidate,source_supported_candidate,True,True,"[""traditional_custom_widget""]","[""traditional_custom_widget""]",2023-05-25T14:02:35.278087Z,2023-05-25T14:02:35.278087Z,0.1.0,,,,,,,True,"[""traditional_custom_widget""]",False,not_established,False,False,False,0.1.30,31,2,31,False,0,ok,https://files.pythonhosted.org/packages/81/89/5ee204610d11a185c164ab6ceabdd799d73f7e73b33016f22e1894ba7c33/ipyfilite-0.1.0-py3-none-any.whl,,history/ipyfilite.json,"[""deps_dev_repo_mapping"", ""pypi_name_index""]",
ipyflex,Jupyter Widget Flex Layout,https://pypi.org/project/ipyflex/,"[""trungleduc/ipyflex""]","[""trungleduc/ipyflex""]",True,custom_widget_candidate,source_supported_candidate,True,True,"[""traditional_custom_widget""]","[""traditional_custom_widget""]",2021-10-28T16:07:50.806091Z,2021-10-28T16:07:50.806091Z,0.1.0.dev0,,,,,,,True,"[""traditional_custom_widget""]",False,not_established,False,False,False,0.3.1,15,2,3,False,0,ok,https://files.pythonhosted.org/packages/d4/77/895ee86cfb930a5ef6d5101c11e22890b6e165584153ad8ffcfd3ac5485b/ipyflex-0.1.0.dev0-py2.py3-none-any.whl,,history/ipyflex.json,"[""deps_dev_repo_mapping"", ""pypi_name_index""]",
ipyforcegraph,2D and 3D force-directed graph widgets for Jupyter,https://pypi.org/project/ipyforcegraph/,"[""conda-forge/ipyforcegraph-feedstock"", ""jupyrdf/ipyforcegraph""]","[""jupyrdf/ipyforcegraph""]",True,custom_widget_candidate,source_supported_candidate,True,True,"[""traditional_custom_widget""]","[""traditional_custom_widget""]",2023-01-19T18:41:25.965247Z,2023-01-19T18:41:25.965247Z,0.1.0,,,,,,,True,"[""traditional_custom_widget""]",False,not_established,False,False,False,0.4.1,13,2,13,False,0,ok,https://files.pythonhosted.org/packages/83/a8/a644789a73d62e6b66dd0cd4e7628246edc0d3c574c5c485120bd425e2a7/ipyforcegraph-0.1.0-py3-none-any.whl,,history/ipyforcegraph.json,"[""deps_dev_repo_mapping"", ""pypi_name_index""]",
ipygany,Scientific Visualization in Jupyter,https://pypi.org/project/ipygany/,"[""martinrenou/ipygany""]",[],False,custom_widget_candidate,source_supported_candidate,False,True,"[""traditional_custom_widget""]","[""traditional_custom_widget""]",2019-11-29T12:48:08.074784Z,2019-11-29T12:48:08.074784Z,0.1.0,,,,,,,True,"[""traditional_custom_widget""]",False,not_established,False,False,False,0.5.0,14,2,0,False,0,ok,https://files.pythonhosted.org/packages/c1/1a/1be4f1b20b82f32d7fb75d20d64f9db0685495024c8930379f15cef5b58b/ipygany-0.1.0-py2.py3-none-any.whl,,history/ipygany.json,"[""deps_dev_direct_sample"", ""pypi_name_index""]",
ipygeotiff,A Jupyter - geotiff.js bridge,https://pypi.org/project/ipygeotiff/,"[""davidbrochart/ipygeotiff""]",[],False,custom_widget_package,accepted_after_assistant_review,False,True,"[""traditional_custom_widget""]","[""traditional_custom_widget""]",2026-09-01T15:16:17.638224Z,2026-09-01T15:16:20.044440Z,0.1.0,,,,,,,True,"[""traditional_custom_widget""]",False,not_established,True,True,True,0.1.1,2,2,2,False,0,ok,https://files.pythonhosted.org/packages/17/76/1d375be1873214a4c3350e6283364dac9ce24ea103df51a4fd34438325ef/ipygeotiff-0.1.0-py3-none-any.whl,,history/ipygeotiff.json,"[""pypi_name_index""]",Published geotiff.js bridge defines a custom GeoTIFF widget with a non-builtin frontend module. Publication date is not repository or invention date.
ipygis,A bridge to GIS libraries running in the browser,https://pypi.org/project/ipygis/,"[""davidbrochart/ipygis""]",[],False,custom_widget_package,accepted_after_assistant_review,False,True,"[""traditional_custom_widget""]","[""traditional_custom_widget""]",2026-09-04T07:41:19.447118Z,2026-09-09T09:08:39.728255Z,0.1.0,,,,,,,False,[],False,not_established,True,True,True,0.1.4,6,3,6,False,0,ok,https://files.pythonhosted.org/packages/7a/96/2aac49a1bf0065eb3b69d2523276d8e2633c144ba280e14d99ba11dd3bed/ipygis-0.1.0-py3-none-any.whl,,history/ipygis.json,"[""deps_dev_repo_mapping"", ""pypi_name_index""]",Published browser GIS bridge defines GISWidget with its own frontend module. Widget source is verified by 0.1.0; earlier package releases are not assumed to contain the widget.
ipygoldenlayout,IPyWidgets implementation of GoldenLayout JS package,https://pypi.org/project/ipygoldenlayout/,"[""nmearl/ipygoldenlayout""]",[],False,custom_widget_candidate,source_supported_candidate,False,True,"[""traditional_custom_widget""]","[""traditional_custom_widget""]",2019-08-13T13:21:01.777436Z,2019-08-13T13:21:01.777436Z,0.1.0,,,,,,,True,"[""traditional_custom_widget""]",False,not_established,False,False,False,0.4.0,5,2,0,False,0,ok,https://files.pythonhosted.org/packages/6d/19/44dc86cd987ff444503369076be0cc639f240ef59a9f144d33724c13de2a/ipygoldenlayout-0.1.0-py2.py3-none-any.whl,,history/ipygoldenlayout.json,"[""pypi_name_index""]",
ipygraphql,Graphql widgets for Jupyter,https://pypi.org/project/ipygraphql/,"[""mariobuikhuizen/ipygraphql""]","[""mariobuikhuizen/ipygraphql""]",True,custom_widget_candidate,source_supported_candidate,True,True,"[""traditional_custom_widget""]","[""traditional_custom_widget""]",2019-10-21T12:22:09.174781Z,2019-10-21T12:22:09.174781Z,0.0.1,,,,,,,True,"[""traditional_custom_widget""]",False,not_established,False,False,False,0.0.4,4,2,0,False,0,ok,https://files.pythonhosted.org/packages/ef/0c/474892297ae814fe06628456bfb3debc3deabf2422a8fb676558822eeeef/ipygraphql-0.0.1.tar.gz,,history/ipygraphql.json,"[""deps_dev_repo_mapping"", ""pypi_name_index""]",
ipyhc,Jupyter widget - highcharts in the notebook,https://pypi.org/project/ipyhc/,[],[],False,custom_widget_candidate,source_supported_candidate,False,True,"[""traditional_custom_widget""]","[""traditional_custom_widget""]",2019-02-16T06:56:53.638961Z,2019-02-16T06:56:53.638961Z,0.0.0a1,,,,,,,True,"[""traditional_custom_widget""]",False,not_established,False,False,False,0.0.0a5,5,2,0,False,0,ok,https://files.pythonhosted.org/packages/a6/5b/1e1e06f6aac3f5e5af6dbd7fbf9351d20db943c8f4730050d9b3b6dac001/ipyhc-0.0.0a1-py3-none-any.whl,,history/ipyhc.json,"[""pypi_name_index""]",
ipyhtmx,Build modern UIs in Jupyter with Python,https://pypi.org/project/ipyhtmx/,"[""davidbrochart/ipyhtmx""]","[""davidbrochart/ipyhtmx""]",True,custom_widget_candidate,source_supported_candidate,True,True,"[""traditional_custom_widget""]","[""traditional_custom_widget""]",2022-12-28T19:44:47.065135Z,2022-12-28T19:44:47.065135Z,0.1.0,,,,,,,True,"[""traditional_custom_widget""]",False,not_established,False,False,False,0.1.0,1,1,1,False,0,ok,https://files.pythonhosted.org/packages/04/1f/54dabe747dee6da2f345be1f13a7c5b7e34e1c8dc6ccf9446f37eaa8ddb5/ipyhtmx-0.1.0-py3-none-any.whl,,history/ipyhtmx.json,"[""deps_dev_repo_mapping"", ""pypi_name_index""]",
ipyiframe,Jupyter widget - upload file from browser,https://pypi.org/project/ipyiframe/,[],[],False,custom_widget_candidate,source_supported_candidate,False,True,"[""traditional_custom_widget""]","[""traditional_custom_widget""]",2018-11-12T16:58:04.110781Z,2018-11-12T16:58:04.110781Z,0.1.0,,,,,,,True,"[""traditional_custom_widget""]",False,not_established,False,False,False,0.1.0,1,1,0,False,0,ok,https://files.pythonhosted.org/packages/95/05/f3118dfd8f52f2d0486944764a152dfd0e1e6803303818957552c51a9356/ipyiframe-0.1.0-py2.py3-none-any.whl,,history/ipyiframe.json,"[""pypi_name_index""]",
ipyigv,A Jupyter wrapper for the igv.js library,https://pypi.org/project/ipyigv/,"[""jupyter-widgets-contrib/ipyigv""]","[""jupyter-widgets-contrib/ipyigv""]",True,custom_widget_candidate,source_supported_candidate,False,True,"[""traditional_custom_widget""]","[""traditional_custom_widget""]",2021-01-07T14:10:40.196257Z,2021-01-07T14:10:40.196257Z,0.1.0,,,,,,,True,"[""traditional_custom_widget""]",False,not_established,False,False,False,0.1.9,8,2,0,False,0,ok,https://files.pythonhosted.org/packages/c9/03/8fc8c432e3a464e97e18e288959f42707f0eb51accd2b153cc6e21daf298/ipyigv-0.1.0-py2.py3-none-any.whl,,history/ipyigv.json,"[""deps_dev_direct_sample"", ""pypi_name_index""]",
ipyiiif,A IIIF Image API viewer widget for Jupyter,https://pypi.org/project/ipyiiif/,"[""atiro/ipyiiif""]",[],False,custom_widget_candidate,source_supported_candidate,True,True,"[""traditional_custom_widget""]","[""traditional_custom_widget""]",2018-04-02T20:16:12.516959Z,2018-04-02T20:16:12.516959Z,0.2.0a0,,,,,,,True,"[""traditional_custom_widget""]",False,not_established,False,False,False,0.3.0a0,2,2,0,False,0,ok,https://files.pythonhosted.org/packages/e9/45/bc51067b33fe9bde0da8e74a739b0eae5b77bd97cc8c9c714cde435546d4/ipyiiif-0.2.0a0-py2.py3-none-any.whl,,history/ipyiiif.json,"[""pypi_name_index""]",
ipyjana,Jana widget,https://pypi.org/project/ipyjana/,"[""epic/ipyjana""]",[],False,custom_widget_candidate,source_supported_candidate,False,True,"[""traditional_custom_widget""]","[""traditional_custom_widget""]",2019-07-14T05:40:31.011090Z,2019-07-14T05:40:31.011090Z,0.1.0a0,,,,,,,True,"[""traditional_custom_widget""]",False,not_established,False,False,False,0.1.0a0,1,1,0,False,0,ok,https://files.pythonhosted.org/packages/9c/ff/05960bc3d490097a5c79c49b92443f98b6cdd791649ae4956fa6bb43cea3/ipyjana-0.1.0a0.tar.gz,,history/ipyjana.json,"[""pypi_name_index""]",
ipyketcher,Ketcher editor as anywidget,https://pypi.org/project/ipyketcher/,"[""jhsmit/ipyketcher""]",[],False,custom_widget_package,accepted_after_assistant_review,False,True,"[""anywidget""]","[""anywidget""]",2025-10-31T12:52:48.725211Z,2025-10-31T12:52:48.725211Z,0.1.0,2025-10-31T12:52:48.725211Z,0.1.0,False,2025-10-31T12:52:48.725211Z,0.1.0,2025-10-31T12:52:48.725211Z,True,"[""anywidget""]",False,not_established,True,True,True,0.1.0,1,1,1,False,0,ok,https://files.pythonhosted.org/packages/02/3f/13cc551e4192a22530f8b0df3e565a1fb090a47b49c5142d6be408219673/ipyketcher-0.1.0-py2.py3-none-any.whl,https://files.pythonhosted.org/packages/02/3f/13cc551e4192a22530f8b0df3e565a1fb090a47b49c5142d6be408219673/ipyketcher-0.1.0-py2.py3-none-any.whl,history/ipyketcher.json,"[""deps_dev_repo_mapping"", ""pypi_name_index""]",Published molecular editor exports KetcherEditor with an anywidget implementation in the package source.
ipylab,Control JupyterLab from Python notebooks,https://pypi.org/project/ipylab/,"[""jtpio/ipylab""]","[""jtpio/ipylab""]",True,custom_widget_candidate,source_supported_candidate,True,True,"[""traditional_custom_widget""]","[""traditional_custom_widget""]",2019-11-15T21:01:32.514059Z,2019-11-15T21:01:32.514059Z,0.1.0,,,,,,,True,"[""traditional_custom_widget""]",False,not_established,False,False,False,1.1.0,17,2,4,False,0,ok,https://files.pythonhosted.org/packages/7d/2e/564f6db536eb0884ef5889c6914ab61ac01a7a9ca2671539a7e4cef86690/ipylab-0.1.0-py2.py3-none-any.whl,,history/ipylab.json,"[""deps_dev_direct_sample"", ""deps_dev_repo_mapping"", ""pypi_name_index""]",
ipylabel,A Jupyter Widget Library for labeling text.,https://pypi.org/project/ipylabel/,"[""unrndm/ipylabel""]",[],False,custom_widget_candidate,source_supported_candidate,False,True,"[""traditional_custom_widget""]","[""traditional_custom_widget""]",2022-09-09T15:09:22.184995Z,2022-09-09T15:09:22.184995Z,0.1.1,,,,,,,True,"[""traditional_custom_widget""]",False,not_established,False,False,False,0.1.7,7,2,0,False,0,ok,https://files.pythonhosted.org/packages/10/54/f1142aa9064f29e9e7795f7c25b4f9b8655b7611cae1afb5e2c167cca5f7/ipylabel-0.1.1-py2.py3-none-any.whl,,history/ipylabel.json,"[""pypi_name_index""]",
ipylangchat,Serverless chat UI Jupyter widget for langchain conversational AIs,https://pypi.org/project/ipylangchat/,"[""abdenlab/ipylangchat""]","[""abdenlab/ipylangchat""]",True,custom_widget_candidate,source_supported_candidate,True,True,"[""anywidget""]","[""anywidget""]",2024-06-26T15:20:07.816602Z,2024-06-26T15:20:07.816602Z,0.0.1,2024-06-26T15:20:07.816602Z,0.0.1,False,2024-06-26T15:20:07.816602Z,0.0.1,2024-06-26T15:20:07.816602Z,True,"[""anywidget""]",False,not_established,False,False,False,0.0.2,2,2,2,False,0,ok,https://files.pythonhosted.org/packages/fa/01/fbf745f091125da80732cfe29b1272ebddb0ffe2596973f3605135923a2f/ipylangchat-0.0.1-py2.py3-none-any.whl,https://files.pythonhosted.org/packages/fa/01/fbf745f091125da80732cfe29b1272ebddb0ffe2596973f3605135923a2f/ipylangchat-0.0.1-py2.py3-none-any.whl,history/ipylangchat.json,"[""deps_dev_repo_mapping"", ""pypi_name_index""]",
ipylayout,A Layout Manager Jupyter Widget Library,https://pypi.org/project/ipylayout/,"[""davidbrochart/ipylayout""]","[""davidbrochart/ipylayout""]",True,custom_widget_candidate,source_supported_candidate,True,True,"[""traditional_custom_widget""]","[""traditional_custom_widget""]",2020-05-01T15:29:20.996728Z,2020-05-01T15:29:20.996728Z,0.1.0,,,,,,,True,"[""traditional_custom_widget""]",False,not_established,False,False,False,0.1.6,7,2,0,False,0,ok,https://files.pythonhosted.org/packages/c9/6b/09cb05942a57e291f70a6e575853b042a31e87f19800cfc7b3fb3f20f87a/ipylayout-0.1.0-py2.py3-none-any.whl,,history/ipylayout.json,"[""deps_dev_repo_mapping"", ""pypi_name_index""]",
ipyleaflet,A Jupyter widget for dynamic Leaflet maps,https://pypi.org/project/ipyleaflet/,"[""jupyter-widgets/ipyleaflet""]","[""jupyter-widgets/ipyleaflet""]",True,custom_widget_candidate,source_supported_candidate,True,True,"[""traditional_custom_widget""]","[""traditional_custom_widget""]",2016-04-19T18:59:08.516240Z,2016-04-19T18:59:28.120234Z,0.2.0b1,,,,,,,True,"[""traditional_custom_widget""]",False,not_established,False,False,False,0.20.0,82,2,9,False,0,ok,https://files.pythonhosted.org/packages/b6/61/fad329d4b910c9239bf1a0b8f3bf1231a83dd172b8947d67f336b9b0110a/ipyleaflet-0.2.0b1-py2-none-any.whl,,history/ipyleaflet.json,"[""deps_dev_direct_sample"", ""deps_dev_repo_mapping"", ""pypi_name_index""]",
ipyleaflet-bis,A Jupyter widget for dynamic Leaflet maps,https://pypi.org/project/ipyleaflet-bis/,"[""jupyter-widgets/ipyleaflet""]","[""jupyter-widgets/ipyleaflet""]",True,custom_widget_candidate,source_supported_candidate,True,True,"[""traditional_custom_widget""]","[""traditional_custom_widget""]",2025-05-25T21:30:56.826320Z,2025-05-25T21:30:56.826320Z,0.20.0,,,,,,,True,"[""traditional_custom_widget""]",False,not_established,True,True,True,0.20.4,5,2,5,False,0,ok,https://files.pythonhosted.org/packages/73/54/9189ece57dd5495736598bd4117b92fbb69de0ae3b3c4f21b80edc03a3be/ipyleaflet_bis-0.20.0-py3-none-any.whl,,history/ipyleaflet-bis.json,"[""deps_dev_repo_mapping"", ""pypi_name_index""]",
ipyleaflet-legend,A custom legend for ipyleaflet,https://pypi.org/project/ipyleaflet-legend/,"[""weatherforce/ipyleaflet-legend""]",[],False,custom_widget_candidate,source_supported_candidate,False,True,"[""traditional_custom_widget""]","[""traditional_custom_widget""]",2020-04-21T10:11:06.124269Z,2020-04-21T10:11:06.124269Z,0.1.0,,,,,,,True,"[""traditional_custom_widget""]",False,not_established,False,False,False,0.1.0,1,1,0,False,0,ok,https://files.pythonhosted.org/packages/bf/d0/731449c07778e9e87702444da6e7e5fddcaef26f9235dafedfd47ef61619/ipyleaflet_legend-0.1.0-py2.py3-none-any.whl,,history/ipyleaflet-legend.json,"[""pypi_name_index""]",
ipylgbst,A widget library for controlling LEGO® BOOST via web-bluetooth,https://pypi.org/project/ipylgbst/,"[""jupyter-robotics/ipylgbst""]","[""jupyter-robotics/ipylgbst""]",True,custom_widget_candidate,source_supported_candidate,True,True,"[""traditional_custom_widget""]","[""traditional_custom_widget""]",2023-01-17T10:57:32.783460Z,2023-01-17T10:57:32.783460Z,0.1.0.dev0,,,,,,,True,"[""traditional_custom_widget""]",False,not_established,False,False,False,0.3.1,8,2,8,False,0,ok,https://files.pythonhosted.org/packages/3e/1f/dbb2ba8eef28553232cdfc3359005e28b4c36b092458ec7a769dd8ffd4a3/ipylgbst-0.1.0.dev0-py3-none-any.whl,,history/ipylgbst.json,"[""deps_dev_repo_mapping"", ""pypi_name_index""]",
ipylife,A Jupyter widget for the Game of Life,https://pypi.org/project/ipylife/,"[""afshin/ipylife""]",[],False,custom_widget_candidate,source_supported_candidate,True,True,"[""traditional_custom_widget""]","[""traditional_custom_widget""]",2021-08-14T01:43:28.376464Z,2021-08-14T01:43:28.376464Z,0.1.0,,,,,,,True,"[""traditional_custom_widget""]",False,not_established,False,False,False,0.1.0,1,1,0,False,0,ok,https://files.pythonhosted.org/packages/a5/7d/0588858156e4ed8b84436eb7d61bdfb7da405db2ff67bdaf9d6dbcf5ebea/ipylife-0.1.0-py2.py3-none-any.whl,,history/ipylife.json,"[""deps_dev_repo_mapping"", ""pypi_name_index""]",
ipylivebash,Run shell script in Jupyter with live output,https://pypi.org/project/ipylivebash/,"[""benlau/ipylivebash""]","[""benlau/ipylivebash""]",True,custom_widget_candidate,source_supported_candidate,True,True,"[""traditional_custom_widget""]","[""traditional_custom_widget""]",2022-01-02T11:52:21.152121Z,2022-01-02T11:52:21.152121Z,0.1.0,,,,,,,True,"[""traditional_custom_widget""]",False,not_established,False,False,False,0.2.2,17,2,14,False,0,ok,https://files.pythonhosted.org/packages/38/a6/27fe992135be4cb113aa35ebfa4fa975fcf44d752278d0e8af686a389199/ipylivebash-0.1.0-py2.py3-none-any.whl,,history/ipylivebash.json,"[""deps_dev_repo_mapping"", ""pypi_name_index""]",
ipymafs,,https://pypi.org/project/ipymafs/,"[""kolibril13/ipymafs""]","[""kolibril13/ipymafs""]",True,custom_widget_candidate,source_supported_candidate,True,True,"[""anywidget""]","[""anywidget""]",2023-07-17T18:42:09.663980Z,2023-07-17T18:42:09.663980Z,0.0.1,2023-07-17T18:42:09.663980Z,0.0.1,False,2023-07-17T18:42:09.663980Z,0.0.1,2023-07-17T18:42:09.663980Z,True,"[""anywidget""]",False,not_established,False,False,False,0.1.0,6,2,6,False,0,ok,https://files.pythonhosted.org/packages/0b/cd/c51b2d74785ad452a0607ba6a3b8594d2a9227a9500b18b117fc407179b8/ipymafs-0.0.1-py3-none-any.whl,https://files.pythonhosted.org/packages/0b/cd/c51b2d74785ad452a0607ba6a3b8594d2a9227a9500b18b117fc407179b8/ipymafs-0.0.1-py3-none-any.whl,history/ipymafs.json,"[""deps_dev_direct_sample"", ""pypi_name_index"", ""repository_package_declaration""]",
ipymario,,https://pypi.org/project/ipymario/,"[""manzt/ipymario""]","[""manzt/ipymario""]",True,custom_widget_candidate,source_supported_candidate,True,True,"[""anywidget""]","[""anywidget""]",2024-03-11T18:57:30.220256Z,2024-03-11T18:57:30.220256Z,0.0.0,2024-03-11T18:57:30.220256Z,0.0.0,False,2024-03-11T18:57:30.220256Z,0.0.0,2024-03-11T18:57:30.220256Z,True,"[""anywidget""]",False,not_established,False,False,False,0.1.0,2,2,2,False,0,ok,https://files.pythonhosted.org/packages/c1/74/df9000f6858964932d6ead4cd9f6ae3f252f3727a39cca8fc0336ae2065e/ipymario-0.0.0-py2.py3-none-any.whl,https://files.pythonhosted.org/packages/c1/74/df9000f6858964932d6ead4cd9f6ae3f252f3727a39cca8fc0336ae2065e/ipymario-0.0.0-py2.py3-none-any.whl,history/ipymario.json,"[""pypi_name_index"", ""repository_package_declaration""]",
ipymaterialui,Modern form/ui elements for Jupyter Widgets,https://pypi.org/project/ipymaterialui/,"[""maartenbreddels/ipymaterialui""]",[],False,custom_widget_candidate,source_supported_candidate,False,True,"[""traditional_custom_widget""]","[""traditional_custom_widget""]",2019-04-25T12:34:17.190778Z,2019-04-25T12:34:17.190778Z,0.0.1a0,,,,,,,True,"[""traditional_custom_widget""]",False,not_established,False,False,False,0.1.4,6,2,0,False,0,ok,https://files.pythonhosted.org/packages/bf/08/23d1dd416974d7ee76fdf81a157b5bad5be9d1ff92115489f6dd5ed21728/ipymaterialui-0.0.1a0.tar.gz,,history/ipymaterialui.json,"[""pypi_name_index""]",
ipymesh,A Custom Mesh Widget Library,https://pypi.org/project/ipymesh/,"[""erdc/ipymesh""]","[""erdc/ipymesh""]",True,custom_widget_candidate,source_supported_candidate,True,True,"[""traditional_custom_widget""]","[""traditional_custom_widget""]",2017-06-23T00:11:03.278936Z,2017-06-23T00:11:03.278936Z,0.1.0,,,,,,,True,"[""traditional_custom_widget""]",False,not_established,False,False,False,0.1.7,7,2,0,False,0,ok,https://files.pythonhosted.org/packages/31/b3/6985dac15604847f948465e76a2fa12e526c61d90475293c57ce92ef50da/ipymesh-0.1.0.tar.gz,,history/ipymesh.json,"[""deps_dev_repo_mapping"", ""pypi_name_index""]",
ipymidi,Interactive MIDI in Jupyter,https://pypi.org/project/ipymidi/,"[""geigr/ipymidi""]","[""geigr/ipymidi""]",True,custom_widget_candidate,source_supported_candidate,False,True,"[""anywidget""]","[""anywidget""]",2023-12-15T15:25:50.994252Z,2023-12-15T15:25:50.994252Z,0.0.1,2023-12-15T15:25:50.994252Z,0.0.1,False,2023-12-15T15:25:50.994252Z,0.0.1,2023-12-15T15:25:50.994252Z,True,"[""anywidget""]",False,not_established,False,False,False,0.0.1,1,1,1,False,0,ok,https://files.pythonhosted.org/packages/f7/46/c658a31296d569efca197c215a334b163c9d45a91460f58c530dd74cc77e/ipymidi-0.0.1-py2.py3-none-any.whl,https://files.pythonhosted.org/packages/f7/46/c658a31296d569efca197c215a334b163c9d45a91460f58c530dd74cc77e/ipymidi-0.0.1-py2.py3-none-any.whl,history/ipymidi.json,"[""pypi_name_index""]",
ipymidicontrols,A Jupyter widget for interfacing with MIDI controllers.,https://pypi.org/project/ipymidicontrols/,"[""jupyter-widgets/midicontrols""]","[""jupyter-widgets/midicontrols""]",True,custom_widget_candidate,source_supported_candidate,True,True,"[""traditional_custom_widget""]","[""traditional_custom_widget""]",2019-07-11T15:35:34.760710Z,2019-07-11T15:35:34.760710Z,0.1.0,,,,,,,True,"[""traditional_custom_widget""]",False,not_established,False,False,False,0.1.3,4,2,0,False,0,ok,https://files.pythonhosted.org/packages/91/a8/415f2ec96c555415a6df836eb1295f1d183591514cd4245698de209c5cdb/ipymidicontrols-0.1.0-py2.py3-none-any.whl,,history/ipymidicontrols.json,"[""deps_dev_repo_mapping"", ""pypi_name_index""]",
ipymolstar,PDBeMolstar as anywidget,https://pypi.org/project/ipymolstar/,"[""molstar/ipymolstar""]","[""Jhsmit/ipymolstar""]",True,custom_widget_candidate,source_supported_candidate,True,True,"[""anywidget""]","[""anywidget""]",2024-02-23T15:33:21.250179Z,2024-02-23T15:33:21.250179Z,0.0.1,2024-02-23T15:33:21.250179Z,0.0.1,False,2024-02-23T15:33:21.250179Z,0.0.1,2024-02-23T15:33:21.250179Z,True,"[""anywidget""]",False,not_established,False,False,False,0.1.0,10,2,10,False,0,ok,https://files.pythonhosted.org/packages/b5/dd/38c9358ce7ac49cfca8a58c94058945069496d554d9c251db0aa02929bac/ipymolstar-0.0.1-py2.py3-none-any.whl,https://files.pythonhosted.org/packages/b5/dd/38c9358ce7ac49cfca8a58c94058945069496d554d9c251db0aa02929bac/ipymolstar-0.0.1-py2.py3-none-any.whl,history/ipymolstar.json,"[""deps_dev_direct_sample"", ""deps_dev_repo_mapping"", ""pypi_name_index""]",
ipymonaco,A Jupyter widget that renders the Microsoft Monaco text editor inline within the notebook,https://pypi.org/project/ipymonaco/,"[""sodennis/ipymonaco""]","[""sodennis/ipymonaco""]",True,custom_widget_candidate,source_supported_candidate,True,True,"[""traditional_custom_widget""]","[""traditional_custom_widget""]",2020-05-14T00:41:31.412730Z,2020-05-14T00:41:31.412730Z,0.0.1a0,,,,,,,True,"[""traditional_custom_widget""]",False,not_established,False,False,False,0.0.23a0,21,2,0,False,0,ok,https://files.pythonhosted.org/packages/ca/1e/1cd75a340ffde5b72d5ca3177b4251f492f0808cbed84441d997fce45e84/ipymonaco-0.0.1a0-py2.py3-none-any.whl,,history/ipymonaco.json,"[""deps_dev_repo_mapping"", ""pypi_name_index""]",
ipymovehub,A JupyterLab extension to connect to a Lego Move Hub and drive Legoboost robots.,https://pypi.org/project/ipymovehub/,"[""quantstack/jupyter-movehub""]",[],False,custom_widget_candidate,source_supported_candidate,False,True,"[""traditional_custom_widget""]","[""traditional_custom_widget""]",2026-09-03T14:30:54.123594Z,2026-09-03T14:30:54.123594Z,0.1.0,,,,,,,True,"[""traditional_custom_widget""]",False,not_established,True,True,True,0.2.0,2,2,2,False,0,ok,https://files.pythonhosted.org/packages/dd/4a/5769baa6b1388795abcaec3605ef780274e9013841172527e0eed66b98bb/ipymovehub-0.1.0-py3-none-any.whl,,history/ipymovehub.json,"[""pypi_name_index""]",
ipympl,Matplotlib Jupyter Extension,https://pypi.org/project/ipympl/,"[""matplotlib/ipympl""]","[""matplotlib/ipympl""]",True,custom_widget_candidate,source_supported_candidate,True,True,"[""traditional_custom_widget""]","[""traditional_custom_widget""]",2016-07-16T23:12:38.730043Z,2016-07-16T23:12:52.036769Z,0.0.1,,,,,,,True,"[""traditional_custom_widget""]",False,not_established,False,False,False,0.10.0,55,2,7,False,0,ok,https://files.pythonhosted.org/packages/33/a6/44f2aa126f90bd9d940071620eb9dd4cd431c9dfea5940c5d21a409be480/ipympl-0.0.1-py2.py3-none-any.whl,,history/ipympl.json,"[""deps_dev_direct_sample"", ""deps_dev_repo_mapping"", ""pypi_name_index""]",
ipymsa,Jupyter Widget for MSA (Multiple Sequence Alignment) Viewer,https://pypi.org/project/ipymsa/,"[""ricky-lim/ipymsa""]",[],False,custom_widget_candidate,source_supported_candidate,False,True,"[""traditional_custom_widget""]","[""traditional_custom_widget""]",2019-08-20T12:03:39.511440Z,2019-08-20T12:03:39.511440Z,0.1.0a0,,,,,,,True,"[""traditional_custom_widget""]",False,not_established,False,False,False,0.1.0a1,2,2,0,False,0,ok,https://files.pythonhosted.org/packages/9a/d3/0f0167eaf8f1899023f066e8ac2158d88a04fbaeebafa615b3fb06fe9bdf/ipymsa-0.1.0a0.tar.gz,,history/ipymsa.json,"[""pypi_name_index""]",
ipymuvue,Reactive Jupyter Widgets,https://pypi.org/project/ipymuvue/,"[""flatsurf/ipymuvue""]","[""flatsurf/ipymuvue""]",True,custom_widget_candidate,source_supported_candidate,True,True,"[""traditional_custom_widget""]","[""traditional_custom_widget""]",2022-07-25T02:59:18.329590Z,2022-07-25T02:59:18.329590Z,0.0.2,,,,,,,True,"[""traditional_custom_widget""]",False,not_established,False,False,False,0.6.0,12,2,3,False,0,ok,https://files.pythonhosted.org/packages/d7/56/62a68980a6e07b6c74d283422a0e0e4400618720a5eafca75c36fa4507ca/ipymuvue-0.0.2-py2.py3-none-any.whl,,history/ipymuvue.json,"[""deps_dev_repo_mapping"", ""pypi_name_index""]",
ipynao,A widget library for controlling Nao,https://pypi.org/project/ipynao/,"[""jupyter-robotics/ipynao""]","[""jupyter-robotics/ipynao""]",True,custom_widget_candidate,source_supported_candidate,True,True,"[""traditional_custom_widget""]","[""traditional_custom_widget""]",2023-06-19T15:05:40.272091Z,2023-06-19T15:05:40.272091Z,0.1.2,,,,,,,True,"[""traditional_custom_widget""]",False,not_established,False,False,False,0.8.9,19,2,19,False,0,ok,https://files.pythonhosted.org/packages/4b/9a/e9e0129df7bdeaa7815c7c816865399bc490552ede265af76fa14c05e802/ipynao-0.1.2-py3-none-any.whl,,history/ipynao.json,"[""deps_dev_repo_mapping"", ""pypi_name_index""]",
ipyniivue,A Jupyter Widget for Niivue based on anywidget.,https://pypi.org/project/ipyniivue/,"[""niivue/ipyniivue""]","[""niivue/ipyniivue""]",True,custom_widget_candidate,source_supported_candidate,True,True,"[""anywidget""]","[""anywidget"", ""traditional_custom_widget""]",2023-02-01T19:21:31.180644Z,2023-02-01T19:21:31.180644Z,0.1.0.dev0,2024-04-16T15:37:38.677537Z,2.0.0,False,2024-04-16T15:37:38.677537Z,2.0.0,2024-04-16T15:37:38.677537Z,True,"[""traditional_custom_widget""]",True,review_component_continuity,False,False,False,2.4.4,20,4,20,False,0,ok,https://files.pythonhosted.org/packages/2b/a9/2a3f5c557117292116ebc63c3d8b531dd5d32e81ce60670d75b2512d611a/ipyniivue-0.1.0.dev0-py3-none-any.whl,https://files.pythonhosted.org/packages/23/f2/2b8d1baec11673e371c1fd0cc0fa9c6333da027d8f3a8e2c3b35fc00d4c3/ipyniivue-2.0.0-py2.py3-none-any.whl,history/ipyniivue.json,"[""deps_dev_repo_mapping"", ""pypi_name_index""]",
ipyobservable,Jupyter widget for Observable,https://pypi.org/project/ipyobservable/,"[""davidbrochart/ipyobservable""]","[""davidbrochart/ipyobservable""]",True,custom_widget_candidate,source_supported_candidate,True,True,"[""traditional_custom_widget""]","[""traditional_custom_widget""]",2022-10-23T14:46:06.174283Z,2022-10-23T14:46:06.174283Z,0.1.0,,,,,,,True,"[""traditional_custom_widget""]",False,not_established,False,False,False,0.1.2,3,2,2,False,0,ok,https://files.pythonhosted.org/packages/9a/1c/59b3ab570d9cf5bae70e596546ac16d21bc562b7db2e18bcfac517919dbf/ipyobservable-0.1.0-py3-none-any.whl,,history/ipyobservable.json,"[""deps_dev_repo_mapping"", ""pypi_name_index""]",
ipyopenlayers,OpenLayers Jupyter Widget,https://pypi.org/project/ipyopenlayers/,"[""geojupyter/ipyopenlayers""]","[""QuantStack/ipyopenlayers""]",True,custom_widget_candidate,source_supported_candidate,True,True,"[""traditional_custom_widget""]","[""traditional_custom_widget""]",2024-07-31T14:16:18.774973Z,2024-07-31T14:16:18.774973Z,0.1.0,,,,,,,True,"[""traditional_custom_widget""]",False,not_established,False,False,False,0.2.1,3,2,3,False,0,ok,https://files.pythonhosted.org/packages/da/77/982f0691bfa57f6506f26386daa8cbafaea9bccf3f32312964811518c908/ipyopenlayers-0.1.0-py3-none-any.whl,,history/ipyopenlayers.json,"[""deps_dev_repo_mapping"", ""pypi_name_index""]",
ipyp5,p5.js Jupyter Widget,https://pypi.org/project/ipyp5/,"[""jtpio/ipyp5""]","[""jtpio/ipyp5""]",True,custom_widget_candidate,source_supported_candidate,True,True,"[""traditional_custom_widget""]","[""traditional_custom_widget""]",2018-07-28T12:30:03.573164Z,2019-07-06T21:45:12.381770Z,0.1.1,,,,,,,False,[],False,not_established,False,False,False,0.1.1,2,2,0,False,0,ok,https://files.pythonhosted.org/packages/38/f6/e5143920107e36dad90d6ea55b10ac8390eea1e15ea18bd2c8b4a6d51f0c/ipyp5-0.1.1-py2.py3-none-any.whl,,history/ipyp5.json,"[""deps_dev_repo_mapping"", ""pypi_name_index""]",
ipypandas,Interactive features for the python data analysis library pandas in jupyter.,https://pypi.org/project/ipypandas/,"[""tensorware/ipypandas""]","[""tensorware/ipypandas""]",True,custom_widget_candidate,source_supported_candidate,True,True,"[""traditional_custom_widget""]","[""traditional_custom_widget""]",2024-02-19T20:01:23.463936Z,2024-02-19T20:01:23.463936Z,0.1.0,,,,,,,True,"[""traditional_custom_widget""]",False,not_established,False,False,False,0.1.0,1,1,1,False,0,ok,https://files.pythonhosted.org/packages/c0/9a/4b536e84a8a5cd7a1caa9be78bc260a28d7d8eff5944c9afc0a203005d94/ipypandas-0.1.0-py3-none-any.whl,,history/ipypandas.json,"[""deps_dev_repo_mapping"", ""pypi_name_index""]",
ipypathchooser,An ipywidget for choosing a path (file or directory) interactively,https://pypi.org/project/ipypathchooser/,"[""nersc/ipypathchooser""]",[],False,custom_widget_candidate,source_supported_candidate,False,True,"[""traditional_custom_widget""]","[""traditional_custom_widget""]",2020-01-23T16:50:43.429328Z,2020-01-23T16:50:43.429328Z,0.1.0a0,,,,,,,True,"[""traditional_custom_widget""]",False,not_established,False,False,False,0.1.0a0,1,1,0,False,0,ok,https://files.pythonhosted.org/packages/9e/f3/e5f3c03ebe98d99178eff32fcd6201f9c0f10ae9baa3c10a5e8e3f5144e1/ipypathchooser-0.1.0a0-py2.py3-none-any.whl,,history/ipypathchooser.json,"[""pypi_name_index""]",
ipypencil,A Jupyter widget for drawing and capturing hand-drawn numbers and letters optimized for machine learning tasks.,https://pypi.org/project/ipypencil/,"[""dotnetautor/ipypencil""]",[],False,custom_widget_candidate,source_supported_candidate,False,True,"[""traditional_custom_widget""]","[""traditional_custom_widget""]",2025-03-22T07:52:00.342462Z,2025-03-22T07:52:00.342462Z,0.1.0.dev0,,,,,,,True,"[""traditional_custom_widget""]",False,not_established,True,True,True,0.1.1,2,2,2,False,0,ok,https://files.pythonhosted.org/packages/ab/a6/c12b878f899eb6b93b7c8406d491de21c629e46be12d87ca711d231d3e1f/ipypencil-0.1.0.dev0-py3-none-any.whl,,history/ipypencil.json,"[""deps_dev_repo_mapping"", ""pypi_name_index""]",
ipypetrinet,A custom petrinet widget.,https://pypi.org/project/ipypetrinet/,"[""lordheimchen/ipypetrinet""]",[],False,custom_widget_candidate,source_supported_candidate,False,True,"[""traditional_custom_widget""]","[""traditional_custom_widget""]",2022-01-06T13:20:14.519393Z,2022-01-06T13:20:14.519393Z,1.0.0,,,,,,,True,"[""traditional_custom_widget""]",False,not_established,False,False,False,1.2.0,3,2,0,False,0,ok,https://files.pythonhosted.org/packages/97/63/804c34df3604c2c31fa325e9fb2fe6c72e6968d48695b405c34759767cb8/ipypetrinet-1.0.0-py2.py3-none-any.whl,,history/ipypetrinet.json,"[""deps_dev_repo_mapping"", ""pypi_name_index""]",
ipypivot,Jupyter widget (or ipywidget) wrapping the very convenient pivotTable.js library,https://pypi.org/project/ipypivot/,"[""pierremarion23/ipypivot""]","[""PierreMarion23/ipypivot""]",True,custom_widget_candidate,source_supported_candidate,True,True,"[""traditional_custom_widget""]","[""traditional_custom_widget""]",2018-01-18T08:48:18.937177Z,2018-01-18T08:48:18.937177Z,0.2.1b0,,,,,,,True,"[""traditional_custom_widget""]",False,not_established,False,False,False,0.2.7,7,2,0,False,0,ok,https://files.pythonhosted.org/packages/14/96/ce9bec0d4f3dc9ac2577b39d310272d6fe7806bbe4cef3b4d6533ca08617/ipypivot-0.2.1b0.tar.gz,,history/ipypivot.json,"[""deps_dev_repo_mapping"", ""pypi_name_index""]",
ipypixano,Pixano Element in jupyter widget,https://pypi.org/project/ipypixano/,[],[],False,custom_widget_candidate,source_supported_candidate,False,True,"[""traditional_custom_widget""]","[""traditional_custom_widget""]",2022-02-11T20:48:54.707007Z,2022-02-11T20:48:54.707007Z,0.1.1,,,,,,,True,"[""traditional_custom_widget""]",False,not_established,False,False,False,0.1.9,9,2,3,False,0,ok,https://files.pythonhosted.org/packages/39/6d/0dab0759656ea5d1e813dc0b4f2eb04a633905a642b9f8b6fbc30685d204/ipypixano-0.1.1-py2.py3-none-any.whl,,history/ipypixano.json,"[""pypi_name_index""]",
ipypolaroid,A Custom Jupyter Widget Library,https://pypi.org/project/ipypolaroid/,[],[],False,custom_widget_candidate,source_supported_candidate,False,True,"[""traditional_custom_widget""]","[""traditional_custom_widget""]",2022-03-08T16:38:16.050396Z,2022-03-08T16:38:16.050396Z,0.1.0.dev0,,,,,,,True,"[""traditional_custom_widget""]",False,not_established,False,False,False,0.1.1.dev0,2,2,0,False,0,ok,https://files.pythonhosted.org/packages/f8/92/39710ec9dd94e5dee02f42af3eb7e1302e98092ffa2cd5db812a308a42cf/ipypolaroid-0.1.0.dev0-py2.py3-none-any.whl,,history/ipypolaroid.json,"[""pypi_name_index""]",
ipyprogressivis,A Custom Jupyter Widget Library for Progressivis,https://pypi.org/project/ipyprogressivis/,"[""progressivis/ipyprogressivis""]",[],False,custom_widget_candidate,source_supported_candidate,True,True,"[""traditional_custom_widget""]","[""traditional_custom_widget""]",2025-05-16T14:43:23.813642Z,2025-05-16T14:43:23.813642Z,0.3.0,,,,,,,True,"[""traditional_custom_widget""]",False,not_established,True,True,True,0.4.0,7,2,7,False,0,ok,https://files.pythonhosted.org/packages/dd/92/1d6d503eb13661e04ae3d20904743e795e04f51b7950956a6b9762da8d5b/ipyprogressivis-0.3.0-py3-none-any.whl,,history/ipyprogressivis.json,"[""deps_dev_repo_mapping"", ""pypi_name_index""]",
ipyquiz,A Custom Jupyter Widget Library,https://pypi.org/project/ipyquiz/,"[""boyuai/ipyquiz""]",[],False,custom_widget_candidate,source_supported_candidate,False,True,"[""traditional_custom_widget""]","[""traditional_custom_widget""]",2020-05-04T14:30:29.892138Z,2020-05-04T14:30:29.892138Z,0.1.0,,,,,,,True,"[""traditional_custom_widget""]",False,not_established,False,False,False,0.5.6,13,2,1,False,0,ok,https://files.pythonhosted.org/packages/e2/cd/9d3d341ca2d02523f54a82a7b62a42dd7a609ff8b6268381868ab5e3bb5b/ipyquiz-0.1.0-py2.py3-none-any.whl,,history/ipyquiz.json,"[""pypi_name_index""]",
ipyreact,React for ipywidgets that just works,https://pypi.org/project/ipyreact/,"[""widgetti/ipyreact""]","[""widgetti/ipyreact""]",True,custom_widget_candidate,source_supported_candidate,True,True,"[""anywidget"", ""traditional_custom_widget""]","[""anywidget"", ""traditional_custom_widget""]",2023-04-21T10:23:02.645333Z,2023-04-21T10:23:02.645333Z,0.1.0,2023-04-21T10:23:02.645333Z,0.1.0,False,2023-04-21T10:23:02.645333Z,0.1.0,2023-04-21T10:23:02.645333Z,True,"[""anywidget""]",False,not_established,False,False,False,0.6.1,11,2,11,False,0,ok,https://files.pythonhosted.org/packages/1a/0c/8eac0954ef5145493f783fb03250a5ea1f232d18039d8cd75e8c66d47e4c/ipyreact-0.1.0-py3-none-any.whl,https://files.pythonhosted.org/packages/1a/0c/8eac0954ef5145493f783fb03250a5ea1f232d18039d8cd75e8c66d47e4c/ipyreact-0.1.0-py3-none-any.whl,history/ipyreact.json,"[""deps_dev_direct_sample"", ""deps_dev_repo_mapping"", ""pypi_name_index""]",
ipyreactflow,,https://pypi.org/project/ipyreactflow/,[],[],False,custom_widget_candidate,source_supported_candidate,False,True,"[""anywidget""]","[""anywidget""]",2024-01-03T09:35:15.499119Z,2024-01-03T09:35:15.499119Z,0.0.1,2024-01-03T09:35:15.499119Z,0.0.1,False,2024-01-03T09:35:15.499119Z,0.0.1,2024-01-03T09:35:15.499119Z,True,"[""anywidget""]",False,not_established,False,False,False,0.0.7,4,2,4,False,0,ok,https://files.pythonhosted.org/packages/b7/4e/8dcea87031e97fa43633ffd024586d21daa226665c678cd53252bef69d0b/ipyreactflow-0.0.1-py2.py3-none-any.whl,https://files.pythonhosted.org/packages/b7/4e/8dcea87031e97fa43633ffd024586d21daa226665c678cd53252bef69d0b/ipyreactflow-0.0.1-py2.py3-none-any.whl,history/ipyreactflow.json,"[""pypi_name_index""]",
ipyreactive,A Custom Jupyter Widget Library,https://pypi.org/project/ipyreactive/,"[""datalayer/ipyreactive""]",[],False,custom_widget_candidate,source_supported_candidate,False,True,"[""traditional_custom_widget""]","[""traditional_custom_widget""]",2022-05-20T12:42:38.593576Z,2022-05-20T12:42:38.593576Z,0.1.0.dev0,,,,,,,True,"[""traditional_custom_widget""]",False,not_established,False,False,False,0.1.0.dev0,1,1,0,False,0,ok,https://files.pythonhosted.org/packages/2d/62/ada45223cac0bebda3d36f8a00681b206586651d257a1a0039657ff6b066/ipyreactive-0.1.0.dev0-py2.py3-none-any.whl,,history/ipyreactive.json,"[""pypi_name_index""]",
ipyregulartable,ipywidgets wrapper around regular-table,https://pypi.org/project/ipyregulartable/,"[""finos/ipyregulartable""]","[""finos/ipyregulartable""]",True,custom_widget_candidate,source_supported_candidate,False,True,"[""traditional_custom_widget""]","[""traditional_custom_widget""]",2020-10-06T04:39:42.107408Z,2020-10-06T04:39:42.107408Z,0.1.0,,,,,,,True,"[""traditional_custom_widget""]",False,not_established,False,False,False,0.2.1,6,2,0,False,0,ok,https://files.pythonhosted.org/packages/2c/c9/840fa79cdff4d56c921a1f72d03d30bfe11d61bff69377a8f6f18cbe009c/ipyregulartable-0.1.0-py2.py3-none-any.whl,,history/ipyregulartable.json,"[""pypi_name_index""]",
ipyregulus,Regulus extension for Jupyter,https://pypi.org/project/ipyregulus/,"[""yarden-livnat/ipyregulus""]","[""yarden-livnat/ipyregulus""]",True,custom_widget_candidate,source_supported_candidate,True,True,"[""traditional_custom_widget""]","[""traditional_custom_widget""]",2019-08-30T00:11:32.242460Z,2019-08-30T00:11:32.242460Z,0.6.0,,,,,,,True,"[""traditional_custom_widget""]",False,not_established,False,False,False,0.8.5,4,2,0,False,0,ok,https://files.pythonhosted.org/packages/03/cf/9963dd278e383b44be4b0e5ec3c9a266d418c6b574275c470614c8204c87/ipyregulus-0.6.0-py2.py3-none-any.whl,,history/ipyregulus.json,"[""deps_dev_repo_mapping"", ""pypi_name_index""]",
ipyresuse,Jupyter Widget to display system metrics,https://pypi.org/project/ipyresuse/,"[""jtpio/ipyresuse""]",[],False,custom_widget_candidate,source_supported_candidate,False,True,"[""traditional_custom_widget""]","[""traditional_custom_widget""]",2019-07-24T08:30:45.782050Z,2019-07-24T08:30:45.782050Z,0.1.0,,,,,,,True,"[""traditional_custom_widget""]",False,not_established,False,False,False,0.1.0,1,1,0,False,0,ok,https://files.pythonhosted.org/packages/fc/84/390721568757789415fd31e0cae04702924fa1e5d4a2ca5593db946098e0/ipyresuse-0.1.0-py2.py3-none-any.whl,,history/ipyresuse.json,"[""pypi_name_index""]",
ipyrhinoviewer,A Custom Jupyter Rhino Viewer,https://pypi.org/project/ipyrhinoviewer/,"[""tu-wien-datalab/ipyrhinoviewer""]",[],False,custom_widget_candidate,source_supported_candidate,False,True,"[""traditional_custom_widget""]","[""traditional_custom_widget""]",2022-07-26T08:53:48.705224Z,2022-07-26T08:53:48.705224Z,0.1.0,,,,,,,True,"[""traditional_custom_widget""]",False,not_established,False,False,False,0.2.6,8,2,2,False,0,ok,https://files.pythonhosted.org/packages/ab/70/c19ef2c00c131fb083104ad71b657a41adf0a6c9899fd6ac8fa204023dec/ipyrhinoviewer-0.1.0-py2.py3-none-any.whl,,history/ipyrhinoviewer.json,"[""pypi_name_index""]",
ipysankeywidget,Display Sankey diagrams in Jupyter,https://pypi.org/project/ipysankeywidget/,"[""ricklupton/ipysankeywidget""]","[""ricklupton/ipysankeywidget""]",True,custom_widget_package,accepted_after_assistant_review,True,True,"[""anywidget""]","[""anywidget"", ""traditional_custom_widget""]",2016-03-05T14:58:06.235109Z,2016-03-05T14:58:06.235109Z,0.1.0,2025-03-26T09:55:25.611241Z,0.6.0,False,2025-03-26T09:55:25.611241Z,0.6.0,2025-03-26T09:55:25.611241Z,True,"[""traditional_custom_widget""]",True,component_transition_supported,False,False,False,0.6.0,18,3,2,False,0,ok,https://files.pythonhosted.org/packages/69/cc/edafb900af850317987b79c28aa166d74e15d9b992e6a515c4a80f74992f/ipysankeywidget-0.1.0.tar.gz,https://files.pythonhosted.org/packages/ac/57/908a8be2b042924bada4baab70a55fe13dc8f461374cea7d000537afb4bc/ipysankeywidget-0.6.0-py2.py3-none-any.whl,history/ipysankeywidget.json,"[""deps_dev_direct_sample"", ""deps_dev_repo_mapping"", ""pypi_name_index""]","SankeyWidget changes from the traditional implementation in 0.5.0 to anywidget in 0.6.0, retaining the component name."
ipyscales,A widget library for scales,https://pypi.org/project/ipyscales/,"[""vidartf/ipyscales""]","[""vidartf/ipyscales""]",True,custom_widget_candidate,source_supported_candidate,True,True,"[""traditional_custom_widget""]","[""traditional_custom_widget""]",2017-08-27T04:29:55.079417Z,2017-08-27T04:29:55.079417Z,0.1.1,,,,,,,True,"[""traditional_custom_widget""]",False,not_established,False,False,False,0.7.0,10,2,0,False,0,ok,https://files.pythonhosted.org/packages/fa/6c/b3c9d8f4af2d80c00d8ad2edc1f5d767354d6c9d62d427caba1d3f2f5f4b/ipyscales-0.1.1-py2.py3-none-any.whl,,history/ipyscales.json,"[""deps_dev_repo_mapping"", ""pypi_name_index""]",
ipyscore,A Jupyter widget for rendering music notation,https://pypi.org/project/ipyscore/,"[""davidbrochart/ipyscore""]","[""davidbrochart/ipyscore""]",True,custom_widget_candidate,source_supported_candidate,True,True,"[""anywidget""]","[""anywidget"", ""traditional_custom_widget""]",2023-08-10T17:38:10.850541Z,2023-08-10T17:38:10.850541Z,0.1.2,2023-08-13T15:30:35.110364Z,0.2.0,False,2023-08-13T15:30:35.110364Z,0.2.0,2023-08-13T15:29:38.332862Z,True,"[""traditional_custom_widget""]",True,review_component_continuity,False,False,False,0.2.0,4,3,4,False,0,ok,https://files.pythonhosted.org/packages/ea/fb/2c94fb262f89aa65ea7b3e3f9de2919465a9e5fddf76200ec401e25f9e79/ipyscore-0.1.2-py3-none-any.whl,https://files.pythonhosted.org/packages/a0/da/3b7b4b14f40cbf06f06bfd3637611eac56129971a4e8e81af55b76fb9817/ipyscore-0.2.0-py3-none-any.whl,history/ipyscore.json,"[""deps_dev_repo_mapping"", ""pypi_name_index""]",
ipyscript,A Custom Jupyter Widget Library,https://pypi.org/project/ipyscript/,"[""datalayer/ipyscript""]",[],False,custom_widget_candidate,source_supported_candidate,False,True,"[""traditional_custom_widget""]","[""traditional_custom_widget""]",2022-05-20T11:08:06.364965Z,2022-05-20T11:08:06.364965Z,0.1.0.dev0,,,,,,,True,"[""traditional_custom_widget""]",False,not_established,False,False,False,0.1.0.dev0,1,1,0,False,0,ok,https://files.pythonhosted.org/packages/0e/e1/e299f45eb4a4f246f8fd30c43cc78e85ceba8b0524335438c6d34787ef33/ipyscript-0.1.0.dev0-py2.py3-none-any.whl,,history/ipyscript.json,"[""pypi_name_index""]",
ipysegment,manual image segmentation in jupyter,https://pypi.org/project/ipysegment/,[],[],False,custom_widget_candidate,source_supported_candidate,False,True,"[""traditional_custom_widget""]","[""traditional_custom_widget""]",2020-09-03T16:38:32.647443Z,2020-09-03T16:38:32.647443Z,0.1.0,,,,,,,True,"[""traditional_custom_widget""]",False,not_established,False,False,False,0.1.0,1,1,0,False,0,ok,https://files.pythonhosted.org/packages/43/76/16df2d9949df22870c55454269d9734c56036e3ff767bc2d6eaff54ae383/ipysegment-0.1.0-py2.py3-none-any.whl,,history/ipysegment.json,"[""pypi_name_index""]",
ipyselect2,A Tree Widget using jsTree,https://pypi.org/project/ipyselect2/,"[""martinrenou/ipyselect2""]",[],False,custom_widget_candidate,source_supported_candidate,False,True,"[""traditional_custom_widget""]","[""traditional_custom_widget""]",2019-10-07T14:55:11.148951Z,2019-10-07T14:55:11.148951Z,0.1.2,,,,,,,True,"[""traditional_custom_widget""]",False,not_established,False,False,False,0.2.1,8,2,0,False,0,ok,https://files.pythonhosted.org/packages/58/0c/b828845ff74afc30f28792ca37fa5d347e1b0ae8a6c4e804a62d74875599/ipyselect2-0.1.2-py2.py3-none-any.whl,,history/ipyselect2.json,"[""deps_dev_direct_sample"", ""pypi_name_index""]",
ipysheet,Spreadsheet in the Jupyter notebook.,https://pypi.org/project/ipysheet/,"[""jupyter-widgets-contrib/ipysheet""]","[""jupyter-widgets-contrib/ipysheet""]",True,custom_widget_candidate,source_supported_candidate,False,True,"[""traditional_custom_widget""]","[""traditional_custom_widget""]",2018-01-30T10:29:19.173612Z,2018-01-30T10:29:19.173612Z,0.1.0rc1,,,,,,,True,"[""traditional_custom_widget""]",False,not_established,False,False,False,0.7.0,24,2,1,False,0,ok,https://files.pythonhosted.org/packages/24/26/19fe17a2333248d4e511ecb23a803563e5fbcb4873990aaed0522aa6ede6/ipysheet-0.1.0rc1.tar.gz,,history/ipysheet.json,"[""deps_dev_direct_sample"", ""pypi_name_index""]",
ipysheet-sg,Spreadsheet in the Jupyter notebook,https://pypi.org/project/ipysheet-sg/,[],[],False,custom_widget_candidate,source_supported_candidate,False,True,"[""traditional_custom_widget""]","[""traditional_custom_widget""]",2018-07-24T08:36:33.838008Z,2018-07-24T08:36:33.838008Z,0.2.1a1,,,,,,,True,"[""traditional_custom_widget""]",False,not_established,False,False,False,0.2.1a1,1,1,0,False,0,ok,https://files.pythonhosted.org/packages/f5/eb/ad9f46477054787a503e56e11e4f882947f42b9ab66cbad11eee723f66db/ipysheet-sg-0.2.1a1.tar.gz,,history/ipysheet-sg.json,"[""pypi_name_index""]",
ipysigma,A Jupyter widget using sigma.js to render interactive networks.,https://pypi.org/project/ipysigma/,"[""medialab/ipysigma""]","[""medialab/ipysigma""]",True,custom_widget_candidate,source_supported_candidate,True,True,"[""traditional_custom_widget""]","[""traditional_custom_widget""]",2018-06-26T09:07:11.090346Z,2018-06-26T09:07:36.880317Z,0.1.0,,,,,,,True,"[""traditional_custom_widget""]",False,not_established,False,False,False,0.24.6,34,2,12,False,0,ok,https://files.pythonhosted.org/packages/9a/66/634b83e3b6affc056595ee19ab36b380e2e69a33ed371fd1a1693d929949/ipysigma-0.1.0-py2.py3-none-any.whl,,history/ipysigma.json,"[""deps_dev_direct_sample"", ""deps_dev_repo_mapping"", ""pypi_name_index""]",
ipysimplebind,"Rapid JS-Python binding for ipython widgets, for HTML/JS apps",https://pypi.org/project/ipysimplebind/,"[""paultiq/ipysimplebind""]",[],False,custom_widget_candidate,source_supported_candidate,False,True,"[""anywidget""]","[""anywidget""]",2023-10-23T20:47:47.694329Z,2023-10-23T20:47:47.694329Z,0.1.0,2023-10-23T20:47:47.694329Z,0.1.0,False,2023-10-23T20:47:47.694329Z,0.1.0,2023-10-23T20:47:47.694329Z,True,"[""anywidget""]",False,not_established,False,False,False,0.1.9,9,2,9,False,0,ok,https://files.pythonhosted.org/packages/86/52/ac8877f70dfa6886c48c75aea4c1fd6cabf59abfdd82a5f15a6c557ad5ad/ipysimplebind-0.1.0-py3-none-any.whl,https://files.pythonhosted.org/packages/86/52/ac8877f70dfa6886c48c75aea4c1fd6cabf59abfdd82a5f15a6c557ad5ad/ipysimplebind-0.1.0-py3-none-any.whl,history/ipysimplebind.json,"[""pypi_name_index""]",
ipysimulate,Tools to create interactive simulations with IPython and Jupyter.,https://pypi.org/project/ipysimulate/,"[""jofmi/ipysimulate""]","[""jofmi/ipysimulate""]",True,custom_widget_candidate,source_supported_candidate,False,True,"[""traditional_custom_widget""]","[""traditional_custom_widget""]",2021-03-19T12:28:31.334417Z,2021-03-19T12:28:31.334417Z,0.1.0a0,,,,,,,True,"[""traditional_custom_widget""]",False,not_established,False,False,False,0.2.1,4,2,0,False,0,ok,https://files.pythonhosted.org/packages/b5/a9/96d6ee716615b68d453f42d6847f0db29734f9d95054c2da037a10e4b71f/ipysimulate-0.1.0a0-py2.py3-none-any.whl,,history/ipysimulate.json,"[""pypi_name_index""]",
ipysketch-lite,Simple sketching tool for Jupyter notebooks,https://pypi.org/project/ipysketch-lite/,"[""matthewandretaylor/ipysketch_lite""]",[],False,custom_widget_candidate,source_supported_candidate,False,True,"[""anywidget""]","[""anywidget""]",2024-07-27T08:51:14.633686Z,2025-02-22T10:31:34.051769Z,0.4.0,2025-02-22T10:31:34.051769Z,0.4.0,False,2025-02-22T10:31:34.051769Z,0.4.0,2025-02-22T10:31:34.051769Z,False,[],False,not_established,False,False,True,0.5.2,39,34,39,False,0,ok,https://files.pythonhosted.org/packages/b0/e5/a2fd660a1b71543329cc812662d66e3305c511fdf158a8dc5bee65210e59/ipysketch_lite-0.4.0-py3-none-any.whl,https://files.pythonhosted.org/packages/b0/e5/a2fd660a1b71543329cc812662d66e3305c511fdf158a8dc5bee65210e59/ipysketch_lite-0.4.0-py3-none-any.whl,history/ipysketch-lite.json,"[""deps_dev_direct_sample"", ""deps_dev_repo_mapping"", ""pypi_name_index""]",
ipyslickgrid,An Interactive Grid for Sorting and Filtering DataFrames in Jupyter Notebook,https://pypi.org/project/ipyslickgrid/,"[""8080labs/ipyslickgrid""]",[],False,custom_widget_candidate,source_supported_candidate,False,True,"[""traditional_custom_widget""]","[""traditional_custom_widget""]",2021-04-26T13:46:23.593898Z,2022-03-15T15:40:34.065672Z,0.0.4,,,,,,,False,[],False,not_established,False,False,False,0.0.4,5,5,0,False,0,ok,https://files.pythonhosted.org/packages/11/b9/5cbb7e4cc91176bfb5d3db94b7b46cf4667875fe063826f18dd1732019d2/ipyslickgrid-0.0.4.tar.gz,,history/ipyslickgrid.json,"[""pypi_name_index""]",
ipyslides,Live rich content slides in jupyter notebook,https://pypi.org/project/ipyslides/,"[""asaboor-gh/ipyslides""]","[""asaboor-gh/ipyslides""]",True,custom_widget_candidate,source_supported_candidate,True,True,"[""anywidget""]","[""anywidget""]",2021-08-01T18:00:07.994870Z,2023-11-26T23:35:50.350673Z,3.4.0,2023-11-26T23:35:50.350673Z,3.4.0,False,2023-11-26T23:35:50.350673Z,3.4.0,2023-12-18T23:50:20.704685Z,False,[],False,not_established,False,False,False,7.4.56,554,34,437,False,0,ok,https://files.pythonhosted.org/packages/f1/c8/0ff0297082bc3dbefe4e0ce8222881912cc8fba8ad5c209b21d5eb7a0cea/ipyslides-3.4.0-py2.py3-none-any.whl,https://files.pythonhosted.org/packages/f1/c8/0ff0297082bc3dbefe4e0ce8222881912cc8fba8ad5c209b21d5eb7a0cea/ipyslides-3.4.0-py2.py3-none-any.whl,history/ipyslides.json,"[""deps_dev_direct_sample"", ""deps_dev_repo_mapping"", ""pypi_name_index""]",
ipyspeck,Speck Jupyter Widget,https://pypi.org/project/ipyspeck/,"[""denphi/speck""]",[],False,custom_widget_candidate,source_supported_candidate,False,True,"[""traditional_custom_widget""]","[""traditional_custom_widget""]",2021-01-04T22:50:48.817394Z,2021-01-04T22:51:18.352409Z,0.1.0a0,,,,,,,True,"[""traditional_custom_widget""]",False,not_established,False,False,False,0.8.4,14,2,8,False,0,ok,https://files.pythonhosted.org/packages/81/ee/32195d602ad24663e8fcfa5709a8cbc60e843dd34ddc106e35d31b35cb78/ipyspeck-0.1.0a0-py2.py3-none-any.whl,,history/ipyspeck.json,"[""deps_dev_direct_sample"", ""pypi_name_index""]",
ipyspin,A Jupyter widget library for dynamically creating spinning activity indicators,https://pypi.org/project/ipyspin/,"[""davidbrochart/ipyspin""]","[""davidbrochart/ipyspin""]",True,custom_widget_candidate,source_supported_candidate,True,True,"[""traditional_custom_widget""]","[""traditional_custom_widget""]",2020-09-26T12:10:52.621260Z,2020-09-26T12:10:52.621260Z,0.1.0,,,,,,,True,"[""traditional_custom_widget""]",False,not_established,False,False,False,1.0.1,7,2,0,False,0,ok,https://files.pythonhosted.org/packages/97/0c/daea8d181631330267cde242fc57eb398519b0fea15f3cd19ec873cc57bd/ipyspin-0.1.0-py2.py3-none-any.whl,,history/ipyspin.json,"[""deps_dev_direct_sample"", ""deps_dev_repo_mapping"", ""pypi_name_index""]",
ipysplitpanes,IPyWidget wrapper for the SplitPanes Vue package,https://pypi.org/project/ipysplitpanes/,"[""nmearl/ipysplitpanes""]",[],False,custom_widget_candidate,source_supported_candidate,False,True,"[""traditional_custom_widget""]","[""traditional_custom_widget""]",2020-01-25T22:07:27.664889Z,2020-01-25T22:07:27.664889Z,0.1.0,,,,,,,True,"[""traditional_custom_widget""]",False,not_established,False,False,False,0.2.0,2,2,0,False,0,ok,https://files.pythonhosted.org/packages/be/88/c19c010dd84112261b1e3aada54365d7314bb4aeaea1a14d46d24fb923f4/ipysplitpanes-0.1.0-py2.py3-none-any.whl,,history/ipysplitpanes.json,"[""pypi_name_index""]",
ipytableview,Table view widget,https://pypi.org/project/ipytableview/,[],[],False,custom_widget_candidate,source_supported_candidate,False,True,"[""traditional_custom_widget""]","[""traditional_custom_widget""]",2022-06-01T12:59:46.984779Z,2022-06-01T12:59:46.984779Z,0.1.2,,,,,,,True,"[""traditional_custom_widget""]",False,not_established,False,False,False,0.1.5,4,2,1,False,0,ok,https://files.pythonhosted.org/packages/5f/3e/f2637a4d24221e3530e35da3f0c6b59359900572d0fa2126869cce2e1319/ipytableview-0.1.2-py2.py3-none-any.whl,,history/ipytableview.json,"[""pypi_name_index""]",
ipytablewidgets,A set of widgets to help facilitate reuse of large tables across widgets,https://pypi.org/project/ipytablewidgets/,"[""progressivis/ipytablewidgets""]","[""progressivis/ipytablewidgets""]",True,custom_widget_candidate,source_supported_candidate,True,True,"[""traditional_custom_widget""]","[""traditional_custom_widget""]",2021-09-28T07:26:13.168353Z,2021-09-28T07:26:13.168353Z,0.1.0,,,,,,,True,"[""traditional_custom_widget""]",False,not_established,False,False,False,0.3.4,9,2,4,False,0,ok,https://files.pythonhosted.org/packages/b3/9d/eae468d6bf472cba31f468e1f07ecc02960e3080187f21dc89186852e0a0/ipytablewidgets-0.1.0-py2.py3-none-any.whl,,history/ipytablewidgets.json,"[""deps_dev_direct_sample"", ""deps_dev_repo_mapping"", ""pypi_name_index""]",
ipytalos,A Custom Jupyter Widget Library,https://pypi.org/project/ipytalos/,"[""qzchenwl/ipytalos""]",[],False,custom_widget_candidate,source_supported_candidate,False,True,"[""traditional_custom_widget""]","[""traditional_custom_widget""]",2017-09-16T03:08:36.860403Z,2017-09-16T03:08:36.860403Z,0.1.0a0,,,,,,,True,"[""traditional_custom_widget""]",False,not_established,False,False,False,0.1.2a0,2,2,0,False,0,ok,https://files.pythonhosted.org/packages/d8/bf/15bcd3c4d6a1aeed45dcff764d803d734ba3c8fdd4ad473923cea226257e/ipytalos-0.1.0a0.tar.gz,,history/ipytalos.json,"[""pypi_name_index""]",
ipytextual,Jupyter Textual-based Widget,https://pypi.org/project/ipytextual/,"[""davidbrochart/ipytextual""]","[""davidbrochart/ipytextual""]",True,custom_widget_candidate,source_supported_candidate,True,True,"[""anywidget""]","[""anywidget""]",2023-04-24T09:25:55.074424Z,2023-11-23T13:48:07.818145Z,0.1.0,2023-11-23T13:48:07.818145Z,0.1.0,False,2023-11-23T13:48:07.818145Z,0.1.0,2023-11-23T13:48:05.953338Z,False,[],False,not_established,False,False,False,0.1.1,3,3,3,False,0,ok,https://files.pythonhosted.org/packages/51/4c/bd563fa81c4986e4728153f74e9f255297119a343fe40c8a6edeb8c03597/ipytextual-0.1.0-py3-none-any.whl,https://files.pythonhosted.org/packages/51/4c/bd563fa81c4986e4728153f74e9f255297119a343fe40c8a6edeb8c03597/ipytextual-0.1.0-py3-none-any.whl,history/ipytextual.json,"[""deps_dev_repo_mapping"", ""pypi_name_index""]",
ipython-d3-sankey,an IPython widget for the d3 Sankey plugin,https://pypi.org/project/ipython-d3-sankey/,"[""ricklupton/ipython-d3-sankey""]",[],False,custom_widget_candidate,source_supported_candidate,False,True,"[""traditional_custom_widget""]","[""traditional_custom_widget""]",2015-07-27T12:21:34.080577Z,2015-07-27T12:21:34.080577Z,0.1.0,,,,,,,True,"[""traditional_custom_widget""]",False,not_established,False,False,False,0.1.1,2,2,0,False,0,ok,https://files.pythonhosted.org/packages/69/ce/335cab7bb2ac6b71eb2a00317b72b966d128f8052642dee41a2753acb41a/ipython-d3-sankey-0.1.0.tar.gz,,history/ipython-d3-sankey.json,"[""pypi_name_index""]",
ipytone,Interactive audio in Jupyter,https://pypi.org/project/ipytone/,"[""geigr/ipytone""]","[""geigr/ipytone""]",True,custom_widget_candidate,source_supported_candidate,False,True,"[""traditional_custom_widget""]","[""traditional_custom_widget""]",2021-02-12T16:42:33.930755Z,2021-02-12T16:42:33.930755Z,0.1.0,,,,,,,True,"[""traditional_custom_widget""]",False,not_established,False,False,False,0.5.1,7,2,2,False,0,ok,https://files.pythonhosted.org/packages/e7/25/7fdce04942e01a6faff2accf73192cfa71a49ee65eb2ab6a817f05a29a45/ipytone-0.1.0-py2.py3-none-any.whl,,history/ipytone.json,"[""pypi_name_index""]",
ipytracer,Algorithm Visualizer for Jupyter/IPython Notebook,https://pypi.org/project/ipytracer/,"[""hahnlee/ipytracer""]",[],False,custom_widget_candidate,source_supported_candidate,False,True,"[""traditional_custom_widget""]","[""traditional_custom_widget""]",2017-01-21T07:09:48.492864Z,2017-01-21T07:09:48.492864Z,0.1.1.post1,,,,,,,True,"[""traditional_custom_widget""]",False,not_established,False,False,False,0.2.2.post1,5,2,0,False,0,ok,https://files.pythonhosted.org/packages/e4/ea/dfad1ab4f669af67d2b6c1af2448b3a1fab9448b059da43fe279483451a4/ipytracer-0.1.1.post1.tar.gz,,history/ipytracer.json,"[""pypi_name_index""]",
ipytree,A Tree Widget using jsTree,https://pypi.org/project/ipytree/,"[""martinrenou/ipytree""]",[],False,custom_widget_candidate,source_supported_candidate,False,True,"[""traditional_custom_widget""]","[""traditional_custom_widget""]",2019-03-25T13:54:12.407043Z,2019-03-25T13:54:12.407043Z,0.1.0,,,,,,,True,"[""traditional_custom_widget""]",False,not_established,False,False,False,0.2.2,11,2,0,False,0,ok,https://files.pythonhosted.org/packages/fb/6b/730098f9d54a02ccb096b9c3f64220a544437dff7640bac8ee6c4732613b/ipytree-0.1.0-py2.py3-none-any.whl,,history/ipytree.json,"[""deps_dev_direct_sample"", ""pypi_name_index""]",
ipytreecraft,"Incremental, interactive decision tree builder for risk specialists",https://pypi.org/project/ipytreecraft/,[],[],False,custom_widget_candidate,source_supported_candidate,False,True,"[""anywidget""]","[""anywidget""]",2026-05-23T15:42:02.074069Z,2026-05-23T15:42:02.074069Z,0.1.0,2026-05-23T15:42:02.074069Z,0.1.0,False,2026-05-23T15:42:02.074069Z,0.1.0,2026-05-23T15:42:02.074069Z,True,"[""anywidget""]",False,not_established,True,True,True,0.1.0,1,1,1,False,0,ok,https://files.pythonhosted.org/packages/db/d8/114878d7afc7d9d90a7e985a55a642ee2b1f7fbc0ed0ed700cd665ddf741/ipytreecraft-0.1.0-py3-none-any.whl,https://files.pythonhosted.org/packages/db/d8/114878d7afc7d9d90a7e985a55a642ee2b1f7fbc0ed0ed700cd665ddf741/ipytreecraft-0.1.0-py3-none-any.whl,history/ipytreecraft.json,"[""pypi_name_index""]",
ipyturtle,Creating Turtle Geometry in IPython (Jupyter Widget),https://pypi.org/project/ipyturtle/,"[""gkvoelkl/ipython-turtle-widget""]","[""gkvoelkl/ipython-turtle-widget""]",True,custom_widget_candidate,source_supported_candidate,True,True,"[""traditional_custom_widget""]","[""traditional_custom_widget""]",2016-11-13T17:51:18.269617Z,2016-11-13T17:51:18.269617Z,0.2.0,,,,,,,True,"[""traditional_custom_widget""]",False,not_established,False,False,False,0.2.4,2,2,0,False,0,ok,https://files.pythonhosted.org/packages/a0/eb/6634ea1e2d6df4415a7a6e279bb5e989d278d390656e1ff08bc0bb47e9d9/ipyturtle-0.2.0-py2.py3-none-any.whl,,history/ipyturtle.json,"[""deps_dev_repo_mapping"", ""pypi_name_index""]",
ipyturtle2,Turtle implemention for Jupyter Notebook,https://pypi.org/project/ipyturtle2/,"[""boyuai/ipyturtle2""]","[""boyuai/ipyturtle2""]",True,custom_widget_candidate,source_supported_candidate,True,True,"[""traditional_custom_widget""]","[""traditional_custom_widget""]",2020-06-18T08:04:38.342312Z,2020-06-18T08:04:38.342312Z,0.1.0,,,,,,,True,"[""traditional_custom_widget""]",False,not_established,False,False,False,0.8.1,17,2,0,False,0,ok,https://files.pythonhosted.org/packages/42/20/88583d92e2af898ca24391a2d9573ad0b5db55290ae429d0ca8f520a982e/ipyturtle2-0.1.0-py2.py3-none-any.whl,,history/ipyturtle2.json,"[""deps_dev_repo_mapping"", ""pypi_name_index""]",
ipyupload,Jupyter widget - upload file from browser,https://pypi.org/project/ipyupload/,[],[],False,custom_widget_candidate,source_supported_candidate,False,True,"[""traditional_custom_widget""]","[""traditional_custom_widget""]",2018-10-29T21:38:22.792372Z,2018-10-29T21:38:22.792372Z,0.1.0,,,,,,,True,"[""traditional_custom_widget""]",False,not_established,False,False,False,0.1.3,4,2,0,False,0,ok,https://files.pythonhosted.org/packages/88/57/f89fc675b0c1b68dab6da3d2375f62ec8a5ea18dd70566d721c34613b775/ipyupload-0.1.0-py2.py3-none-any.whl,,history/ipyupload.json,"[""pypi_name_index""]",
ipyuploads,A Jupyter file widget with chunked upload capabilities,https://pypi.org/project/ipyuploads/,"[""g2nb/ipyuploads""]","[""g2nb/ipyuploads""]",True,custom_widget_candidate,source_supported_candidate,True,True,"[""traditional_custom_widget""]","[""traditional_custom_widget""]",2022-06-07T20:25:53.740503Z,2022-06-07T20:25:56.753126Z,0.1.0,,,,,,,True,"[""traditional_custom_widget""]",False,not_established,False,False,False,0.2.4,6,2,5,False,0,ok,https://files.pythonhosted.org/packages/f7/a7/faa187fdb43adfc8be26fe17923e2fae5d7a4ca2d0698d58130a24ea4ae8/ipyuploads-0.1.0-py2.py3-none-any.whl,,history/ipyuploads.json,"[""deps_dev_direct_sample"", ""deps_dev_repo_mapping"", ""pypi_name_index""]",
ipyurl,A Jupyter Widget Library for accessing the server's URL,https://pypi.org/project/ipyurl/,"[""davidbrochart/ipyurl""]","[""davidbrochart/ipyurl""]",True,custom_widget_candidate,source_supported_candidate,True,True,"[""traditional_custom_widget""]","[""traditional_custom_widget""]",2021-08-02T07:14:11.168709Z,2021-08-02T07:14:11.168709Z,0.1.0.dev0,,,,,,,True,"[""traditional_custom_widget""]",False,not_established,False,False,False,0.1.3,4,2,0,False,0,ok,https://files.pythonhosted.org/packages/d5/b5/bfe0dffc5cbdf0ae50c4e858d690e85affb6554b6ec58593538c28d286d3/ipyurl-0.1.0.dev0-py2.py3-none-any.whl,,history/ipyurl.json,"[""deps_dev_direct_sample"", ""deps_dev_repo_mapping"", ""pypi_name_index""]",
ipyvisus,Visus viewer widget,https://pypi.org/project/ipyvisus/,"[""sci-visus/ipyvisus"", ""yarden_livnat/ipyvisus""]","[""sci-visus/ipyvisus""]",True,custom_widget_candidate,source_supported_candidate,True,True,"[""traditional_custom_widget""]","[""traditional_custom_widget""]",2020-02-04T18:52:38.417149Z,2020-02-04T18:52:38.417149Z,0.1.0,,,,,,,True,"[""traditional_custom_widget""]",False,not_established,False,False,False,0.2.0,2,2,0,False,0,ok,https://files.pythonhosted.org/packages/03/17/2cfbde1c9c88c269c581f820abd5a0460cc7b3c9be914ba69788df428c28/ipyvisus-0.1.0-py2.py3-none-any.whl,,history/ipyvisus.json,"[""pypi_name_index"", ""repository_package_declaration""]",
ipyvolume,IPython widget for rendering 3d volumes,https://pypi.org/project/ipyvolume/,"[""widgetti/ipyvolume""]","[""widgetti/ipyvolume""]",True,custom_widget_candidate,source_supported_candidate,False,True,"[""traditional_custom_widget""]","[""traditional_custom_widget""]",2017-01-21T08:14:08.616160Z,2017-01-21T08:14:08.616160Z,0.0.5,,,,,,,True,"[""traditional_custom_widget""]",False,not_established,False,False,False,0.6.3,53,2,4,False,0,ok,https://files.pythonhosted.org/packages/48/6b/7ed077d6fb1fdfb93102a0b9a58bea9c2714935588b2ec4b275b5888a908/ipyvolume-0.0.5.tar.gz,,history/ipyvolume.json,"[""deps_dev_direct_sample"", ""pypi_name_index""]",
ipyvue,Jupyter widgets base for Vue libraries,https://pypi.org/project/ipyvue/,"[""widgetti/ipyvue""]","[""widgetti/ipyvue""]",True,custom_widget_candidate,source_supported_candidate,True,True,"[""traditional_custom_widget""]","[""traditional_custom_widget""]",2019-08-11T10:39:20.830518Z,2019-08-11T10:39:20.830518Z,0.1.0,,,,,,,True,"[""traditional_custom_widget""]",False,not_established,False,False,False,3.0.0,40,2,21,False,0,ok,https://files.pythonhosted.org/packages/98/46/eb96efd18ef22111c0aacf245b5e6c726398f266524279502ce4391321b7/ipyvue-0.1.0.tar.gz,,history/ipyvue.json,"[""deps_dev_direct_sample"", ""deps_dev_repo_mapping"", ""pypi_name_index""]",
ipyvue-async,Asynchronous communication channels between Vue components in Jupyter and Python,https://pypi.org/project/ipyvue-async/,"[""flatsurf/ipyvue-async""]",[],False,custom_widget_candidate,source_supported_candidate,False,True,"[""traditional_custom_widget""]","[""traditional_custom_widget""]",2021-10-30T23:43:16.768246Z,2021-10-30T23:43:16.768246Z,0.1.0,,,,,,,True,"[""traditional_custom_widget""]",False,not_established,False,False,False,0.1.1,2,2,0,False,0,ok,https://files.pythonhosted.org/packages/6c/8b/b1eccc2ccf13dad4f0843dc0788019d0acc906149510a2a721f240121f3f/ipyvue_async-0.1.0-py2.py3-none-any.whl,,history/ipyvue-async.json,"[""pypi_name_index""]",
ipyvue-remote-component,Load Vue.js Packages at Runtime in Jupyter Notebooks and JupyterLab,https://pypi.org/project/ipyvue-remote-component/,"[""saraedum/ipyvue-remote-component""]","[""saraedum/ipyvue-remote-component""]",True,custom_widget_candidate,source_supported_candidate,True,True,"[""traditional_custom_widget""]","[""traditional_custom_widget""]",2021-02-16T02:12:46.051904Z,2021-02-16T02:12:46.051904Z,1.0.0,,,,,,,True,"[""traditional_custom_widget""]",False,not_established,False,False,False,1.1.1,5,2,0,False,0,ok,https://files.pythonhosted.org/packages/b2/b7/ae63ebcb3190077f3519d3adbc10420cd27264b76fa0727e07ff90d734e9/ipyvue_remote_component-1.0.0.tar.gz,,history/ipyvue-remote-component.json,"[""deps_dev_repo_mapping"", ""pypi_name_index""]",
ipyvue-time-series,Real-Time Plots in Jupyter Notebooks and JupyterLab,https://pypi.org/project/ipyvue-time-series/,"[""saraedum/ipyvue-time-series""]","[""saraedum/ipyvue-time-series""]",True,custom_widget_candidate,source_supported_candidate,True,True,"[""traditional_custom_widget""]","[""traditional_custom_widget""]",2021-03-09T01:47:29.650796Z,2021-03-09T01:47:29.650796Z,1.0.0,,,,,,,True,"[""traditional_custom_widget""]",False,not_established,False,False,False,1.0.2,3,2,0,False,0,ok,https://files.pythonhosted.org/packages/c0/e9/7ed18f281219228c1a09178d2043ca733e050a4ccc00a60035ecb7e20fb7/ipyvue_time_series-1.0.0-py2.py3-none-any.whl,,history/ipyvue-time-series.json,"[""deps_dev_repo_mapping"", ""pypi_name_index""]",
ipyvuetify,Jupyter widgets based on vuetify UI components,https://pypi.org/project/ipyvuetify/,"[""widgetti/ipyvuetify""]","[""widgetti/ipyvuetify""]",True,custom_widget_candidate,source_supported_candidate,True,True,"[""traditional_custom_widget""]","[""traditional_custom_widget""]",2019-04-10T12:44:14.050978Z,2019-04-10T12:44:14.050978Z,0.0.1a3,,,,,,,True,"[""traditional_custom_widget""]",False,not_established,False,False,False,3.0.0,73,2,24,False,0,ok,https://files.pythonhosted.org/packages/22/2e/0d11bac3449b379039606adbbaddaab3bcc17d6b9242865affbba0fea533/ipyvuetify-0.0.1a3.tar.gz,,history/ipyvuetify.json,"[""deps_dev_repo_mapping"", ""pypi_name_index""]",
ipywe,ipywidgets extensions,https://pypi.org/project/ipywe/,"[""scikit-beam/ipywe""]","[""scikit-beam/ipywe""]",True,custom_widget_candidate,source_supported_candidate,False,True,"[""traditional_custom_widget""]","[""traditional_custom_widget""]",2017-07-18T20:14:06.370280Z,2017-07-18T20:14:06.370280Z,0.1.1a0,,,,,,,True,"[""traditional_custom_widget""]",False,not_established,False,False,False,0.1.3a1,3,2,0,False,0,ok,https://files.pythonhosted.org/packages/db/9e/448e699ff8adce467823cf6010540279dad4bfdfea47f8e0ba3599dd7d57/ipywe-0.1.1a0.tar.gz,,history/ipywe.json,"[""pypi_name_index""]",
ipywebcam,A Custom Jupyter Widget Library for Web Camera using WebRTC,https://pypi.org/project/ipywebcam/,"[""vipcxj/ipywebcam""]",[],False,custom_widget_candidate,source_supported_candidate,False,True,"[""traditional_custom_widget""]","[""traditional_custom_widget""]",2023-01-12T03:38:49.480856Z,2023-01-12T09:30:12.939505Z,0.1.2.dev1,,,,,,,False,[],False,not_established,False,False,False,0.1.16,19,5,19,False,0,ok,https://files.pythonhosted.org/packages/9c/cb/991041b00aa803a00ddc70ff26be295eafca4e65e7662e2491eb43916fa0/ipywebcam-0.1.2.dev1-py3-none-any.whl,,history/ipywebcam.json,"[""pypi_name_index""]",
ipywebgl,WebGL2 jupyter widget,https://pypi.org/project/ipywebgl/,"[""jeromeeippers/ipywebgl""]","[""JeromeEippers/ipywebgl""]",True,custom_widget_candidate,source_supported_candidate,True,True,"[""traditional_custom_widget""]","[""traditional_custom_widget""]",2023-03-08T16:50:16.564655Z,2023-03-08T16:50:16.564655Z,0.1.0,,,,,,,True,"[""traditional_custom_widget""]",False,not_established,False,False,False,0.4.0,8,2,8,False,0,ok,https://files.pythonhosted.org/packages/af/c5/84254f5f20f7e080ce394ec5ea997821f6585ca8525a0029f671dd145411/ipywebgl-0.1.0-py3-none-any.whl,,history/ipywebgl.json,"[""deps_dev_repo_mapping"", ""pypi_name_index""]",
ipywebrtc,WebRTC for Jupyter notebook/lab,https://pypi.org/project/ipywebrtc/,"[""maartenbreddels/ipywebrtc""]","[""maartenbreddels/ipywebrtc""]",True,custom_widget_candidate,source_supported_candidate,True,True,"[""traditional_custom_widget""]","[""traditional_custom_widget""]",2017-08-10T19:04:43.122906Z,2017-08-10T19:04:43.122906Z,0.1.0,,,,,,,True,"[""traditional_custom_widget""]",False,not_established,False,False,False,0.6.0,13,2,0,False,0,ok,https://files.pythonhosted.org/packages/7d/f0/03cb9e35d49dae3ee81d137da3a5b88ec7d4030386a07de04ce9b9c28a29/ipywebrtc-0.1.0.tar.gz,,history/ipywebrtc.json,"[""deps_dev_repo_mapping"", ""pypi_name_index""]",
ipywidget-pivot-table,This is a jupyter widget (or ipywidget) wrapping the very convenient pivotTable.js library.,https://pypi.org/project/ipywidget-pivot-table/,"[""pierremarion23/ipypivot""]","[""PierreMarion23/ipypivot""]",True,custom_widget_candidate,source_supported_candidate,False,True,"[""traditional_custom_widget""]","[""traditional_custom_widget""]",2018-01-05T18:30:46.913824Z,2018-01-05T18:30:46.913824Z,0.1.0a0,,,,,,,True,"[""traditional_custom_widget""]",False,not_established,False,False,False,0.1.4,5,2,0,False,0,ok,https://files.pythonhosted.org/packages/34/65/e23eb6306acf4241e80fb39fb6a0d6bd344149f55596429be446eefe342b/ipywidget_pivot_table-0.1.0a0.tar.gz,,history/ipywidget-pivot-table.json,"[""pypi_name_index""]",
ipywidgethello,Hello world for widgets!,https://pypi.org/project/ipywidgethello/,"[""vidartf/ipywidgethello""]",[],False,custom_widget_candidate,source_supported_candidate,False,True,"[""traditional_custom_widget""]","[""traditional_custom_widget""]",2018-01-24T19:46:57.952532Z,2018-01-24T19:46:57.952532Z,0.2.0,,,,,,,True,"[""traditional_custom_widget""]",False,not_established,False,False,False,0.2.3,4,2,0,False,0,ok,https://files.pythonhosted.org/packages/5e/cc/12bc17fee5e273c982c9c7ccb96c2a9b1f1939ac02100cccf9b369ad3a3c/ipywidgethello-0.2.0-py2.py3-none-any.whl,,history/ipywidgethello.json,"[""pypi_name_index""]",
ipywidgets-extended,Extensions to the Jupyter Widgets in the `ipywidgets` package.,https://pypi.org/project/ipywidgets-extended/,"[""casperwa/ipywidgets-extended""]",[],False,custom_widget_candidate,source_supported_candidate,False,True,"[""traditional_custom_widget""]","[""traditional_custom_widget""]",2020-11-18T23:17:30.461218Z,2020-11-18T23:17:30.461218Z,1.0.0,,,,,,,True,"[""traditional_custom_widget""]",False,not_established,False,False,False,1.2.1,10,2,0,False,0,ok,https://files.pythonhosted.org/packages/45/45/ba94b35d660c0d2a7c748bf422730252479a8b51acf9bcefd1f746967f97/ipywidgets-extended-1.0.0.tar.gz,,history/ipywidgets-extended.json,"[""deps_dev_direct_sample"", ""pypi_name_index""]",
ipywidgetvar,vars between python and js,https://pypi.org/project/ipywidgetvar/,"[""gbrault/ipywidgetvar""]",[],False,custom_widget_candidate,source_supported_candidate,True,True,"[""traditional_custom_widget""]","[""traditional_custom_widget""]",2022-08-01T12:56:28.293288Z,2022-08-01T13:10:11.053854Z,0.1.0a0,,,,,,,True,"[""traditional_custom_widget""]",False,not_established,False,False,False,0.1.14a0,15,2,0,False,0,ok,https://files.pythonhosted.org/packages/ad/81/144de8177fa915018ae7d22bdf50e7e400d168a4573903115e98ca61cbdc/ipywidgetvar-0.1.0a0-py2.py3-none-any.whl,,history/ipywidgetvar.json,"[""pypi_name_index""]",
ipyx,A Jupyter widget library for reactive variables,https://pypi.org/project/ipyx/,"[""davidbrochart/ipyx""]","[""davidbrochart/ipyx""]",True,custom_widget_candidate,source_supported_candidate,True,True,"[""traditional_custom_widget""]","[""traditional_custom_widget""]",2021-05-21T11:46:41.022045Z,2021-05-21T11:46:41.022045Z,0.1.0,,,,,,,True,"[""traditional_custom_widget""]",False,not_established,False,False,False,0.1.8,9,2,0,False,0,ok,https://files.pythonhosted.org/packages/0b/49/bfb6d7a7c874870cd742d251449ebe0e13b3f106b3b699890d8e18731288/ipyx-0.1.0-py2.py3-none-any.whl,,history/ipyx.json,"[""deps_dev_repo_mapping"", ""pypi_name_index""]",
ipyxturtle,A Jupyter Widget Library to simulate Logo language in python environment,https://pypi.org/project/ipyxturtle/,[],[],False,custom_widget_candidate,source_supported_candidate,False,True,"[""traditional_custom_widget""]","[""traditional_custom_widget""]",2023-01-20T10:56:58.149183Z,2023-01-20T10:56:58.149183Z,0.1.0a0,,,,,,,True,"[""traditional_custom_widget""]",False,not_established,False,False,False,0.1.0a0,1,1,1,False,0,ok,https://files.pythonhosted.org/packages/5c/47/cc3a7efb530aae6be1fc4cea8fe579d9498f33e2a1114cfa5e581e78ddeb/ipyxturtle-0.1.0a0-py2.py3-none-any.whl,,history/ipyxturtle.json,"[""pypi_name_index""]",
itables,Python DataFrames as interactive DataTables,https://pypi.org/project/itables/,"[""mwouts/itables""]","[""mwouts/itables""]",True,custom_widget_candidate,source_supported_candidate,True,True,"[""anywidget""]","[""anywidget""]",2019-04-22T23:49:01.717457Z,2024-09-22T13:49:42.531573Z,2.2.0,2024-09-22T13:49:42.531573Z,2.2.0,False,2024-09-22T13:49:42.531573Z,2.2.0,2024-09-22T13:49:42.531573Z,False,[],False,not_established,False,False,False,2.9.1,94,34,73,False,0,ok,https://files.pythonhosted.org/packages/3d/8b/1d196b18ce881fd9086eb8b0178e6ce232e7cb5d15667c944ddfe4a9f343/itables-2.2.0-py3-none-any.whl,https://files.pythonhosted.org/packages/3d/8b/1d196b18ce881fd9086eb8b0178e6ce232e7cb5d15667c944ddfe4a9f343/itables-2.2.0-py3-none-any.whl,history/itables.json,"[""deps_dev_repo_mapping""]",
itkwidgets,"Interactive Jupyter widgets to visualize images, point sets, and meshes in 2D and 3D",https://pypi.org/project/itkwidgets/,"[""insightsoftwareconsortium/itkwidgets""]","[""InsightSoftwareConsortium/itk-jupyter-widgets""]",True,custom_widget_candidate,source_supported_candidate,True,True,[],"[""traditional_custom_widget""]",2018-02-14T19:07:12.740654Z,2018-02-14T19:12:19.470569Z,0.1.0,,,,,,,True,"[""traditional_custom_widget""]",False,not_established,False,False,False,0.32.6,124,2,41,False,0,ok,https://files.pythonhosted.org/packages/ae/eb/8d78c6b3e0e7afc60586b797ae525493aab5cc44fb3764f8c6b72c3b8ca6/itkwidgets-0.1.0-py2.py3-none-any.whl,,history/itkwidgets.json,"[""deps_dev_direct_sample"", ""deps_dev_repo_mapping"", ""pypi_name_index""]",
iturtle,A Custom Jupyter Widget Library,https://pypi.org/project/iturtle/,"[""datarho/iturtle""]","[""datarho/iturtle""]",True,custom_widget_candidate,source_supported_candidate,True,True,"[""traditional_custom_widget""]","[""traditional_custom_widget""]",2023-06-01T12:36:52.377568Z,2023-06-01T12:36:52.377568Z,0.1.2,,,,,,,True,"[""traditional_custom_widget""]",False,not_established,False,False,False,1.0.16,33,2,33,False,0,ok,https://files.pythonhosted.org/packages/ec/50/f820a9075987e104350203e5a15ddd42c5d71bf004f86e21d619004d9726/iturtle-0.1.2-py2.py3-none-any.whl,,history/iturtle.json,"[""deps_dev_repo_mapping""]",
jbar,,https://pypi.org/project/jbar/,"[""jakobtroidl/jbar""]","[""jakobtroidl/jbar""]",True,custom_widget_candidate,source_supported_candidate,True,True,"[""anywidget""]","[""anywidget""]",2024-04-08T22:06:49.339077Z,2024-04-08T22:06:49.339077Z,0.1.0,2024-04-08T22:06:49.339077Z,0.1.0,False,2024-04-08T22:06:49.339077Z,0.1.0,2024-04-08T22:06:49.339077Z,True,"[""anywidget""]",False,not_established,False,False,False,0.1.6,7,2,7,False,0,ok,https://files.pythonhosted.org/packages/86/37/dd78442a265a8cf61f2e65f528b171ee11b49699fa2e76cd8afbe1f1cf5c/jbar-0.1.0-py3-none-any.whl,https://files.pythonhosted.org/packages/86/37/dd78442a265a8cf61f2e65f528b171ee11b49699fa2e76cd8afbe1f1cf5c/jbar-0.1.0-py3-none-any.whl,history/jbar.json,"[""deps_dev_direct_sample"", ""repository_package_declaration""]",
jp-proxy-widget,Generic Jupyter/IPython widget implementation that will support many types of javascript libraries and interactions.,https://pypi.org/project/jp-proxy-widget/,"[""aaronwatters/jp_proxy_widget""]","[""AaronWatters/jp_proxy_widget""]",True,custom_widget_candidate,source_supported_candidate,True,True,"[""traditional_custom_widget""]","[""traditional_custom_widget""]",2018-06-07T14:29:06.134235Z,2018-06-15T15:41:47.362446Z,0.3.2b0,,,,,,,False,[],False,not_established,False,False,False,1.0.10,17,5,0,False,0,ok,https://files.pythonhosted.org/packages/02/23/299fc45bdf20c87b510962d38a9ded4760b75be825eb04ebb6428d64edde/jp_proxy_widget-0.3.2b0-py2.py3-none-any.whl,,history/jp-proxy-widget.json,"[""deps_dev_direct_sample"", ""deps_dev_repo_mapping"", ""pypi_name_index""]",
jppype,JupyterLab extension adding data visualisation widgets.,https://pypi.org/project/jppype/,"[""gabriel-lepetitaimon/jppype""]",[],False,custom_widget_candidate,source_supported_candidate,False,True,"[""traditional_custom_widget""]","[""traditional_custom_widget""]",2023-05-18T17:36:44.206002Z,2023-05-18T17:36:44.206002Z,0.1.0,,,,,,,True,"[""traditional_custom_widget""]",False,not_established,False,False,False,0.1.1.1,10,2,10,False,0,ok,https://files.pythonhosted.org/packages/84/00/b8216464b9cb4956f6f8de7a717938b9d490517dac663eadc20c0d86771d/jppype-0.1.0-py3-none-any.whl,,history/jppype.json,"[""deps_dev_direct_sample""]",
jpy-video,A Jupyter HTML5 Video Player Widget,https://pypi.org/project/jpy-video/,"[""who8mylunch/jupyter_video_widget""]","[""Who8MyLunch/Jupyter_Video_Widget""]",True,custom_widget_candidate,source_supported_candidate,True,True,"[""traditional_custom_widget""]","[""traditional_custom_widget""]",2018-04-09T01:01:22.093256Z,2018-04-09T01:01:22.093256Z,0.4.0.dev1,,,,,,,True,"[""traditional_custom_widget""]",False,not_established,False,False,False,0.4.0.dev1,1,1,0,False,0,ok,https://files.pythonhosted.org/packages/23/b7/1d21e48b7365293dfae0f7a177dccdbefde04226feb1a4a612e8c5461937/jpy_video-0.4.0.dev1-py2.py3-none-any.whl,,history/jpy-video.json,"[""deps_dev_repo_mapping""]",
jscaffold,Jupyter Scaffold,https://pypi.org/project/jscaffold/,"[""benlau/jscaffold""]",[],False,custom_widget_candidate,source_supported_candidate,True,True,"[""anywidget""]","[""anywidget""]",2024-11-19T15:54:30.427917Z,2024-11-19T15:54:30.427917Z,0.0.1,2024-11-19T15:54:30.427917Z,0.0.1,False,2024-11-19T15:54:30.427917Z,0.0.1,2024-11-19T15:54:30.427917Z,True,"[""anywidget""]",False,not_established,False,False,False,0.0.1,1,1,1,False,0,ok,https://files.pythonhosted.org/packages/80/d4/c8d56840de6a2e69c2a39f28d960823f0dddaaffb896d661a8a2c7c41d79/jscaffold-0.0.1-py2.py3-none-any.whl,https://files.pythonhosted.org/packages/80/d4/c8d56840de6a2e69c2a39f28d960823f0dddaaffb896d661a8a2c7c41d79/jscaffold-0.0.1-py2.py3-none-any.whl,history/jscaffold.json,"[""deps_dev_repo_mapping""]",
json-view-anywidget,Interactive JSON viewer widget for Jupyter notebooks using React JSON View,https://pypi.org/project/json-view-anywidget/,"[""bigeagle/anywidget-react-json-view""]",[],False,custom_widget_candidate,source_supported_candidate,False,True,"[""anywidget""]","[""anywidget""]",2025-10-21T11:03:44.082092Z,2025-10-21T11:03:44.082092Z,0.1.0,2025-10-21T11:03:44.082092Z,0.1.0,False,2025-10-21T11:03:44.082092Z,0.1.0,2025-10-21T11:03:44.082092Z,True,"[""anywidget""]",False,not_established,True,True,True,0.1.1,2,2,2,False,0,ok,https://files.pythonhosted.org/packages/dc/0e/427cb3ef462dfbe9bf4f8bea306feab0256e6cccc6b65adc3ec561cd84e3/json_view_anywidget-0.1.0-py3-none-any.whl,https://files.pythonhosted.org/packages/dc/0e/427cb3ef462dfbe9bf4f8bea306feab0256e6cccc6b65adc3ec561cd84e3/json_view_anywidget-0.1.0-py3-none-any.whl,history/json-view-anywidget.json,"[""pypi_name_index""]",
jswidget,A lightweight anywidget-based IPython widget that renders arbitrary JavaScript inside Jupyter notebooks,https://pypi.org/project/jswidget/,"[""dannyruijters/jswidget""]",[],False,custom_widget_candidate,source_supported_candidate,False,True,"[""anywidget""]","[""anywidget""]",2026-07-07T12:35:43.483152Z,2026-07-07T12:35:43.483152Z,0.1.0,2026-07-07T12:35:43.483152Z,0.1.0,False,2026-07-07T12:35:43.483152Z,0.1.0,2026-07-07T12:35:43.483152Z,True,"[""anywidget""]",False,not_established,True,True,True,0.1.1,2,2,2,False,0,ok,https://files.pythonhosted.org/packages/c5/51/8c371ec0ac5be9da2b7ada756df0c41cb7fc5cff5e42e74c4e59b6e632e8/jswidget-0.1.0-py3-none-any.whl,https://files.pythonhosted.org/packages/c5/51/8c371ec0ac5be9da2b7ada756df0c41cb7fc5cff5e42e74c4e59b6e632e8/jswidget-0.1.0-py3-none-any.whl,history/jswidget.json,"[""pypi_name_index""]",
jupikchr,"pikchr text-based diagrams for JupyterLab, etc.",https://pypi.org/project/jupikchr/,"[""deathbeds/jupikchr""]","[""deathbeds/jupikchr""]",True,custom_widget_candidate,source_supported_candidate,True,True,"[""traditional_custom_widget""]","[""traditional_custom_widget""]",2022-11-29T15:27:01.998709Z,2022-11-29T15:27:01.998709Z,0.1.0,,,,,,,True,"[""traditional_custom_widget""]",False,not_established,False,False,False,0.2.0,2,2,2,False,0,ok,https://files.pythonhosted.org/packages/1c/08/6f5cac2a7127769621d1ea5eca316d7ed681bd11cca4c6e14078a50e7cca/jupikchr-0.1.0-py3-none-any.whl,,history/jupikchr.json,"[""deps_dev_repo_mapping""]",
jupysql-plugin,Jupyterlab extension for JupySQL,https://pypi.org/project/jupysql-plugin/,"[""ploomber/jupysql-plugin"", ""ploomber/jupysql-plugin.git""]","[""ploomber/jupysql-plugin""]",True,custom_widget_candidate,source_supported_candidate,True,True,"[""traditional_custom_widget""]","[""traditional_custom_widget""]",2023-03-29T22:47:45.071972Z,2023-06-20T19:01:02.657657Z,0.1.5,,,,,,,False,[],False,not_established,False,False,False,0.4.5,25,7,25,False,0,ok,https://files.pythonhosted.org/packages/1b/68/135fdeb78bf3195e70d4bfdad0348c211437578e9c81466dcbd3ad5acb54/jupysql_plugin-0.1.5-py3-none-any.whl,,history/jupysql-plugin.json,"[""deps_dev_repo_mapping""]",
jupyter-aas-timeseries,Jupyter Widget for the AAS Time Series project,https://pypi.org/project/jupyter-aas-timeseries/,"[""aperiosoftware/jupyter-aas-timeseries""]","[""aperiosoftware/jupyter-aas-timeseries""]",True,custom_widget_candidate,source_supported_candidate,True,True,"[""traditional_custom_widget""]","[""traditional_custom_widget""]",2019-01-21T17:14:01.406074Z,2019-01-21T17:14:01.406074Z,0.1.1,,,,,,,True,"[""traditional_custom_widget""]",False,not_established,False,False,False,0.1.7,6,2,0,False,0,ok,https://files.pythonhosted.org/packages/9f/33/7f94b2c2bcdddf56a620db71cc6353ec5f1b4272ea714cd1a36e9287a520/jupyter_aas_timeseries-0.1.1-py2.py3-none-any.whl,,history/jupyter-aas-timeseries.json,"[""deps_dev_repo_mapping""]",
jupyter-analysis-extension,A Jupyter Extension for Data Analysis,https://pypi.org/project/jupyter-analysis-extension/,"[""kyoungjunpark/ipywidget_statistics""]",[],False,custom_widget_candidate,source_supported_candidate,False,True,"[""traditional_custom_widget""]","[""traditional_custom_widget""]",2021-07-15T06:33:15.260419Z,2021-07-15T06:33:15.260419Z,1.1.1,,,,,,,True,"[""traditional_custom_widget""]",False,not_established,False,False,False,1.1.5,5,2,0,False,0,ok,https://files.pythonhosted.org/packages/99/68/f5e70a17da1332d7b6d5965becc7f117ae4031349263fe2068cf60510cd9/jupyter_analysis_extension-1.1.1-py3-none-any.whl,,history/jupyter-analysis-extension.json,"[""deps_dev_direct_sample""]",
jupyter-anywidget-graphviz,,https://pypi.org/project/jupyter-anywidget-graphviz/,"[""innovationoutside/jupyter_anywidget_graphviz""]","[""innovationOUtside/jupyter_anywidget_graphviz""]",True,custom_widget_candidate,source_supported_candidate,True,True,"[""anywidget""]","[""anywidget""]",2024-08-14T12:15:16.599358Z,2024-08-14T12:15:16.599358Z,0.0.0,2024-08-14T12:15:16.599358Z,0.0.0,False,2024-08-14T12:15:16.599358Z,0.0.0,2024-08-14T12:15:16.599358Z,True,"[""anywidget""]",False,not_established,False,False,False,0.1.8,10,2,10,False,0,ok,https://files.pythonhosted.org/packages/61/e7/45826978212a91bde283da4b2971fd2ca7dc9b7848773580f7ba41934a17/jupyter_anywidget_graphviz-0.0.0-py2.py3-none-any.whl,https://files.pythonhosted.org/packages/61/e7/45826978212a91bde283da4b2971fd2ca7dc9b7848773580f7ba41934a17/jupyter_anywidget_graphviz-0.0.0-py2.py3-none-any.whl,history/jupyter-anywidget-graphviz.json,"[""pypi_name_index"", ""repository_package_declaration""]",
jupyter-anywidget-pandoc,Jupyter anywidget for sideloading pandoc wasm,https://pypi.org/project/jupyter-anywidget-pandoc/,"[""innovationoutside/jupyter_anywidget_pandoc""]","[""innovationOUtside/jupyter_anywidget_pandoc""]",True,custom_widget_candidate,source_supported_candidate,True,True,"[""anywidget""]","[""anywidget""]",2024-11-11T17:33:50.886397Z,2024-11-11T17:33:50.886397Z,0.0.1,2024-11-11T17:33:50.886397Z,0.0.1,False,2024-11-11T17:33:50.886397Z,0.0.1,2024-11-11T17:33:50.886397Z,True,"[""anywidget""]",False,not_established,False,False,False,0.0.5,5,2,5,False,0,ok,https://files.pythonhosted.org/packages/fc/8e/6560426501cce33b80611323f5f70bb0cc55f4e9763effdaf605036929d2/jupyter_anywidget_pandoc-0.0.1-py2.py3-none-any.whl,https://files.pythonhosted.org/packages/fc/8e/6560426501cce33b80611323f5f70bb0cc55f4e9763effdaf605036929d2/jupyter_anywidget_pandoc-0.0.1-py2.py3-none-any.whl,history/jupyter-anywidget-pandoc.json,"[""pypi_name_index"", ""repository_package_declaration""]",
jupyter-anywidget-pglite,,https://pypi.org/project/jupyter-anywidget-pglite/,"[""innovationoutside/jupyter_anywidget_pglite""]","[""innovationOUtside/jupyter_anywidget_pglite""]",True,custom_widget_candidate,source_supported_candidate,True,True,"[""anywidget""]","[""anywidget""]",2024-08-08T12:54:40.042878Z,2024-08-08T12:54:40.042878Z,0.0.1,2024-08-08T12:54:40.042878Z,0.0.1,False,2024-08-08T12:54:40.042878Z,0.0.1,2024-08-08T12:54:40.042878Z,True,"[""anywidget""]",False,not_established,False,False,False,0.1.17,23,2,23,False,0,ok,https://files.pythonhosted.org/packages/bc/46/1708df281597935c598a73651e5453ae7d3ae49f19a7928d4f7b8d7eb23c/jupyter_anywidget_pglite-0.0.1-py2.py3-none-any.whl,https://files.pythonhosted.org/packages/bc/46/1708df281597935c598a73651e5453ae7d3ae49f19a7928d4f7b8d7eb23c/jupyter_anywidget_pglite-0.0.1-py2.py3-none-any.whl,history/jupyter-anywidget-pglite.json,"[""deps_dev_direct_sample"", ""deps_dev_repo_mapping"", ""pypi_name_index""]",
jupyter-anywidget-tesseract-pdfjs,,https://pypi.org/project/jupyter-anywidget-tesseract-pdfjs/,"[""innovationoutside/jupyter_anywidget_tesseract_pdfjs""]","[""innovationOUtside/jupyter_anywidget_tesseract_pdfjs""]",True,custom_widget_candidate,source_supported_candidate,True,True,"[""anywidget""]","[""anywidget""]",2024-08-12T15:45:34.032125Z,2024-08-12T15:45:34.032125Z,0.0.1,2024-08-12T15:45:34.032125Z,0.0.1,False,2024-08-12T15:45:34.032125Z,0.0.1,2024-08-12T15:45:34.032125Z,True,"[""anywidget""]",False,not_established,False,False,False,0.0.8,7,2,7,False,0,ok,https://files.pythonhosted.org/packages/d4/bd/5444f4ae71633ba0b81f6fa131cc138064f8df1ef3ffecb0edf0cbf19c98/jupyter_anywidget_tesseract_pdfjs-0.0.1-py2.py3-none-any.whl,https://files.pythonhosted.org/packages/d4/bd/5444f4ae71633ba0b81f6fa131cc138064f8df1ef3ffecb0edf0cbf19c98/jupyter_anywidget_tesseract_pdfjs-0.0.1-py2.py3-none-any.whl,history/jupyter-anywidget-tesseract-pdfjs.json,"[""deps_dev_repo_mapping"", ""pypi_name_index""]",
jupyter-anywidget-webllm,Jupyter anywidget for sideloading webllm wasm,https://pypi.org/project/jupyter-anywidget-webllm/,[],[],False,custom_widget_candidate,source_supported_candidate,False,True,"[""anywidget""]","[""anywidget""]",2024-12-03T14:17:21.517266Z,2024-12-03T14:17:21.517266Z,0.0.1,2024-12-03T14:17:21.517266Z,0.0.1,False,2024-12-03T14:17:21.517266Z,0.0.1,2024-12-03T14:17:21.517266Z,True,"[""anywidget""]",False,not_established,True,False,True,0.0.1,1,1,1,False,0,ok,https://files.pythonhosted.org/packages/16/de/5a7cba3c0e409092f0fd811cb9786dec2f9e2965072dded5eac9f621bb8f/jupyter_anywidget_webllm-0.0.1-py2.py3-none-any.whl,https://files.pythonhosted.org/packages/16/de/5a7cba3c0e409092f0fd811cb9786dec2f9e2965072dded5eac9f621bb8f/jupyter_anywidget_webllm-0.0.1-py2.py3-none-any.whl,history/jupyter-anywidget-webllm.json,"[""pypi_name_index""]",
jupyter-anywidget-window-ai,,https://pypi.org/project/jupyter-anywidget-window-ai/,"[""innovationoutside/jupyter_anywidget_window_ai""]","[""innovationOUtside/jupyter_anywidget_window_ai""]",True,custom_widget_candidate,source_supported_candidate,True,True,"[""anywidget""]","[""anywidget""]",2024-09-01T14:12:17.273254Z,2024-09-01T14:12:17.273254Z,0.0.2,2024-09-01T14:12:17.273254Z,0.0.2,False,2024-09-01T14:12:17.273254Z,0.0.2,2024-09-01T14:12:17.273254Z,True,"[""anywidget""]",False,not_established,False,False,False,0.0.3,4,2,4,False,0,ok,https://files.pythonhosted.org/packages/38/95/3b96cab61e32a52a54652f91245584efb0b2d154ec4f3279c2086db3b777/jupyter_anywidget_window_ai-0.0.2-py2.py3-none-any.whl,https://files.pythonhosted.org/packages/38/95/3b96cab61e32a52a54652f91245584efb0b2d154ec4f3279c2086db3b777/jupyter_anywidget_window_ai-0.0.2-py2.py3-none-any.whl,history/jupyter-anywidget-window-ai.json,"[""pypi_name_index"", ""repository_package_declaration""]",
jupyter-bbox-widget,A Jupyter widget for annotating images with bounding boxes,https://pypi.org/project/jupyter-bbox-widget/,"[""gereleth/jupyter-bbox-widget"", ""gereleth/jupyter_bbox_widget""]","[""gereleth/jupyter-bbox-widget""]",True,custom_widget_candidate,source_supported_candidate,True,True,"[""anywidget""]","[""anywidget"", ""traditional_custom_widget""]",2021-05-31T05:45:56.898313Z,2021-05-31T05:45:56.898313Z,0.1.0,2024-08-25T13:11:58.447811Z,0.6.0,False,2024-08-25T13:11:58.447811Z,0.6.0,2024-08-25T13:11:58.447811Z,True,"[""traditional_custom_widget""]",True,review_component_continuity,False,False,False,0.7.0,11,4,2,False,0,ok,https://files.pythonhosted.org/packages/e1/d5/60f24684459356553957e72b25fa5f6c1578f1b55451e08e63bf57faf914/jupyter_bbox_widget-0.1.0-py2.py3-none-any.whl,https://files.pythonhosted.org/packages/b4/e4/bfab95d47c97ec1316ca78f11ae02b4bf9d877b16014f4151d6467fbc448/jupyter_bbox_widget-0.6.0-py3-none-any.whl,history/jupyter-bbox-widget.json,"[""deps_dev_direct_sample"", ""deps_dev_repo_mapping"", ""pypi_name_index""]",
jupyter-bokeh,A Jupyter extension for rendering Bokeh content.,https://pypi.org/project/jupyter-bokeh/,"[""bokeh/jupyter_bokeh""]","[""bokeh/jupyter_bokeh""]",True,custom_widget_candidate,source_supported_candidate,True,True,"[""traditional_custom_widget""]","[""traditional_custom_widget""]",2019-11-14T20:43:25.436628Z,2019-11-14T20:43:25.436628Z,1.1.1,,,,,,,True,"[""traditional_custom_widget""]",False,not_established,False,False,False,4.1.0,22,2,8,False,0,ok,https://files.pythonhosted.org/packages/bd/33/fb33544fbeb8622595cf663985037f518d91b5c2628060a07d46af0a486c/jupyter_bokeh-1.1.1.tar.gz,,history/jupyter-bokeh.json,"[""deps_dev_direct_sample"", ""deps_dev_repo_mapping""]",
jupyter-cadquery-widgets,A JupyterLab extension.,https://pypi.org/project/jupyter-cadquery-widgets/,"[""bernhard-42/jupyter-cadquery-widgets""]",[],False,custom_widget_candidate,source_supported_candidate,False,True,"[""traditional_custom_widget""]","[""traditional_custom_widget""]",2021-02-28T11:11:30.979736Z,2021-02-28T11:11:30.979736Z,2.0.0,,,,,,,True,"[""traditional_custom_widget""]",False,not_established,False,False,False,2.0.2,2,2,0,False,0,ok,https://files.pythonhosted.org/packages/c4/b3/da63abdcd75ca7217cf4bf26423a57bfbc94d086e6848d4e621f4fb403fc/jupyter_cadquery_widgets-2.0.0-py3-none-any.whl,,history/jupyter-cadquery-widgets.json,"[""deps_dev_direct_sample"", ""pypi_name_index""]",
jupyter-containds,Companion Jupyter extension for ContainDS,https://pypi.org/project/jupyter-containds/,"[""ideonate/jupyter-containds""]",[],False,custom_widget_candidate,source_supported_candidate,True,True,"[""traditional_custom_widget""]","[""traditional_custom_widget""]",2020-12-18T18:25:31.832133Z,2020-12-18T18:25:31.832133Z,0.2.0.dev0,,,,,,,True,"[""traditional_custom_widget""]",False,not_established,False,False,False,0.2.2,3,2,0,False,0,ok,https://files.pythonhosted.org/packages/70/c6/91373c604eb916634485bbd2a3c929be24ee1d0905e6db142dfed0c2cb15/jupyter_containds-0.2.0.dev0-py2.py3-none-any.whl,,history/jupyter-containds.json,"[""deps_dev_direct_sample""]",
jupyter-drawing-pad,This is a jupyter widget (or ipywidget) consisting in a drawing pad.,https://pypi.org/project/jupyter-drawing-pad/,"[""ocoudray/jupyter-drawing-pad""]","[""ocoudray/jupyter-drawing-pad""]",True,custom_widget_candidate,source_supported_candidate,True,True,"[""traditional_custom_widget""]","[""traditional_custom_widget""]",2018-01-06T12:38:03.043822Z,2018-01-06T12:38:03.043822Z,0.1.0a0,,,,,,,True,"[""traditional_custom_widget""]",False,not_established,False,False,False,0.1.6,8,2,0,False,0,ok,https://files.pythonhosted.org/packages/b9/8d/9ea5fb24c4be00ca0b83213518ea4d8eb30902c05a18805a4374159130fa/jupyter_drawing_pad-0.1.0a0.tar.gz,,history/jupyter-drawing-pad.json,"[""deps_dev_repo_mapping""]",
jupyter-fdc3-widgets,A Custom Jupyter Widget Library,https://pypi.org/project/jupyter-fdc3-widgets/,"[""finos-labs/jupyter_finos_widgets""]",[],False,custom_widget_candidate,source_supported_candidate,False,True,"[""traditional_custom_widget""]","[""traditional_custom_widget""]",2023-06-29T03:09:48.832056Z,2023-06-29T03:09:48.832056Z,0.1.0.dev0,,,,,,,True,"[""traditional_custom_widget""]",False,not_established,False,False,False,0.1.0,2,2,2,False,0,ok,https://files.pythonhosted.org/packages/77/17/03b9ef69f4e3d86dc9b84a4dfa9c277671107157fd780d3b7ef556914caf/jupyter_fdc3_widgets-0.1.0.dev0-py3-none-any.whl,,history/jupyter-fdc3-widgets.json,"[""pypi_name_index""]",
jupyter-formily,"Integrates fomily to jupyter notebook, which base on anywidget",https://pypi.org/project/jupyter-formily/,"[""ikkem-lin/jupyter-formily""]","[""IKKEM-Lin/jupyter-formily""]",True,custom_widget_candidate,source_supported_candidate,True,True,"[""anywidget""]","[""anywidget""]",2023-10-26T02:09:12.397235Z,2023-10-26T02:09:12.397235Z,0.0.2,2023-10-26T02:09:12.397235Z,0.0.2,False,2023-10-26T02:09:12.397235Z,0.0.2,2023-10-26T02:09:12.397235Z,True,"[""anywidget""]",False,not_established,False,False,False,0.0.7,6,2,6,False,0,ok,https://files.pythonhosted.org/packages/eb/41/7588a44921b9b198140c1726404ebbc6c3de250c67080a5242c5d2f95fd5/jupyter_formily-0.0.2-py3-none-any.whl,https://files.pythonhosted.org/packages/eb/41/7588a44921b9b198140c1726404ebbc6c3de250c67080a5242c5d2f95fd5/jupyter_formily-0.0.2-py3-none-any.whl,history/jupyter-formily.json,"[""deps_dev_direct_sample"", ""repository_package_declaration""]",
jupyter-host-file-picker,File picker widget for the host filesystem in Jupyter.,https://pypi.org/project/jupyter-host-file-picker/,"[""jl-wynen/jupyter-host-file-picker""]",[],False,custom_widget_candidate,source_supported_candidate,False,True,"[""anywidget""]","[""anywidget""]",2026-02-02T12:27:54.008621Z,2026-02-02T12:27:54.008621Z,0.0.0,2026-02-02T12:27:54.008621Z,0.0.0,False,2026-02-02T12:27:54.008621Z,0.0.0,2026-02-02T12:27:54.008621Z,True,"[""anywidget""]",False,not_established,True,True,True,26.7.0,4,2,4,False,0,ok,https://files.pythonhosted.org/packages/37/50/a31422a5b23bb201fd5d2101d5e4b68a3de24297ff42c02f2ba675e37c4c/jupyter_host_file_picker-0.0.0-py3-none-any.whl,https://files.pythonhosted.org/packages/37/50/a31422a5b23bb201fd5d2101d5e4b68a3de24297ff42c02f2ba675e37c4c/jupyter_host_file_picker-0.0.0-py3-none-any.whl,history/jupyter-host-file-picker.json,"[""deps_dev_direct_sample""]",
jupyter-interval-widget,Jupyter Interval Widget,https://pypi.org/project/jupyter-interval-widget/,"[""srizzo/jupyter-interval-widget""]","[""srizzo/jupyter-interval-widget""]",True,custom_widget_candidate,source_supported_candidate,True,True,"[""traditional_custom_widget""]","[""traditional_custom_widget""]",2019-06-26T21:26:14.603869Z,2019-06-26T21:27:13.800103Z,0.1.0,,,,,,,True,"[""traditional_custom_widget""]",False,not_established,False,False,False,0.1.1,2,2,0,False,0,ok,https://files.pythonhosted.org/packages/9e/81/406bd233f26ea6a49be0d8cba01155e6900f2386444490d47e0479a6e31b/jupyter_interval_widget-0.1.0-py2.py3-none-any.whl,,history/jupyter-interval-widget.json,"[""deps_dev_repo_mapping"", ""pypi_name_index""]",
jupyter-jsmol,JSmol viewer widget for Jupyter,https://pypi.org/project/jupyter-jsmol/,"[""fekad/jupyter-jsmol""]","[""fekad/jupyter-jsmol""]",True,custom_widget_candidate,source_supported_candidate,True,True,"[""traditional_custom_widget""]","[""traditional_custom_widget""]",2020-05-07T21:03:20.002582Z,2020-05-07T21:03:20.002582Z,0.1.0,,,,,,,True,"[""traditional_custom_widget""]",False,not_established,False,False,False,2022.1.0,14,2,0,False,0,ok,https://files.pythonhosted.org/packages/be/54/f5a75228adbdd0593742d45d01c04ae0839ec9c76cfc1576a9d50c643256/jupyter_jsmol-0.1.0-py3-none-any.whl,,history/jupyter-jsmol.json,"[""deps_dev_repo_mapping""]",
jupyter-locuszoom,Jupyter Widget for LocusZoom,https://pypi.org/project/jupyter-locuszoom/,"[""krassowski/jupyter-locuszoom""]","[""krassowski/jupyter-locuszoom""]",True,custom_widget_candidate,source_supported_candidate,True,True,"[""traditional_custom_widget""]","[""traditional_custom_widget""]",2023-06-29T15:13:40.611008Z,2023-06-29T15:13:40.611008Z,0.1.0.dev0,,,,,,,True,"[""traditional_custom_widget""]",False,not_established,False,False,False,0.1.1.dev0,2,2,2,False,0,ok,https://files.pythonhosted.org/packages/ea/0c/47e2bde2fdcb111a803899fb62611bcd330debc5386a3222b83225f06a30/jupyter_locuszoom-0.1.0.dev0-py3-none-any.whl,,history/jupyter-locuszoom.json,"[""deps_dev_repo_mapping""]",
jupyter-loopback,Make kernel-local HTTP/WS servers reachable from the notebook browser with zero user config.,https://pypi.org/project/jupyter-loopback/,"[""banesullivan/jupyter-loopback""]",[],False,custom_widget_candidate,source_supported_candidate,False,True,"[""anywidget""]","[""anywidget""]",2026-04-21T22:40:20.368900Z,2026-04-21T22:40:20.368900Z,0.1.0,2026-04-21T22:40:20.368900Z,0.1.0,False,2026-04-21T22:40:20.368900Z,0.1.0,2026-04-21T22:40:20.368900Z,True,"[""anywidget""]",False,not_established,True,True,True,0.3.3,6,2,6,False,0,ok,https://files.pythonhosted.org/packages/fc/9f/14779bb146f7cada67cb3bd2e81952ced04a0aaece6313f10e3f0f966c9a/jupyter_loopback-0.1.0-py3-none-any.whl,https://files.pythonhosted.org/packages/fc/9f/14779bb146f7cada67cb3bd2e81952ced04a0aaece6313f10e3f0f966c9a/jupyter_loopback-0.1.0-py3-none-any.whl,history/jupyter-loopback.json,"[""deps_dev_repo_mapping""]",
jupyter-mpegts,A JupyterLab extension to add a widget that plays mpeg-ts streams,https://pypi.org/project/jupyter-mpegts/,"[""benjaminszeghy/jupyter-mpegts""]",[],False,custom_widget_candidate,source_supported_candidate,False,True,"[""traditional_custom_widget""]","[""traditional_custom_widget""]",2026-03-18T03:48:44.492207Z,2026-03-18T03:48:44.492207Z,1.0.0,,,,,,,True,"[""traditional_custom_widget""]",False,not_established,True,True,True,1.0.0,1,1,1,False,0,ok,https://files.pythonhosted.org/packages/88/3c/d87b95a1ad76edcdcb4636e7391a9788dc9b668cdc15bcbf401716a77c70/jupyter_mpegts-1.0.0-py3-none-any.whl,,history/jupyter-mpegts.json,"[""deps_dev_repo_mapping""]",
jupyter-msal-widget,A Custom Jupyter Widget Library,https://pypi.org/project/jupyter-msal-widget/,[],[],False,custom_widget_candidate,source_supported_candidate,False,True,"[""traditional_custom_widget""]","[""traditional_custom_widget""]",2022-04-05T11:44:30.739083Z,2022-04-05T11:44:30.739083Z,0.1.2,,,,,,,True,"[""traditional_custom_widget""]",False,not_established,False,False,False,0.1.4,3,2,0,False,0,ok,https://files.pythonhosted.org/packages/19/cf/96f23b06cd7b3d2c91f3ff1c90fad633008af2a66da0d1a86538c00baa45/jupyter_msal_widget-0.1.2.tar.gz,,history/jupyter-msal-widget.json,"[""pypi_name_index""]",
jupyter-optmwidgets,Jupyter Widgets for DIVE virtual learning environment.,https://pypi.org/project/jupyter-optmwidgets/,"[""chiwangso2/jupyter-optmwidgets"", ""chiwangso2/optmwidgets""]",[],False,custom_widget_candidate,source_supported_candidate,False,True,"[""traditional_custom_widget""]","[""traditional_custom_widget""]",2025-03-25T08:06:06.036614Z,2025-03-25T08:06:06.036614Z,0.1.1,,,,,,,True,"[""traditional_custom_widget""]",False,not_established,True,True,True,0.1.4,4,2,4,False,0,ok,https://files.pythonhosted.org/packages/7a/5f/b00aaea631879b6f0072c9fdc6da296b18d4136dc047804dcd8058c85d1a/jupyter_optmwidgets-0.1.1-py2.py3-none-any.whl,,history/jupyter-optmwidgets.json,"[""deps_dev_repo_mapping"", ""pypi_name_index""]",
jupyter-paint-segment,A jupyter widget for manual image segmantation,https://pypi.org/project/jupyter-paint-segment/,"[""adusachev/jupyter-paint-segment""]",[],False,custom_widget_package,accepted_after_assistant_review,False,True,"[""anywidget""]","[""anywidget""]",2025-03-11T10:39:26.016803Z,2025-03-11T10:39:26.016803Z,0.1.0,2025-03-11T10:39:26.016803Z,0.1.0,False,2025-03-11T10:39:26.016803Z,0.1.0,2025-03-11T10:39:26.016803Z,True,"[""anywidget""]",False,not_established,True,True,True,0.1.0,1,1,1,False,0,ok,https://files.pythonhosted.org/packages/98/9c/ada534246e07734ae2eac97335f54305aea4ac6c38bbf3bc346a3cf2955f/jupyter_paint_segment-0.1.0-py3-none-any.whl,https://files.pythonhosted.org/packages/98/9c/ada534246e07734ae2eac97335f54305aea4ac6c38bbf3bc346a3cf2955f/jupyter_paint_segment-0.1.0-py3-none-any.whl,history/jupyter-paint-segment.json,"[""deps_dev_direct_sample"", ""deps_dev_repo_mapping""]","Published image segmentation widget exports SegmentWidget, implemented as an anywidget subclass in released source."
jupyter-rfb,Remote Frame Buffer for Jupyter,https://pypi.org/project/jupyter-rfb/,"[""vispy/jupyter_rfb""]","[""vispy/jupyter_rfb""]",True,custom_widget_package,accepted_after_assistant_review,True,True,"[""anywidget""]","[""anywidget"", ""traditional_custom_widget""]",2021-07-27T13:00:24.075209Z,2021-07-27T13:00:24.075209Z,0.1.1,2026-03-24T15:11:15.656281Z,1.0.2,False,2026-03-24T15:11:15.656281Z,1.0.2,2026-03-24T15:11:15.656281Z,True,"[""traditional_custom_widget""]",True,component_transition_supported,False,False,False,1.0.2,16,3,10,False,0,ok,https://files.pythonhosted.org/packages/ac/5a/f0d796bb1bfb69a3334f2205c38a9e81121f250db83ba2d3f10eb8fc915d/jupyter_rfb-0.1.1-py2.py3-none-any.whl,https://files.pythonhosted.org/packages/3e/89/d8a7ceff010ba38fdc345f7bc715e6152a70c6e28a68d4c7c0e1d943f420/jupyter_rfb-1.0.2-py3-none-any.whl,history/jupyter-rfb.json,"[""deps_dev_direct_sample"", ""deps_dev_repo_mapping""]",RemoteFrameBuffer is a traditional custom widget in 0.5.4 and an anywidget subclass in 1.0.2 in jupyter_rfb/widget.py.
jupyter-scatter,"An interactive scatter plot widget for Jupyter Notebook, Lab, and Google Colab that can handle millions of points and supports view linking",https://pypi.org/project/jupyter-scatter/,"[""flekschas/jupyter-scatter""]","[""flekschas/jupyter-scatter""]",True,custom_widget_candidate,source_supported_candidate,True,True,"[""anywidget""]","[""anywidget"", ""traditional_custom_widget""]",2021-02-02T22:21:15.615658Z,2021-02-02T22:21:15.615658Z,0.1.0,2023-07-01T19:02:58.491764Z,0.12.5,False,2023-07-01T19:02:58.491764Z,0.12.5,2023-07-01T19:02:58.491764Z,True,"[""traditional_custom_widget""]",True,review_component_continuity,False,False,False,1.0.1,56,4,36,False,0,ok,https://files.pythonhosted.org/packages/d4/ac/8c686b753cac3dbcb51831ef78058964346fed15ad5336f910c8490ed77c/jupyter_scatter-0.1.0-py2.py3-none-any.whl,https://files.pythonhosted.org/packages/f7/07/52861359233d26917d30013354af2b345688d1f422b3b75d3d82fd96bd3a/jupyter_scatter-0.12.5-py2.py3-none-any.whl,history/jupyter-scatter.json,"[""deps_dev_direct_sample"", ""deps_dev_repo_mapping""]",
jupyter-scatter-scsketch,"An interactive scatter plot widget for Jupyter Notebook, Lab, and Google Colab that can handle millions of points and supports view linking (and adds support for directional search)",https://pypi.org/project/jupyter-scatter-scsketch/,"[""flekschas/jupyter-scatter""]","[""flekschas/jupyter-scatter""]",True,custom_widget_candidate,source_supported_candidate,True,True,"[""anywidget""]","[""anywidget""]",2025-08-19T21:31:45.348796Z,2025-08-19T21:31:45.348796Z,0.22.0,2025-08-19T21:31:45.348796Z,0.22.0,False,2025-08-19T21:31:45.348796Z,0.22.0,2025-08-19T21:31:45.348796Z,True,"[""anywidget""]",False,not_established,True,True,True,0.22.0,1,1,1,False,0,ok,https://files.pythonhosted.org/packages/8c/f2/2c675c8338508308726559d835950f717571d5ac2bd2fdb33ec91c211509/jupyter_scatter_scsketch-0.22.0-py3-none-any.whl,https://files.pythonhosted.org/packages/8c/f2/2c675c8338508308726559d835950f717571d5ac2bd2fdb33ec91c211509/jupyter_scatter_scsketch-0.22.0-py3-none-any.whl,history/jupyter-scatter-scsketch.json,"[""deps_dev_repo_mapping""]",
jupyter-scdg-viewer-widget,A Jupyter SCDG Viewer Widget,https://pypi.org/project/jupyter-scdg-viewer-widget/,[],[],False,custom_widget_candidate,source_supported_candidate,False,True,"[""traditional_custom_widget""]","[""traditional_custom_widget""]",2019-09-23T10:04:57.124875Z,2019-09-23T10:04:57.124875Z,0.1.0,,,,,,,True,"[""traditional_custom_widget""]",False,not_established,False,False,False,0.1.1,2,2,0,False,0,ok,https://files.pythonhosted.org/packages/3f/10/34df041c875db39ef80509c7e46a73e41113115b3782c00a45894098d19f/jupyter_scdg_viewer_widget-0.1.0-py2.py3-none-any.whl,,history/jupyter-scdg-viewer-widget.json,"[""pypi_name_index""]",
jupyter-sigplot,Jupyter Notebook Widget for the SigPlot plotting library,https://pypi.org/project/jupyter-sigplot/,"[""lgsinnovations/jupyter-sigplot""]","[""LGSInnovations/jupyter-sigplot""]",True,custom_widget_candidate,source_supported_candidate,True,True,"[""traditional_custom_widget""]","[""traditional_custom_widget""]",2018-09-21T21:46:24.280002Z,2018-09-21T21:46:24.280002Z,0.1.0,,,,,,,True,"[""traditional_custom_widget""]",False,not_established,False,False,False,0.2.0,6,2,0,False,0,ok,https://files.pythonhosted.org/packages/d5/aa/f653bed314cdabb1da32fa03647f8c2c9bcb2f891b9baa4d6683df64d003/jupyter_sigplot-0.1.0.tar.gz,,history/jupyter-sigplot.json,"[""deps_dev_repo_mapping""]",
jupyter-utility-widgets,Assortment of reusable common jupyter widget patterns,https://pypi.org/project/jupyter-utility-widgets/,"[""shaielc/jupyter-utility-widgets""]","[""shaielc/jupyter-utility-widgets""]",True,custom_widget_candidate,source_supported_candidate,True,True,"[""anywidget""]","[""anywidget""]",2024-06-14T13:33:33.960911Z,2024-09-11T19:07:31.515799Z,0.0.4,2024-09-11T19:07:31.515799Z,0.0.4,False,2024-09-11T19:07:31.515799Z,0.0.4,,False,[],False,not_established,False,False,False,0.0.7,5,3,5,False,0,ok,https://files.pythonhosted.org/packages/2c/a5/9bfbaa25191b2ca43c0931254aa94e3725de46876ba0e0ac9cde1530ce9d/jupyter_utility_widgets-0.0.4-py3-none-any.whl,https://files.pythonhosted.org/packages/2c/a5/9bfbaa25191b2ca43c0931254aa94e3725de46876ba0e0ac9cde1530ce9d/jupyter_utility_widgets-0.0.4-py3-none-any.whl,history/jupyter-utility-widgets.json,"[""deps_dev_repo_mapping"", ""pypi_name_index""]",
jupyter-video-widget,A Jupyter HTML5 Video Player Widget,https://pypi.org/project/jupyter-video-widget/,"[""who8mylunch/jupyter_video_widget""]","[""Who8MyLunch/Jupyter_Video_Widget""]",True,custom_widget_candidate,source_supported_candidate,True,True,"[""traditional_custom_widget""]","[""traditional_custom_widget""]",2017-07-31T15:43:00.395562Z,2017-07-31T15:43:00.395562Z,0.1.0.dev0,,,,,,,True,"[""traditional_custom_widget""]",False,not_established,False,False,False,0.3.1,4,2,0,False,0,ok,https://files.pythonhosted.org/packages/a4/35/3368c9d4875b76c3e5ede927288eb7c2fe33909fc100e22e3f68c8d1aacf/Jupyter_Video_Widget-0.1.0.dev0-py2.py3-none-any.whl,,history/jupyter-video-widget.json,"[""deps_dev_repo_mapping"", ""pypi_name_index""]",
jupyter-widget-echo-testing,A Custom Jupyter Widget Library,https://pypi.org/project/jupyter-widget-echo-testing/,"[""kylebarron/jupyter-widget-echo-testing""]",[],False,custom_widget_candidate,source_supported_candidate,True,True,"[""traditional_custom_widget""]","[""traditional_custom_widget""]",2021-10-29T19:58:51.150274Z,2021-10-29T19:58:51.150274Z,0.1.0.dev0,,,,,,,True,"[""traditional_custom_widget""]",False,not_established,False,False,False,0.1.2,3,2,0,False,0,ok,https://files.pythonhosted.org/packages/3d/a6/44dc49cf532adbc333ea15ba7cad7112f1cd103466254e1368ef155a3e60/jupyter_widget_echo_testing-0.1.0.dev0-py2.py3-none-any.whl,,history/jupyter-widget-echo-testing.json,"[""deps_dev_repo_mapping"", ""pypi_name_index""]",
jupyterlab-data-binding,Jupyterlab data binding demo,https://pypi.org/project/jupyterlab-data-binding/,"[""hansnow/jupyterlab-data-binding""]","[""hansnow/jupyterlab-data-binding""]",True,custom_widget_candidate,source_supported_candidate,True,True,"[""traditional_custom_widget""]","[""traditional_custom_widget""]",2019-03-07T11:10:06.964606Z,2019-03-07T11:10:06.964606Z,0.1.0a0,,,,,,,True,"[""traditional_custom_widget""]",False,not_established,False,False,False,0.1.0a0,1,1,0,False,0,ok,https://files.pythonhosted.org/packages/04/d0/62fd72fef736ba49e9521023964fdc924492d7241d1517111fc36fefaf11/jupyterlab_data_binding-0.1.0a0.tar.gz,,history/jupyterlab-data-binding.json,"[""deps_dev_repo_mapping""]",
jupyterlab-dosbox,Run DosBox in jupyterlab,https://pypi.org/project/jupyterlab-dosbox/,"[""matthewturk/jupyterlab_dosbox""]","[""matthewturk/jupyterlab_dosbox""]",True,custom_widget_candidate,source_supported_candidate,True,True,"[""traditional_custom_widget""]","[""traditional_custom_widget""]",2021-02-25T22:38:47.116899Z,2021-02-25T22:38:47.116899Z,0.1.0,,,,,,,True,"[""traditional_custom_widget""]",False,not_established,False,False,False,0.1.0,1,1,0,False,0,ok,https://files.pythonhosted.org/packages/02/5f/f1662f945325f73cc0a36454d72439c1631051c0f1529a25f7ad7f741f7b/jupyterlab_dosbox-0.1.0.tar.gz,,history/jupyterlab-dosbox.json,"[""deps_dev_repo_mapping""]",
jupyterlab-polus-render,A Jupyterlab extension for Polus Render.,https://pypi.org/project/jupyterlab-polus-render/,"[""polusai/jupyterlab-extensions""]",[],False,custom_widget_candidate,source_supported_candidate,True,True,"[""traditional_custom_widget""]","[""traditional_custom_widget""]",2023-12-07T18:38:17.895846Z,2024-04-12T21:33:15.766780Z,1.0.1,,,,,,,False,[],False,not_established,False,False,False,1.0.1,2,2,2,False,0,ok,https://files.pythonhosted.org/packages/5e/36/65f4bc01ff2c72c41971ab18e27818bb6eca39975bbab115fc79b282dca4/jupyterlab_polus_render-1.0.1-py3-none-any.whl,,history/jupyterlab-polus-render.json,"[""deps_dev_repo_mapping""]",
jupyterlab-twitch,A JupyterLab extension.,https://pypi.org/project/jupyterlab-twitch/,"[""data-exp-lab/jupyterlab_twitch""]",[],False,custom_widget_candidate,source_supported_candidate,True,True,"[""traditional_custom_widget""]","[""traditional_custom_widget""]",2020-06-23T18:34:58.867128Z,2020-06-23T18:34:58.867128Z,0.1.0,,,,,,,True,"[""traditional_custom_widget""]",False,not_established,False,False,False,0.2.0,2,2,0,False,0,ok,https://files.pythonhosted.org/packages/91/7d/2649347d17dec759a885640a8add49d0636354c6d6c34cdedddda67d299c/jupyterlab_twitch-0.1.0-py3-none-any.whl,,history/jupyterlab-twitch.json,"[""deps_dev_repo_mapping""]",
justplotme,,https://pypi.org/project/justplotme/,"[""nuwandavek/justplotme""]","[""nuwandavek/justplotme""]",True,custom_widget_candidate,source_supported_candidate,True,True,"[""anywidget""]","[""anywidget""]",2024-03-31T22:35:28.943581Z,2024-03-31T22:35:28.943581Z,0.0.0,2024-03-31T22:35:28.943581Z,0.0.0,False,2024-03-31T22:35:28.943581Z,0.0.0,2024-03-31T22:35:28.943581Z,True,"[""anywidget""]",False,not_established,False,False,False,0.0.1,2,2,2,False,0,ok,https://files.pythonhosted.org/packages/7b/02/c4cf875ca5fd62d85dd2c703a4656f3272e2d61bdd6981647f015aa0f2a1/justplotme-0.0.0-py2.py3-none-any.whl,https://files.pythonhosted.org/packages/7b/02/c4cf875ca5fd62d85dd2c703a4656f3272e2d61bdd6981647f015aa0f2a1/justplotme-0.0.0-py2.py3-none-any.whl,history/justplotme.json,"[""repository_package_declaration""]",
k3d,"WebGL 3D plotting for Jupyter: meshes, isosurfaces, volumes, voxels and point clouds",https://pypi.org/project/k3d/,"[""k3d-tools/k3d-jupyter""]","[""K3D-tools/K3D-jupyter""]",True,custom_widget_candidate,source_supported_candidate,True,True,"[""anywidget""]","[""anywidget"", ""traditional_custom_widget""]",2017-05-02T10:52:09.785653Z,2017-05-02T10:52:21.301004Z,2.0.8,2026-08-28T06:12:39.026839Z,3.0.0,False,2026-08-28T06:12:39.026839Z,3.0.0,2026-08-28T06:12:39.026839Z,True,"[""traditional_custom_widget""]",True,review_component_continuity,False,False,False,3.1.1,81,4,15,False,0,ok,https://files.pythonhosted.org/packages/d8/16/56cb4dbe7978ee52c02bfb40c6712eef822b49082063359eb2cc59058fcb/K3D-2.0.8-py2.py3-none-any.whl,https://files.pythonhosted.org/packages/8a/3f/40b3f02cac9e76683394c11feb0e44a20e8050f7d139d05983d98b0ae0df/k3d-3.0.0-py3-none-any.whl,history/k3d.json,"[""deps_dev_direct_sample"", ""deps_dev_repo_mapping""]",
keplergl,"This is a simple jupyter widget for kepler.gl, an advanced geospatial visualization tool, to render large-scale interactive maps.",https://pypi.org/project/keplergl/,"[""keplergl/kepler.gl""]","[""keplergl/kepler.gl""]",True,custom_widget_package,accepted_after_assistant_review,True,True,[],"[""anywidget"", ""traditional_custom_widget""]",2019-06-11T21:51:23.259523Z,2019-06-11T21:51:23.259523Z,0.1.0a5,2026-03-10T23:41:48.579466Z,0.4.0rc1,True,,,2026-03-10T23:41:48.579466Z,True,"[""traditional_custom_widget""]",True,component_transition_supported,False,False,False,0.3.7,28,12,13,False,0,no_supported_artifact_under_16MiB,https://files.pythonhosted.org/packages/31/d8/67c4670b771d4833444a2b8b5a041f6d7c806c30df4e8c411c33fc0e2caa/keplergl-0.1.0a5.tar.gz,https://files.pythonhosted.org/packages/33/bc/c62634066fa2ee1d52ff358b58acebc70afe1fe8d3f4f4161eb845629ac9/keplergl-0.4.0rc1-py3-none-any.whl,history/keplergl.json,"[""deps_dev_direct_sample"", ""deps_dev_repo_mapping""]",KeplerGl is a traditional custom widget in 0.3.2 and an anywidget subclass in 0.4.0rc1. The observed adoption is a prerelease; stable adoption is not established by this snapshot.
ketcher-anywidget,,https://pypi.org/project/ketcher-anywidget/,[],[],False,custom_widget_candidate,source_supported_candidate,False,True,"[""anywidget""]","[""anywidget""]",2026-02-23T00:32:51.188310Z,2026-02-23T00:32:51.188310Z,0.1.0,2026-02-23T00:32:51.188310Z,0.1.0,False,2026-02-23T00:32:51.188310Z,0.1.0,2026-02-23T00:32:51.188310Z,True,"[""anywidget""]",False,not_established,True,True,True,0.1.0,1,1,1,False,0,ok,https://files.pythonhosted.org/packages/d1/c6/76d1054f435ddb9603b360a7b404e9296ac71bb633ba9f16ff2f4b52a4a7/ketcher_anywidget-0.1.0-py2.py3-none-any.whl,https://files.pythonhosted.org/packages/d1/c6/76d1054f435ddb9603b360a7b404e9296ac71bb633ba9f16ff2f4b52a4a7/ketcher_anywidget-0.1.0-py2.py3-none-any.whl,history/ketcher-anywidget.json,"[""pypi_name_index""]",
kingdon,Pythonic Geometric Algebra Package,https://pypi.org/project/kingdon/,"[""tbuli/kingdon""]","[""tBuLi/kingdon""]",True,custom_widget_candidate,source_supported_candidate,True,True,"[""anywidget""]","[""anywidget""]",2023-08-12T21:11:54.942562Z,2024-04-17T10:51:43.911764Z,1.0.0,2024-04-17T10:51:43.911764Z,1.0.0,False,2024-04-17T10:51:43.911764Z,1.0.0,2024-04-22T10:16:41.526355Z,False,[],False,not_established,False,False,False,3.0.0,22,9,22,False,0,ok,https://files.pythonhosted.org/packages/f4/c0/3f2e1d4fc9eb1274d17e66dc900c2820a6888e5ab9fdca24119df69d0360/kingdon-1.0.0-py2.py3-none-any.whl,https://files.pythonhosted.org/packages/f4/c0/3f2e1d4fc9eb1274d17e66dc900c2820a6888e5ab9fdca24119df69d0360/kingdon-1.0.0-py2.py3-none-any.whl,history/kingdon.json,"[""deps_dev_repo_mapping""]",
klampt,"Python API to Klamp't, a package for robot modeling, simulating, planning, optimization, and visualization",https://pypi.org/project/klampt/,"[""krishauser/klampt""]","[""krishauser/Klampt""]",True,custom_widget_candidate,source_supported_candidate,True,True,[],"[""traditional_custom_widget""]",2018-12-19T03:17:56.469669Z,2020-12-10T07:39:26.609945Z,0.8.5,,,,,,,False,[],False,not_established,False,False,False,0.10.1.post1,20,5,11,False,0,no_supported_artifact_under_16MiB,https://files.pythonhosted.org/packages/03/55/b586a4708d9977bd6ebb72b44a9cb03e1a45abe78f5b7c4dd2b4db97739f/Klampt-0.8.5-cp39-cp39-win32.whl,,history/klampt.json,"[""deps_dev_repo_mapping""]",
klampt-jupyter,A Jupyter Widget for Klampt,https://pypi.org/project/klampt-jupyter/,"[""krishauser/klampt-jupyter-extension""]",[],False,custom_widget_candidate,source_supported_candidate,True,True,"[""traditional_custom_widget""]","[""traditional_custom_widget""]",2022-01-20T00:21:35.902740Z,2022-01-20T00:21:35.902740Z,0.1.2,,,,,,,True,"[""traditional_custom_widget""]",False,not_established,False,False,False,0.1.2,1,1,0,False,0,ok,https://files.pythonhosted.org/packages/42/be/b2b2b7e02dcb73f364205e1c4d3ed0f78c76c76ca8fc363e86f746b122f2/klampt_jupyter-0.1.2-py2.py3-none-any.whl,,history/klampt-jupyter.json,"[""deps_dev_repo_mapping""]",
klowd,KLOWD platform library,https://pypi.org/project/klowd/,[],[],False,custom_widget_candidate,source_supported_candidate,False,True,"[""anywidget""]","[""anywidget""]",2024-03-04T10:33:36.760962Z,2024-03-06T22:53:35.402105Z,0.0.2,2024-03-06T22:53:35.402105Z,0.0.2,False,2024-03-06T22:53:35.402105Z,0.0.2,2024-03-06T22:53:35.402105Z,False,[],False,not_established,False,False,False,0.0.29,34,3,34,False,0,ok,https://files.pythonhosted.org/packages/a2/b8/2a61e1f264c10ae7a760151c68f84c1ade4cc983c3e235c45634cae74dac/klowd-0.0.2-py3-none-any.whl,https://files.pythonhosted.org/packages/a2/b8/2a61e1f264c10ae7a760151c68f84c1ade4cc983c3e235c45634cae74dac/klowd-0.0.2-py3-none-any.whl,history/klowd.json,"[""deps_dev_direct_sample""]",
landscape-widget,Jupyter widget for interactive graph visualization,https://pypi.org/project/landscape-widget/,[],[],False,custom_widget_candidate,source_supported_candidate,False,True,"[""traditional_custom_widget""]","[""traditional_custom_widget""]",2024-11-20T21:12:47.679871Z,2024-11-20T21:12:47.679871Z,0.3.3,,,,,,,True,"[""traditional_custom_widget""]",False,not_established,False,False,False,0.5.1,13,2,13,False,0,ok,https://files.pythonhosted.org/packages/b5/b9/472c424457f61f7fce70fcce5afd4a84b1ce3ff19277255de25fc92d862a/landscape_widget-0.3.3-py3-none-any.whl,,history/landscape-widget.json,"[""pypi_name_index""]",
langchain-widget,A widget to run  in Jupyter Notebook.,https://pypi.org/project/langchain-widget/,"[""superstar54/langchain-widget""]",[],False,custom_widget_candidate,source_supported_candidate,False,True,"[""anywidget""]","[""anywidget""]",2025-12-17T15:19:34.295867Z,2025-12-17T15:19:34.295867Z,0.0.1,2025-12-17T15:19:34.295867Z,0.0.1,False,2025-12-17T15:19:34.295867Z,0.0.1,2025-12-17T15:19:34.295867Z,True,"[""anywidget""]",False,not_established,True,True,True,0.0.1,1,1,1,False,0,ok,https://files.pythonhosted.org/packages/e5/ad/0e1ff5ad8ee95e24706f55a09fb0993c6d0c90c007dbc8d5948a35f5291c/langchain_widget-0.0.1-py2.py3-none-any.whl,https://files.pythonhosted.org/packages/e5/ad/0e1ff5ad8ee95e24706f55a09fb0993c6d0c90c007dbc8d5948a35f5291c/langchain_widget-0.0.1-py2.py3-none-any.whl,history/langchain-widget.json,"[""deps_dev_repo_mapping"", ""pypi_name_index""]",
leafmap,A Python package for geospatial analysis and interactive mapping in a Jupyter environment.,https://pypi.org/project/leafmap/,"[""opengeos/leafmap""]","[""opengeos/leafmap""]",True,custom_widget_candidate,source_supported_candidate,True,True,"[""anywidget""]","[""anywidget""]",2021-03-10T00:58:41.498234Z,2024-07-21T04:38:22.886351Z,0.36.0,2024-07-21T04:38:22.886351Z,0.36.0,False,2024-07-21T04:38:22.886351Z,0.36.0,2024-07-21T04:38:22.886351Z,False,[],False,not_established,False,False,False,0.63.1,308,34,257,False,0,ok,https://files.pythonhosted.org/packages/3f/a2/42911ffac52fffc8826cab9cda07388c354bbfa1988900a0aea391832d40/leafmap-0.36.0-py2.py3-none-any.whl,https://files.pythonhosted.org/packages/3f/a2/42911ffac52fffc8826cab9cda07388c354bbfa1988900a0aea391832d40/leafmap-0.36.0-py2.py3-none-any.whl,history/leafmap.json,"[""deps_dev_direct_sample"", ""deps_dev_repo_mapping""]",
lexcube,Lexcube: 3D Data Cube Visualization in Jupyter Notebooks,https://pypi.org/project/lexcube/,"[""msoechting/lexcube""]","[""msoechting/lexcube""]",True,custom_widget_candidate,source_supported_candidate,True,True,"[""traditional_custom_widget""]","[""traditional_custom_widget""]",2024-01-11T11:44:07.784429Z,2024-01-11T11:44:07.784429Z,0.4.8,,,,,,,True,"[""traditional_custom_widget""]",False,not_established,False,False,False,2.0.1,20,2,20,False,0,ok,https://files.pythonhosted.org/packages/8d/28/b687de115a5bc5b3213e03d532c9151438b5ee356c8fd126a6a26700c307/lexcube-0.4.8-py3-none-any.whl,,history/lexcube.json,"[""deps_dev_direct_sample"", ""deps_dev_repo_mapping""]",
lineup-widget,Wrapper around the LineUp.js library for multi attribute rankings,https://pypi.org/project/lineup-widget/,"[""lineupjs/lineup_widget""]","[""lineupjs/lineup_widget""]",True,custom_widget_candidate,source_supported_candidate,True,True,"[""traditional_custom_widget""]","[""traditional_custom_widget""]",2018-08-15T16:14:50.536917Z,2018-08-15T16:14:50.536917Z,1.0.0a0,,,,,,,True,"[""traditional_custom_widget""]",False,not_established,False,False,False,4.0.0,6,2,0,False,0,ok,https://files.pythonhosted.org/packages/bb/e7/9f67d69100623ddf920aaa01b3d3e2517a66f1063e62e86862897913c4ed/lineup_widget-1.0.0a0-py2.py3-none-any.whl,,history/lineup-widget.json,"[""deps_dev_repo_mapping"", ""pypi_name_index""]",
lizyml-widget,Jupyter Notebook / Google Colab / VS Code Notebooks widget for LizyML,https://pypi.org/project/lizyml-widget/,"[""nbx-liz/lizyml-widget""]",[],False,custom_widget_candidate,source_supported_candidate,False,True,"[""anywidget""]","[""anywidget""]",2026-03-14T15:02:13.225133Z,2026-03-14T15:02:13.225133Z,0.1.0,2026-03-14T15:02:13.225133Z,0.1.0,False,2026-03-14T15:02:13.225133Z,0.1.0,2026-03-14T15:02:13.225133Z,True,"[""anywidget""]",False,not_established,True,True,True,0.10.1,16,2,16,False,0,ok,https://files.pythonhosted.org/packages/64/11/6df4ead7c6e7d6086da3f4cffa9fe00578625bebc155b1f38e47f56354a2/lizyml_widget-0.1.0-py3-none-any.whl,https://files.pythonhosted.org/packages/64/11/6df4ead7c6e7d6086da3f4cffa9fe00578625bebc155b1f38e47f56354a2/lizyml_widget-0.1.0-py3-none-any.whl,history/lizyml-widget.json,"[""pypi_name_index""]",
lmkapp,Stop watching your code run,https://pypi.org/project/lmkapp/,"[""lmkapp/lmk""]","[""lmkapp/lmk""]",True,custom_widget_candidate,source_supported_candidate,True,True,"[""traditional_custom_widget""]","[""traditional_custom_widget""]",2023-09-02T17:39:37.668943Z,2023-09-02T17:39:37.668943Z,0.1.2,,,,,,,True,"[""traditional_custom_widget""]",False,not_established,False,False,False,1.2.0,41,2,41,False,0,ok,https://files.pythonhosted.org/packages/f6/9e/121dbd65068131e42be0f0653730f0aa011085de59d45b9a20f371d7e72e/lmkapp-0.1.2-py3-none-any.whl,,history/lmkapp.json,"[""deps_dev_repo_mapping""]",
loman,"Loman tracks state of computations, and the dependencies between them, allowing full and partial recalculations.",https://pypi.org/project/loman/,"[""janushendersonassetallocation/loman""]",[],False,custom_widget_candidate,source_supported_candidate,False,True,"[""anywidget""]","[""anywidget""]",2017-03-24T08:25:32.158027Z,2026-08-04T21:49:15.011333Z,0.6.1a1,2026-08-04T21:49:15.011333Z,0.6.1a1,True,2026-08-16T23:16:33.980949Z,0.7.0,2026-08-04T21:49:15.011333Z,False,[],False,not_established,False,False,True,0.7.0,24,19,16,False,0,ok,https://files.pythonhosted.org/packages/b1/15/fd186361bd23ab4508deff055b58469f42715bd0d2bc438b3debf6bb635d/loman-0.6.1a1-py3-none-any.whl,https://files.pythonhosted.org/packages/b1/15/fd186361bd23ab4508deff055b58469f42715bd0d2bc438b3debf6bb635d/loman-0.6.1a1-py3-none-any.whl,history/loman.json,"[""deps_dev_repo_mapping""]",
lonboard,"Fast, interactive geospatial data visualization in Jupyter.",https://pypi.org/project/lonboard/,"[""developmentseed/lonboard""]","[""developmentseed/lonboard""]",True,custom_widget_candidate,source_supported_candidate,True,True,"[""anywidget""]","[""anywidget""]",2023-10-02T23:03:00.311496Z,2023-10-02T23:03:00.311496Z,0.1.0b1,2023-10-02T23:03:00.311496Z,0.1.0b1,True,2023-10-17T23:01:02.997503Z,0.1.0,2023-10-02T23:03:00.311496Z,True,"[""anywidget""]",False,not_established,False,False,False,0.16.0,48,3,48,False,0,ok,https://files.pythonhosted.org/packages/3b/6e/ee4931f8758a0dce0b560550e1db269b1c2b3153f38ef9a14f9eccfd2734/lonboard-0.1.0b1-py3-none-any.whl,https://files.pythonhosted.org/packages/3b/6e/ee4931f8758a0dce0b560550e1db269b1c2b3153f38ef9a14f9eccfd2734/lonboard-0.1.0b1-py3-none-any.whl,history/lonboard.json,"[""deps_dev_direct_sample"", ""deps_dev_repo_mapping""]",
longeron,"Define, execute, and replay SysML v2 models in Python: ANTLR-based parser, validator, interpreter, and diagram renderers",https://pypi.org/project/longeron/,"[""sanbales/longeron""]",[],False,custom_widget_candidate,source_supported_candidate,False,True,"[""anywidget""]","[""anywidget""]",2026-08-19T20:35:40.907400Z,2026-08-19T20:35:40.907400Z,0.2.0,2026-08-19T20:35:40.907400Z,0.2.0,False,2026-08-19T20:35:40.907400Z,0.2.0,2026-08-19T20:35:40.907400Z,True,"[""anywidget""]",False,not_established,True,True,True,0.11.0,13,2,13,False,0,ok,https://files.pythonhosted.org/packages/de/f2/111c79244be6fd414152bf2aeeb045ece4f8edb27ab9ec9cd385aadc5b60/longeron-0.2.0-py3-none-any.whl,https://files.pythonhosted.org/packages/de/f2/111c79244be6fd414152bf2aeeb045ece4f8edb27ab9ec9cd385aadc5b60/longeron-0.2.0-py3-none-any.whl,history/longeron.json,"[""deps_dev_repo_mapping""]",
luminarycloud-jupyter,Luminary Cloud SDK Interactive Jupyter Widgets,https://pypi.org/project/luminarycloud-jupyter/,[],[],False,custom_widget_candidate,source_supported_candidate,False,True,"[""anywidget""]","[""anywidget""]",2025-03-24T22:04:27.910530Z,2025-03-24T22:04:27.910530Z,0.1.0,2025-03-24T22:04:27.910530Z,0.1.0,False,2025-03-24T22:04:27.910530Z,0.1.0,2025-04-22T20:48:20.195044Z,True,"[""anywidget""]",False,not_established,True,True,True,0.1.22,20,3,20,False,0,ok,https://files.pythonhosted.org/packages/db/78/a660c031e0170ebd1c552c55adb6af4f4fbcdd0a58b60539d70a49d1bca5/luminarycloud_jupyter-0.1.0-py3-none-any.whl,https://files.pythonhosted.org/packages/db/78/a660c031e0170ebd1c552c55adb6af4f4fbcdd0a58b60539d70a49d1bca5/luminarycloud_jupyter-0.1.0-py3-none-any.whl,history/luminarycloud-jupyter.json,"[""deps_dev_direct_sample""]",
lux-widget,A Custom Jupyter Widget Library,https://pypi.org/project/lux-widget/,"[""lux-org/lux-widget""]","[""lux-org/lux-widget""]",True,custom_widget_candidate,source_supported_candidate,True,True,"[""traditional_custom_widget""]","[""traditional_custom_widget""]",2020-10-09T11:40:51.103481Z,2020-10-09T11:40:51.103481Z,0.1.0,,,,,,,True,"[""traditional_custom_widget""]",False,not_established,False,False,False,0.1.11,12,2,0,False,0,ok,https://files.pythonhosted.org/packages/d4/ca/abe4acba4702ff90c531fc66423be8d93826d4dd905bc0d12199e550ad90/lux_widget-0.1.0-py2.py3-none-any.whl,,history/lux-widget.json,"[""deps_dev_repo_mapping"", ""pypi_name_index""]",
maia-waterfall-widget,,https://pypi.org/project/maia-waterfall-widget/,[],[],False,custom_widget_candidate,source_supported_candidate,False,True,"[""anywidget""]","[""anywidget""]",2026-07-13T17:17:46.418295Z,2026-07-13T17:17:46.418295Z,0.1.0,2026-07-13T17:17:46.418295Z,0.1.0,False,2026-07-13T17:17:46.418295Z,0.1.0,2026-07-13T17:17:46.418295Z,True,"[""anywidget""]",False,not_established,True,True,True,0.1.0,1,1,1,False,0,ok,https://files.pythonhosted.org/packages/5c/55/bb98ca08e82255a07553f8fab6f0eef745edabe3d39cf7fec541ba8b5d16/maia_waterfall_widget-0.1.0-py3-none-any.whl,https://files.pythonhosted.org/packages/5c/55/bb98ca08e82255a07553f8fab6f0eef745edabe3d39cf7fec541ba8b5d16/maia_waterfall_widget-0.1.0-py3-none-any.whl,history/maia-waterfall-widget.json,"[""pypi_name_index""]",
mammos-entity,Python package to specify material parameters for MaMMoS simulation suite.,https://pypi.org/project/mammos-entity/,"[""mammos-project/mammos-entity""]",[],False,custom_widget_candidate,source_supported_candidate,False,True,"[""anywidget""]","[""anywidget""]",2025-04-30T12:26:11.226620Z,2026-08-17T10:52:18.761393Z,0.14.0,2026-08-17T10:52:18.761393Z,0.14.0,False,2026-08-17T10:52:18.761393Z,0.14.0,2026-08-17T10:52:18.761393Z,False,[],False,not_established,True,True,True,0.14.0,20,20,20,False,0,ok,https://files.pythonhosted.org/packages/5c/2a/d02175fc31d4ca110e2644d227255ab07e4597040519de4ce69f50cd2f2f/mammos_entity-0.14.0-py3-none-any.whl,https://files.pythonhosted.org/packages/5c/2a/d02175fc31d4ca110e2644d227255ab07e4597040519de4ce69f50cd2f2f/mammos_entity-0.14.0-py3-none-any.whl,history/mammos-entity.json,"[""deps_dev_direct_sample"", ""deps_dev_repo_mapping""]",
manim-widget,"Manim Widget: manim, truly interactive, without the hassle",https://pypi.org/project/manim-widget/,"[""rambip/manim-widget""]",[],False,custom_widget_candidate,source_supported_candidate,False,True,"[""anywidget""]","[""anywidget""]",2026-04-13T06:46:58.273390Z,2026-04-13T06:46:58.273390Z,0.1.0,2026-04-13T06:46:58.273390Z,0.1.0,False,2026-04-13T06:46:58.273390Z,0.1.0,2026-04-13T06:46:58.273390Z,True,"[""anywidget""]",False,not_established,True,True,True,0.2.1,13,2,13,False,0,ok,https://files.pythonhosted.org/packages/8b/0c/b68625a759402c102d9ae0e1060fb8c81d31898489bd1c1802cd252f21e1/manim_widget-0.1.0-py3-none-any.whl,https://files.pythonhosted.org/packages/8b/0c/b68625a759402c102d9ae0e1060fb8c81d31898489bd1c1802cd252f21e1/manim_widget-0.1.0-py3-none-any.whl,history/manim-widget.json,"[""deps_dev_repo_mapping"", ""pypi_name_index""]",
manywidgets,"A composable set of anywidget-based widgets for data analysis and geospatial work in notebooks — works well with lonboard, and renders statically (no kernel) via the myst-anywidget-static-export plugin.",https://pypi.org/project/manywidgets/,"[""developmentseed/manywidgets""]",[],False,custom_widget_package,accepted_after_assistant_review,False,True,"[""anywidget""]","[""anywidget""]",2026-07-14T05:08:24.525497Z,2026-07-14T05:08:24.525497Z,0.1.0,2026-07-14T05:08:24.525497Z,0.1.0,False,2026-07-14T05:08:24.525497Z,0.1.0,2026-07-14T05:08:24.525497Z,True,"[""anywidget""]",False,not_established,True,True,True,0.1.0,2,1,2,False,0,ok,https://files.pythonhosted.org/packages/9b/2b/91dc43f7d0c2e3caadb1f1050972953430b9745a32bd4449a4af17edfa37/manywidgets-0.1.0-py3-none-any.whl,https://files.pythonhosted.org/packages/9b/2b/91dc43f7d0c2e3caadb1f1050972953430b9745a32bd4449a4af17edfa37/manywidgets-0.1.0-py3-none-any.whl,history/manywidgets.json,"[""deps_dev_repo_mapping"", ""pypi_name_index""]",Published widget collection defines BaseWidget as an anywidget subclass. Counted once at distribution level.
maplibre,Python bindings for MapLibre GL JS,https://pypi.org/project/maplibre/,"[""eoda-dev/py-maplibregl""]","[""eodaGmbH/py-maplibregl""]",True,custom_widget_candidate,source_supported_candidate,True,True,"[""anywidget""]","[""anywidget""]",2024-01-15T16:24:58.833458Z,2024-01-15T16:24:58.833458Z,0.1.1,2024-01-15T16:24:58.833458Z,0.1.1,False,2024-01-15T16:24:58.833458Z,0.1.1,2024-01-15T16:24:58.833458Z,True,"[""anywidget""]",False,not_established,False,False,False,0.3.6,22,2,22,False,0,ok,https://files.pythonhosted.org/packages/66/95/ddfaa0123c1928b0b1df211701fc2324017e49a5973539d067875575fb20/maplibre-0.1.1-py3-none-any.whl,https://files.pythonhosted.org/packages/66/95/ddfaa0123c1928b0b1df211701fc2324017e49a5973539d067875575fb20/maplibre-0.1.1-py3-none-any.whl,history/maplibre.json,"[""deps_dev_direct_sample"", ""repository_package_declaration""]",
mapstorch,A differentiable modeling package for automating X-ray fluorescence (XRF) analysis,https://pypi.org/project/mapstorch/,"[""xyin-anl/mapstorch""]",[],False,custom_widget_candidate,source_supported_candidate,False,True,"[""anywidget""]","[""anywidget""]",2024-12-19T05:08:38.884318Z,2024-12-19T05:08:38.884318Z,0.0.1,2024-12-19T05:08:38.884318Z,0.0.1,False,2024-12-19T05:08:38.884318Z,0.0.1,2024-12-19T05:08:38.884318Z,True,"[""anywidget""]",False,not_established,True,False,True,0.0.1,1,1,1,False,0,ok,https://files.pythonhosted.org/packages/e5/51/aedb1ccd3973cd0d760696795eb62ac61e4458714f0ac29c2c1ca6ecbf12/mapstorch-0.0.1-py3-none-any.whl,https://files.pythonhosted.org/packages/e5/51/aedb1ccd3973cd0d760696795eb62ac61e4458714f0ac29c2c1ca6ecbf12/mapstorch-0.0.1-py3-none-any.whl,history/mapstorch.json,"[""deps_dev_repo_mapping""]",
mapwidget,Custom Jupyter widgets for creating interactive maps,https://pypi.org/project/mapwidget/,"[""opengeos/mapwidget""]","[""opengeos/mapwidget""]",True,custom_widget_candidate,source_supported_candidate,True,True,"[""anywidget""]","[""anywidget""]",2023-01-21T17:57:54.727069Z,2023-01-23T05:09:52.828409Z,0.0.2,2023-01-23T05:09:52.828409Z,0.0.2,False,2023-01-23T05:09:52.828409Z,0.0.2,2023-01-23T05:09:52.828409Z,False,[],False,not_established,False,False,False,0.2.0,10,3,10,False,0,ok,https://files.pythonhosted.org/packages/92/ff/b91ef49b196f6a3628533e66ed64e12c845fa1052697ce9cc018d9ff1cdc/mapwidget-0.0.2-py2.py3-none-any.whl,https://files.pythonhosted.org/packages/92/ff/b91ef49b196f6a3628533e66ed64e12c845fa1052697ce9cc018d9ff1cdc/mapwidget-0.0.2-py2.py3-none-any.whl,history/mapwidget.json,"[""deps_dev_direct_sample"", ""deps_dev_repo_mapping"", ""pypi_name_index""]",
marimo-chem-widgets,anywidget structure viewers for marimo and Jupyter: a paginated grid and a chemical-space scatter plot,https://pypi.org/project/marimo-chem-widgets/,"[""patwalters/marimo-chem-widgets""]",[],False,custom_widget_candidate,source_supported_candidate,False,True,"[""anywidget""]","[""anywidget""]",2026-09-11T23:38:57.394200Z,2026-09-11T23:38:57.394200Z,0.5.0,2026-09-11T23:38:57.394200Z,0.5.0,False,2026-09-11T23:38:57.394200Z,0.5.0,2026-09-11T23:38:57.394200Z,True,"[""anywidget""]",False,not_established,True,True,True,0.5.0,1,1,1,False,0,ok,https://files.pythonhosted.org/packages/6f/a6/58aabcdccf6fa7d9e535d20c5cd78661e606a88aa106a280b2bbd99f6bec/marimo_chem_widgets-0.5.0-py3-none-any.whl,https://files.pythonhosted.org/packages/6f/a6/58aabcdccf6fa7d9e535d20c5cd78661e606a88aa106a280b2bbd99f6bec/marimo_chem_widgets-0.5.0-py3-none-any.whl,history/marimo-chem-widgets.json,"[""pypi_name_index""]",
marimo-grader-client,"Notebook-side client for the dartbrains grader: sign-in, submit and feedback widgets for marimo",https://pypi.org/project/marimo-grader-client/,"[""ljchang/marimo-grader""]",[],False,custom_widget_candidate,source_supported_candidate,False,True,"[""anywidget""]","[""anywidget""]",2026-09-11T16:12:16.840172Z,2026-09-11T16:12:16.840172Z,0.1.0,2026-09-11T16:12:16.840172Z,0.1.0,False,2026-09-11T16:12:16.840172Z,0.1.0,2026-09-11T16:12:16.840172Z,True,"[""anywidget""]",False,not_established,True,True,True,0.2.3,7,2,7,False,0,ok,https://files.pythonhosted.org/packages/82/9b/8d1113d8b2e7c0171e90f8803e962edfbb86ccb79113931782496fec02f7/marimo_grader_client-0.1.0-py3-none-any.whl,https://files.pythonhosted.org/packages/82/9b/8d1113d8b2e7c0171e90f8803e962edfbb86ccb79113931782496fec02f7/marimo_grader_client-0.1.0-py3-none-any.whl,history/marimo-grader-client.json,"[""deps_dev_direct_sample"", ""deps_dev_repo_mapping""]",
marimo-learn,marimo learning utilities,https://pypi.org/project/marimo-learn/,"[""gvwilson/learn"", ""gvwilson/marimo_learn""]",[],False,custom_widget_candidate,source_supported_candidate,False,True,"[""anywidget""]","[""anywidget""]",2026-03-11T20:05:49.825898Z,2026-03-20T14:47:46.513136Z,0.7.0,2026-03-20T14:47:46.513136Z,0.7.0,False,2026-03-20T14:47:46.513136Z,0.7.0,2026-03-20T14:47:46.513136Z,False,[],False,not_established,True,True,True,0.14.0,13,7,13,False,0,ok,https://files.pythonhosted.org/packages/00/7d/330c2bea5ae5e7f8ca713450ac534c9b80bb9f690e82f207c65969a43a05/marimo_learn-0.7.0-py3-none-any.whl,https://files.pythonhosted.org/packages/00/7d/330c2bea5ae5e7f8ca713450ac534c9b80bb9f690e82f207c65969a43a05/marimo_learn-0.7.0-py3-none-any.whl,history/marimo-learn.json,"[""deps_dev_repo_mapping""]",
marimo-lens,Ground your agent's work in the code and context behind the result you select in a marimo notebook,https://pypi.org/project/marimo-lens/,"[""marimo-team/marimo-lens""]",[],False,custom_widget_candidate,source_supported_candidate,False,True,"[""anywidget""]","[""anywidget""]",2026-07-16T11:39:28.529008Z,2026-07-26T16:22:10.220947Z,0.0.3,2026-07-26T16:22:10.220947Z,0.0.3,False,2026-07-26T16:22:10.220947Z,0.0.3,2026-07-23T14:57:55.284412Z,False,[],False,not_established,True,True,True,0.2.3,18,5,18,False,0,ok,https://files.pythonhosted.org/packages/cb/87/157919c036b671e6bd445ae19873fd487590ec4b5923fb562fcb16e6b0d9/marimo_lens-0.0.3-py3-none-any.whl,https://files.pythonhosted.org/packages/cb/87/157919c036b671e6bd445ae19873fd487590ec4b5923fb562fcb16e6b0d9/marimo_lens-0.0.3-py3-none-any.whl,history/marimo-lens.json,"[""deps_dev_direct_sample"", ""deps_dev_repo_mapping""]",
marimo-pets,Floating notebook companions with cell awareness and contextual AI help.,https://pypi.org/project/marimo-pets/,"[""ktaletsk/marimo-pets""]",[],False,custom_widget_candidate,source_supported_candidate,False,True,"[""anywidget""]","[""anywidget""]",2026-09-16T17:44:28.304308Z,2026-09-16T17:44:28.304308Z,0.1.0,2026-09-16T17:44:28.304308Z,0.1.0,False,2026-09-16T17:44:28.304308Z,0.1.0,2026-09-16T17:44:28.304308Z,True,"[""anywidget""]",False,not_established,True,True,True,0.1.0,1,1,1,False,0,ok,https://files.pythonhosted.org/packages/cc/76/b3c10fdf67f5bf4da50c0d60ed60af23dfe3a411cf53aff9a52cf007dc50/marimo_pets-0.1.0-py3-none-any.whl,https://files.pythonhosted.org/packages/cc/76/b3c10fdf67f5bf4da50c0d60ed60af23dfe3a411cf53aff9a52cf007dc50/marimo_pets-0.1.0-py3-none-any.whl,history/marimo-pets.json,"[""deps_dev_repo_mapping""]",
marimo-toml-editor,Interactive TOML config editor widget for Jupyter and marimo notebooks,https://pypi.org/project/marimo-toml-editor/,"[""javirm3/marimo-toml-editor""]",[],False,custom_widget_package,accepted_after_assistant_review,False,True,"[""anywidget""]","[""anywidget""]",2026-02-21T18:08:25.825467Z,2026-02-21T18:08:25.825467Z,0.1.0,2026-02-21T18:08:25.825467Z,0.1.0,False,2026-02-21T18:08:25.825467Z,0.1.0,2026-02-21T18:08:25.825467Z,True,"[""anywidget""]",False,not_established,True,True,True,0.1.1,2,2,2,False,0,ok,https://files.pythonhosted.org/packages/ac/eb/9e64506efeb3898961aa73fa2ddb325b1d45ae44db99ab038f71c3dd65fa/marimo_toml_editor-0.1.0-py3-none-any.whl,https://files.pythonhosted.org/packages/ac/eb/9e64506efeb3898961aa73fa2ddb325b1d45ae44db99ab038f71c3dd65fa/marimo_toml_editor-0.1.0-py3-none-any.whl,history/marimo-toml-editor.json,"[""deps_dev_repo_mapping""]","Published TOML editor exports TomlConfigEditor, implemented as an anywidget subclass; documented for both Jupyter and marimo."
marimol,Molecular visualizer for marimo notebooks,https://pypi.org/project/marimol/,"[""parzival1918/marimol""]",[],False,custom_widget_candidate,source_supported_candidate,False,True,"[""anywidget""]","[""anywidget""]",2026-08-14T21:56:14.188251Z,2026-08-14T21:56:14.188251Z,0.1.0,2026-08-14T21:56:14.188251Z,0.1.0,False,2026-08-14T21:56:14.188251Z,0.1.0,2026-08-14T21:56:14.188251Z,True,"[""anywidget""]",False,not_established,True,True,True,0.3.3,6,2,6,False,0,ok,https://files.pythonhosted.org/packages/c8/d9/35947db6f8f2ea4836231d2a5ad33f99ceb8cab4b7724cae6a0af9151154/marimol-0.1.0-py3-none-any.whl,https://files.pythonhosted.org/packages/c8/d9/35947db6f8f2ea4836231d2a5ad33f99ceb8cab4b7724cae6a0af9151154/marimol-0.1.0-py3-none-any.whl,history/marimol.json,"[""deps_dev_repo_mapping""]",
markmap-anywidget,Interactive mindmaps from markdown using markmap,https://pypi.org/project/markmap-anywidget/,"[""daniel-fahey/markmap-anywidget""]",[],False,custom_widget_candidate,source_supported_candidate,False,True,"[""anywidget""]","[""anywidget""]",2025-09-04T14:53:44.363055Z,2025-09-04T14:53:44.363055Z,0.1.2,2025-09-04T14:53:44.363055Z,0.1.2,False,2025-09-04T14:53:44.363055Z,0.1.2,2025-09-04T14:53:44.363055Z,True,"[""anywidget""]",False,not_established,True,True,True,0.3.0,5,2,5,False,0,ok,https://files.pythonhosted.org/packages/fd/6b/aaeb8da1a096753fc40dac8dfc7a60a147ecbc1a9a833ea1a6a7dd657c45/markmap_anywidget-0.1.2-py3-none-any.whl,https://files.pythonhosted.org/packages/fd/6b/aaeb8da1a096753fc40dac8dfc7a60a147ecbc1a9a833ea1a6a7dd657c45/markmap_anywidget-0.1.2-py3-none-any.whl,history/markmap-anywidget.json,"[""deps_dev_repo_mapping"", ""pypi_name_index""]",
megane,"A fast, beautiful molecular viewer",https://pypi.org/project/megane/,"[""megane-labs/megane""]",[],False,custom_widget_candidate,source_supported_candidate,False,True,"[""anywidget""]","[""anywidget""]",2026-03-07T03:50:51.681373Z,2026-03-07T03:51:03.086912Z,0.1.0,2026-03-07T03:51:03.086912Z,0.1.0,False,2026-03-07T03:51:03.086912Z,0.1.0,2026-03-07T03:50:51.681373Z,True,"[""anywidget""]",False,not_established,True,True,True,0.17.0,23,2,23,False,0,ok,https://files.pythonhosted.org/packages/b6/75/017b00c8dbac0172143d2e10d1dd9e186255aff42ac2f2f50a526a5be9ef/megane-0.1.0-cp313-cp313-manylinux_2_17_aarch64.manylinux2014_aarch64.whl,https://files.pythonhosted.org/packages/b6/75/017b00c8dbac0172143d2e10d1dd9e186255aff42ac2f2f50a526a5be9ef/megane-0.1.0-cp313-cp313-manylinux_2_17_aarch64.manylinux2014_aarch64.whl,history/megane.json,"[""deps_dev_repo_mapping""]",
menpowidgets,Menpo's Jupyter widgets for fancy visualization,https://pypi.org/project/menpowidgets/,[],[],False,custom_widget_candidate,source_supported_candidate,False,True,"[""traditional_custom_widget""]","[""traditional_custom_widget""]",2017-05-06T18:36:29.236148Z,2017-05-06T18:36:29.236148Z,0.3.0,,,,,,,True,"[""traditional_custom_widget""]",False,not_established,False,False,False,0.4.3,5,2,2,False,0,ok,https://files.pythonhosted.org/packages/52/2b/7776791f5438fb7643992aac0a90fc33fdcefd6233ac9179d6692222f199/menpowidgets-0.3.0.tar.gz,,history/menpowidgets.json,"[""pypi_name_index""]",
mensetmanus,A package for teaching software development.,https://pypi.org/project/mensetmanus/,[],[],False,custom_widget_candidate,source_supported_candidate,False,True,"[""anywidget""]","[""anywidget""]",2024-08-07T04:26:11.920645Z,2024-08-07T04:26:11.920645Z,0.1.0,2024-08-07T04:26:11.920645Z,0.1.0,False,2024-08-07T04:26:11.920645Z,0.1.0,2024-08-07T04:26:11.920645Z,True,"[""anywidget""]",False,not_established,False,False,False,0.1.1,2,2,2,False,0,ok,https://files.pythonhosted.org/packages/8e/01/fa479427a1366fc50cdfa23a0c23acca91f72931449000379d25871d5e74/mensetmanus-0.1.0-py3-none-any.whl,https://files.pythonhosted.org/packages/8e/01/fa479427a1366fc50cdfa23a0c23acca91f72931449000379d25871d5e74/mensetmanus-0.1.0-py3-none-any.whl,history/mensetmanus.json,"[""deps_dev_direct_sample""]",
mercury,Mercury Framework,https://pypi.org/project/mercury/,"[""mljar/mercury"", ""mljar/mercury-extension""]",[],False,custom_widget_candidate,source_supported_candidate,False,True,"[""anywidget""]","[""anywidget""]",2022-12-15T17:27:08.204527Z,2025-11-20T11:53:39.145802Z,3.0.0a1,2025-11-20T11:53:39.145802Z,3.0.0a1,True,2026-01-15T10:52:42.740366Z,3.0.0,2025-11-20T11:53:39.145802Z,False,[],False,not_established,False,False,True,3.2.11,99,35,99,False,0,ok,https://files.pythonhosted.org/packages/34/fb/5c69174e79a0488249babf20814aef406c018e2ba675a991f36055c583fa/mercury-3.0.0a1.tar.gz,https://files.pythonhosted.org/packages/34/fb/5c69174e79a0488249babf20814aef406c018e2ba675a991f36055c583fa/mercury-3.0.0a1.tar.gz,history/mercury.json,"[""deps_dev_repo_mapping""]",
mermaid-nb,,https://pypi.org/project/mermaid-nb/,[],[],False,custom_widget_candidate,source_supported_candidate,False,True,"[""anywidget""]","[""anywidget""]",2026-04-18T21:58:50.526414Z,2026-04-18T21:58:50.526414Z,0.0.0,2026-04-18T21:58:50.526414Z,0.0.0,False,2026-04-18T21:58:50.526414Z,0.0.0,2026-04-18T21:58:50.526414Z,True,"[""anywidget""]",False,not_established,True,True,True,0.0.2,3,2,3,False,0,ok,https://files.pythonhosted.org/packages/1b/70/1b0c056cecf2636783c01ccc168b57b54a54e737dafd4adb5eb01fd5b795/mermaid_nb-0.0.0-py2.py3-none-any.whl,https://files.pythonhosted.org/packages/1b/70/1b0c056cecf2636783c01ccc168b57b54a54e737dafd4adb5eb01fd5b795/mermaid_nb-0.0.0-py2.py3-none-any.whl,history/mermaid-nb.json,"[""deps_dev_direct_sample""]",
metaframe-widget,anywidget for embedding metaframe URLs in Jupyter and marimo notebooks,https://pypi.org/project/metaframe-widget/,"[""metapages/framejs.io""]",[],False,custom_widget_candidate,source_supported_candidate,False,True,"[""anywidget""]","[""anywidget""]",2026-04-23T00:23:57.511898Z,2026-04-23T00:23:57.511898Z,0.1.0,2026-04-23T00:23:57.511898Z,0.1.0,False,2026-04-23T00:23:57.511898Z,0.1.0,2026-04-23T00:23:57.511898Z,True,"[""anywidget""]",False,not_established,True,True,True,0.3.12,10,2,10,False,0,ok,https://files.pythonhosted.org/packages/78/dd/2fc0664b40a39e6f6260160200093a60891d8ee91f53b1756d2afc826dcf/metaframe_widget-0.1.0-py3-none-any.whl,https://files.pythonhosted.org/packages/78/dd/2fc0664b40a39e6f6260160200093a60891d8ee91f53b1756d2afc826dcf/metaframe_widget-0.1.0-py3-none-any.whl,history/metaframe-widget.json,"[""deps_dev_repo_mapping"", ""pypi_name_index""]",
mitosheet2,The Mito Spreadsheet,https://pypi.org/project/mitosheet2/,"[""mito-ds/mito""]",[],False,custom_widget_candidate,source_supported_candidate,False,True,"[""traditional_custom_widget""]","[""traditional_custom_widget""]",2022-02-22T23:52:05.000154Z,2022-02-22T23:52:07.002517Z,0.1.1,,,,,,,True,"[""traditional_custom_widget""]",False,not_established,False,False,False,0.1.61,61,2,0,False,0,ok,https://files.pythonhosted.org/packages/62/88/28785fdd804b8fffafbc5a1bc036d34d5671764c5cc3c841b935641d03f8/mitosheet2-0.1.1-py2.py3-none-any.whl,,history/mitosheet2.json,"[""deps_dev_direct_sample""]",
mlflow-widgets,"Anywidget-based notebook widgets for MLflow: live charts, run tables, and more",https://pypi.org/project/mlflow-widgets/,"[""daviddwlee84/mlflow-widgets""]",[],False,custom_widget_candidate,source_supported_candidate,False,True,"[""anywidget""]","[""anywidget""]",2026-04-01T11:30:52.559618Z,2026-04-01T11:30:53.262354Z,0.1.0,2026-04-01T11:30:53.262354Z,0.1.0,False,2026-04-01T11:30:53.262354Z,0.1.0,2026-04-01T11:30:52.559618Z,True,"[""anywidget""]",False,not_established,True,True,True,0.1.0,1,1,1,False,0,ok,https://files.pythonhosted.org/packages/87/01/5cb97c5a103333aaa1ee4d9c704c19a5842e4e90cbfa5d425621f9d47793/mlflow_widgets-0.1.0-py3-none-any.whl,https://files.pythonhosted.org/packages/87/01/5cb97c5a103333aaa1ee4d9c704c19a5842e4e90cbfa5d425621f9d47793/mlflow_widgets-0.1.0-py3-none-any.whl,history/mlflow-widgets.json,"[""pypi_name_index""]",
mlvis,A wrapper around react components for use in jupyter notebooks,https://pypi.org/project/mlvis/,"[""uber/manifold""]","[""uber/manifold""]",True,custom_widget_candidate,source_supported_candidate,True,True,"[""traditional_custom_widget""]","[""traditional_custom_widget""]",2019-01-09T08:25:00.505437Z,2019-08-12T17:04:02.158058Z,0.0.3,,,,,,,False,[],False,not_established,False,False,False,0.1.0,17,4,0,False,0,ok,https://files.pythonhosted.org/packages/14/e4/4c99208d43268b23292875496a6001dd0d28a9e6b669772be7341c77bfd3/mlvis-0.0.3-py3-none-any.whl,,history/mlvis.json,"[""deps_dev_repo_mapping""]",
modin-spreadsheet,An implementation for the Spreadsheet API of Modin,https://pypi.org/project/modin-spreadsheet/,"[""modin-project/modin-spreadsheet""]",[],False,custom_widget_candidate,source_supported_candidate,False,True,"[""traditional_custom_widget""]","[""traditional_custom_widget""]",2021-02-22T01:59:01.683217Z,2021-02-22T17:36:41.325579Z,0.1.0,,,,,,,True,"[""traditional_custom_widget""]",False,not_established,False,False,False,0.1.2,3,2,0,False,0,ok,https://files.pythonhosted.org/packages/4a/97/ce202ae4a0e02a1c175088f4e55c62b035edef41166e9f96f2c03f83fcc3/modin_spreadsheet-0.1.0-py2.py3-none-any.whl,,history/modin-spreadsheet.json,"[""deps_dev_direct_sample""]",
modist,"Interactive distribution widgets for marimo, in the style of wigglystuff",https://pypi.org/project/modist/,"[""williambdean/modist""]",[],False,custom_widget_candidate,source_supported_candidate,False,True,"[""anywidget""]","[""anywidget""]",2026-09-01T05:49:21.571014Z,2026-09-01T05:49:21.571014Z,0.1.0,2026-09-01T05:49:21.571014Z,0.1.0,False,2026-09-01T05:49:21.571014Z,0.1.0,2026-09-01T05:49:21.571014Z,True,"[""anywidget""]",False,not_established,True,True,True,0.7.1,9,2,9,False,0,ok,https://files.pythonhosted.org/packages/43/f1/69e069bc89b0de8e0e68731e3a8c13679dba0cfcc881424e54967c582251/modist-0.1.0-py3-none-any.whl,https://files.pythonhosted.org/packages/43/f1/69e069bc89b0de8e0e68731e3a8c13679dba0cfcc881424e54967c582251/modist-0.1.0-py3-none-any.whl,history/modist.json,"[""deps_dev_repo_mapping""]",
molgfx,"Semantic, GPU-native molecular rendering, with interactive notebook viewers and a command console",https://pypi.org/project/molgfx/,"[""miguelcsx/molgfx""]",[],False,custom_widget_candidate,source_supported_candidate,False,True,"[""anywidget""]","[""anywidget""]",2026-09-26T03:12:54.225518Z,2026-09-26T03:12:57.036350Z,0.1.0,2026-09-26T03:12:57.036350Z,0.1.0,False,2026-09-26T03:12:57.036350Z,0.1.0,2026-09-26T03:12:54.225518Z,True,"[""anywidget""]",False,not_established,True,True,True,0.3.4,9,2,9,False,0,ok,https://files.pythonhosted.org/packages/16/cd/557587afcf8822debf1acccee162a14a6c0e434f8d2d6b4711557cf5f1fc/molgfx-0.1.0-cp313-abi3-macosx_11_0_arm64.whl,https://files.pythonhosted.org/packages/16/cd/557587afcf8822debf1acccee162a14a6c0e434f8d2d6b4711557cf5f1fc/molgfx-0.1.0-cp313-abi3-macosx_11_0_arm64.whl,history/molgfx.json,"[""deps_dev_repo_mapping""]",
mols2grid,Interactive 2D small molecule viewer,https://pypi.org/project/mols2grid/,"[""cbouy/mols2grid""]","[""cbouy/mols2grid""]",True,custom_widget_package,accepted_after_assistant_review,True,True,"[""anywidget""]","[""anywidget"", ""traditional_custom_widget""]",2021-03-19T14:48:51.512521Z,2023-12-21T18:04:17.509926Z,2.0.1a2,2025-07-18T17:35:01.761866Z,2.1.0a1,True,2025-11-15T23:55:35.469293Z,2.1.0,2025-07-18T17:35:01.761866Z,False,[],True,component_transition_supported,False,False,False,2.2.0,24,16,11,False,0,ok,https://files.pythonhosted.org/packages/27/ce/11ab04b6f6add134abaa54a9a13e12064c9ffb9a98892ab58b12e29293a0/mols2grid-2.0.1a2-py3-none-any.whl,https://files.pythonhosted.org/packages/e3/d5/beea5e6b5a68f9517785776ac74147964df80fee1ea5f643bb8d1ff761ef/mols2grid-2.1.0a1-py3-none-any.whl,history/mols2grid.json,"[""deps_dev_direct_sample"", ""deps_dev_repo_mapping""]",MolGridWidget transitions from a traditional implementation in 2.0.1a2 to an anywidget implementation in 2.1.0a1; stable anywidget evidence is also available in 2.1.0.
mongodb-ai-widget-challenge,A Jupyter widget for exploring MongoDB AI capabilities through a challenge,https://pypi.org/project/mongodb-ai-widget-challenge/,"[""mongodb-developer/mongodb-ai-widgets""]",[],False,custom_widget_candidate,source_supported_candidate,False,True,"[""anywidget""]","[""anywidget""]",2026-04-08T23:59:49.125431Z,2026-04-08T23:59:49.125431Z,0.1,2026-04-08T23:59:49.125431Z,0.1,False,2026-04-08T23:59:49.125431Z,0.1,2026-04-08T23:59:49.125431Z,True,"[""anywidget""]",False,not_established,True,True,True,1.4,16,2,16,False,0,ok,https://files.pythonhosted.org/packages/3c/9e/fef803c834bab55e1f15f7e8b3f40f96c1b14ba027fad5ec510239ae716b/mongodb_ai_widget_challenge-0.1-py3-none-any.whl,https://files.pythonhosted.org/packages/3c/9e/fef803c834bab55e1f15f7e8b3f40f96c1b14ba027fad5ec510239ae716b/mongodb_ai_widget_challenge-0.1-py3-none-any.whl,history/mongodb-ai-widget-challenge.json,"[""pypi_name_index""]",
mongodb-ai-widgets,A Jupyter widget for testing MongoDB AI capabilities such as RAG.,https://pypi.org/project/mongodb-ai-widgets/,"[""mongodb-developer/mongodb-ai-widgets"", ""tgourdel/mongodb-ai-widgets""]",[],False,custom_widget_candidate,source_supported_candidate,False,True,"[""anywidget""]","[""anywidget""]",2025-11-24T07:43:02.539013Z,2025-11-24T07:43:02.539013Z,0.1.0,2025-11-24T07:43:02.539013Z,0.1.0,False,2025-11-24T07:43:02.539013Z,0.1.0,2025-11-24T07:43:02.539013Z,True,"[""anywidget""]",False,not_established,True,True,True,0.1.12,13,2,13,False,0,ok,https://files.pythonhosted.org/packages/91/b8/28a90911107bd81712eb9c706f5e8e0d673ecc0ca79379465b55a994ba2a/mongodb_ai_widgets-0.1.0-py3-none-any.whl,https://files.pythonhosted.org/packages/91/b8/28a90911107bd81712eb9c706f5e8e0d673ecc0ca79379465b55a994ba2a/mongodb_ai_widgets-0.1.0-py3-none-any.whl,history/mongodb-ai-widgets.json,"[""pypi_name_index""]",
mopaint,Paint for marimo,https://pypi.org/project/mopaint/,"[""koaning/mopaint""]",[],False,custom_widget_package,accepted_after_assistant_review,False,True,"[""anywidget""]","[""anywidget""]",2025-03-31T09:33:04.453809Z,2025-03-31T09:33:04.453809Z,0.1.0,2025-03-31T09:33:04.453809Z,0.1.0,False,2025-03-31T09:33:04.453809Z,0.1.0,2025-03-31T09:33:04.453809Z,True,"[""anywidget""]",False,not_established,True,True,True,0.4.1,12,2,12,False,0,ok,https://files.pythonhosted.org/packages/b0/bb/a7df12699d4445905446dce4e02bb41cd7bfc67c287d564d7e6b3773e0f3/mopaint-0.1.0-py3-none-any.whl,https://files.pythonhosted.org/packages/b0/bb/a7df12699d4445905446dce4e02bb41cd7bfc67c287d564d7e6b3773e0f3/mopaint-0.1.0-py3-none-any.whl,history/mopaint.json,"[""deps_dev_repo_mapping""]",Published painting component exports Paint as an anywidget subclass; documented reusable API rather than an unpublished notebook example.
mosaic-widget,A Jupyter widget for Mosaic,https://pypi.org/project/mosaic-widget/,"[""uwdata/mosaic""]","[""uwdata/mosaic""]",True,custom_widget_candidate,source_supported_candidate,True,True,"[""anywidget""]","[""anywidget""]",2023-02-08T02:31:19.079492Z,2023-02-08T02:31:21.270349Z,0.0.1,2023-02-08T02:31:21.270349Z,0.0.1,False,2023-02-08T02:31:21.270349Z,0.0.1,2023-02-08T02:31:19.079492Z,True,"[""anywidget""]",False,not_established,False,False,False,0.32.0,50,2,50,False,0,ok,https://files.pythonhosted.org/packages/bc/c3/b37ea65a4b2cdeeb6e3295bcba051c159673c0eeb52514cceb00b03e668a/mosaic_widget-0.0.1-py3-none-any.whl,https://files.pythonhosted.org/packages/bc/c3/b37ea65a4b2cdeeb6e3295bcba051c159673c0eeb52514cceb00b03e668a/mosaic_widget-0.0.1-py3-none-any.whl,history/mosaic-widget.json,"[""deps_dev_repo_mapping"", ""pypi_name_index""]",
motif-jupyter,jupyter widget bindings for the motif library,https://pypi.org/project/motif-jupyter/,"[""cylynx/motif.gl""]","[""cylynx/motif.gl""]",True,custom_widget_candidate,source_supported_candidate,True,True,"[""traditional_custom_widget""]","[""traditional_custom_widget""]",2021-05-19T09:49:48.224819Z,2021-05-19T09:49:48.224819Z,0.0.1b5,,,,,,,True,"[""traditional_custom_widget""]",False,not_established,False,False,False,0.0.1b5,1,1,0,False,0,ok,https://files.pythonhosted.org/packages/1d/38/2436e7826ba2ff5b8e4b82fd6166c7cc1c7f48c973b7df696500c41ec2f0/motif_jupyter-0.0.1b5-py2.py3-none-any.whl,,history/motif-jupyter.json,"[""deps_dev_repo_mapping""]",
motimer,A timer and stopwatch widget for marimo notebooks,https://pypi.org/project/motimer/,"[""parmsam/motimer""]",[],False,custom_widget_candidate,source_supported_candidate,False,True,"[""anywidget""]","[""anywidget""]",2025-06-30T02:20:17.372454Z,2025-06-30T02:20:17.372454Z,0.1.0,2025-06-30T02:20:17.372454Z,0.1.0,False,2025-06-30T02:20:17.372454Z,0.1.0,2025-06-30T02:20:17.372454Z,True,"[""anywidget""]",False,not_established,True,True,True,0.1.2,3,2,3,False,0,ok,https://files.pythonhosted.org/packages/4d/e7/8d0a94f5d966652122344b4e7869705c45ae0250af3cea2bd7d10f7d5f8e/motimer-0.1.0-py3-none-any.whl,https://files.pythonhosted.org/packages/4d/e7/8d0a94f5d966652122344b4e7869705c45ae0250af3cea2bd7d10f7d5f8e/motimer-0.1.0-py3-none-any.whl,history/motimer.json,"[""deps_dev_repo_mapping""]",
mowidget,A comprehensive library of custom anywidget implementations for Marimo notebooks,https://pypi.org/project/mowidget/,"[""metaboulie/marimo-widgets""]",[],False,custom_widget_candidate,source_supported_candidate,False,True,"[""anywidget""]","[""anywidget""]",2024-11-24T17:53:24.330567Z,2024-11-24T18:18:18.452472Z,0.1.1,2024-11-24T18:18:18.452472Z,0.1.1,False,2024-11-24T18:18:18.452472Z,0.1.1,2024-11-24T17:53:24.330567Z,False,[],False,not_established,False,False,False,0.1.6,7,3,7,False,0,ok,https://files.pythonhosted.org/packages/19/f4/a81b64245be6d052e73878c7f288fd60e7e46619019ade5db538d9f60502/mowidget-0.1.1-py3-none-any.whl,https://files.pythonhosted.org/packages/19/f4/a81b64245be6d052e73878c7f288fd60e7e46619019ade5db538d9f60502/mowidget-0.1.1-py3-none-any.whl,history/mowidget.json,"[""deps_dev_repo_mapping"", ""pypi_name_index""]",
naja-schematic,Interactive schematic viewer for najaeda netlists: in Jupyter/Colab notebooks or a browser,https://pypi.org/project/naja-schematic/,"[""najaeda/naja-schematic""]",[],False,custom_widget_candidate,source_supported_candidate,False,True,"[""anywidget""]","[""anywidget""]",2026-09-26T14:29:15.886503Z,2026-09-26T14:29:15.886503Z,0.1.0,2026-09-26T14:29:15.886503Z,0.1.0,False,2026-09-26T14:29:15.886503Z,0.1.0,2026-09-26T14:29:15.886503Z,True,"[""anywidget""]",False,not_established,True,True,True,0.1.4,5,2,5,False,0,ok,https://files.pythonhosted.org/packages/87/6e/b21dedf3accd5219f6716081b78a7e2bb0b7b4b7b6a0a6b02bb2a90d5fb2/naja_schematic-0.1.0-py3-none-any.whl,https://files.pythonhosted.org/packages/87/6e/b21dedf3accd5219f6716081b78a7e2bb0b7b4b7b6a0a6b02bb2a90d5fb2/naja_schematic-0.1.0-py3-none-any.whl,history/naja-schematic.json,"[""deps_dev_repo_mapping""]",
navio-jupyter,,https://pypi.org/project/navio-jupyter/,"[""john-guerra/navio-jupyter""]","[""john-guerra/navio-jupyter"", ""john-guerra/navio_jupyter""]",True,custom_widget_candidate,source_supported_candidate,True,True,"[""anywidget""]","[""anywidget"", ""traditional_custom_widget""]",2019-03-30T17:45:57.219500Z,2019-03-30T17:45:57.219500Z,0.0.1a0,2024-03-20T21:21:25.771803Z,0.3.0,False,2024-03-20T21:21:25.771803Z,0.3.0,2024-03-20T21:21:24.535049Z,True,"[""traditional_custom_widget""]",True,review_component_continuity,False,False,False,0.3.0,2,2,1,False,0,ok,https://files.pythonhosted.org/packages/98/f6/c4f9c15112f69bc0061bc7c6362cb19d05618f82c142ac52c9bd8818322a/navio_jupyter-0.0.1a0.tar.gz,https://files.pythonhosted.org/packages/b5/a9/57068c9bf2de41f9c02353c4754243d20c834a3fc73b4afe6665f66b31dd/navio_jupyter-0.3.0-py2.py3-none-any.whl,history/navio-jupyter.json,"[""deps_dev_repo_mapping""]",
nbappinator,Jupyter Notebook Application Builder,https://pypi.org/project/nbappinator/,"[""iqmo-org/nbappinator""]",[],False,custom_widget_candidate,source_supported_candidate,False,True,"[""anywidget""]","[""anywidget""]",2024-04-30T18:51:45.606464Z,2026-02-24T02:53:09.531057Z,0.2.0,2026-02-24T02:53:09.531057Z,0.2.0,False,2026-02-24T02:53:09.531057Z,0.2.0,2026-02-24T02:53:09.531057Z,False,[],False,not_established,False,False,True,0.3.0,18,18,18,False,0,ok,https://files.pythonhosted.org/packages/e7/43/5ea144deb4ce0335d33283ccd3832e87f459cb2cd4a52e03d186c34c14f8/nbappinator-0.2.0-py3-none-any.whl,https://files.pythonhosted.org/packages/e7/43/5ea144deb4ce0335d33283ccd3832e87f459cb2cd4a52e03d186c34c14f8/nbappinator-0.2.0-py3-none-any.whl,history/nbappinator.json,"[""deps_dev_direct_sample"", ""deps_dev_repo_mapping""]",
nbplay,let's play!,https://pypi.org/project/nbplay/,"[""1kbgz/nbplay""]",[],False,custom_widget_candidate,source_supported_candidate,False,True,"[""anywidget""]","[""anywidget""]",2026-03-25T21:43:57.197576Z,2026-03-25T21:44:00.032503Z,0.1.0,2026-03-25T21:44:00.032503Z,0.1.0,False,2026-03-25T21:44:00.032503Z,0.1.0,2026-03-25T21:43:57.197576Z,True,"[""anywidget""]",False,not_established,True,True,True,0.1.1,2,2,2,False,0,ok,https://files.pythonhosted.org/packages/88/8c/95c48b0a3005b5804b5d5f3e5bd2edb00287ab970073506085ca6445dc06/nbplay-0.1.0-cp311-abi3-win_amd64.whl,https://files.pythonhosted.org/packages/88/8c/95c48b0a3005b5804b5d5f3e5bd2edb00287ab970073506085ca6445dc06/nbplay-0.1.0-cp311-abi3-win_amd64.whl,history/nbplay.json,"[""deps_dev_direct_sample"", ""deps_dev_repo_mapping""]",
nbsv,Simularium Viewer Jupyter Widget,https://pypi.org/project/nbsv/,"[""simularium/nbsv""]","[""simularium/nbsv""]",True,custom_widget_candidate,source_supported_candidate,True,True,"[""traditional_custom_widget""]","[""traditional_custom_widget""]",2023-06-12T22:38:39.660188Z,2023-06-12T22:38:39.660188Z,0.1.4,,,,,,,True,"[""traditional_custom_widget""]",False,not_established,False,False,False,0.1.6,3,2,3,False,0,ok,https://files.pythonhosted.org/packages/cd/b4/487d9e6c0c357e0896d14983ef92bce5b212c5d785422d35f7428045972f/nbsv-0.1.4-py3-none-any.whl,,history/nbsv.json,"[""deps_dev_direct_sample"", ""deps_dev_repo_mapping""]",
nbtools,"Framework for creating user-friendly Jupyter notebooks, accessible to both programming and non-programming users alike.",https://pypi.org/project/nbtools/,"[""g2nb/nbtools""]","[""g2nb/nbtools""]",True,custom_widget_candidate,source_supported_candidate,True,True,"[""traditional_custom_widget""]","[""traditional_custom_widget""]",2017-04-11T23:17:21.807450Z,2018-08-16T03:16:13.995029Z,0.2.0,,,,,,,False,[],False,not_established,False,False,False,24.8.0,51,7,9,False,0,ok,https://files.pythonhosted.org/packages/20/d6/bd2430072af5e5183070b1a7f687b267df9a0fa3acfa951ffa6cc451f73b/nbtools-0.2.0.tar.gz,,history/nbtools.json,"[""deps_dev_direct_sample"", ""deps_dev_repo_mapping""]",
neo4j-viz,A simple graph visualization tool,https://pypi.org/project/neo4j-viz/,"[""neo4j/python-graph-visualization""]",[],False,custom_widget_package,accepted_after_assistant_review,False,True,"[""anywidget""]","[""anywidget""]",2024-12-06T14:26:01.884222Z,2026-02-20T15:57:45.952328Z,1.2.0,2026-02-20T15:57:45.952328Z,1.2.0,False,2026-02-20T15:57:45.952328Z,1.2.0,2026-02-20T15:57:45.952328Z,False,[],False,not_established,True,False,True,1.10.0,30,23,30,False,0,ok,https://files.pythonhosted.org/packages/f0/77/81c5d2e9c38eeac534821f1f21e1f8dacd79b3482b69172fc44d1e2a9dd2/neo4j_viz-1.2.0-py3-none-any.whl,https://files.pythonhosted.org/packages/f0/77/81c5d2e9c38eeac534821f1f21e1f8dacd79b3482b69172fc44d1e2a9dd2/neo4j_viz-1.2.0-py3-none-any.whl,history/neo4j-viz.json,"[""deps_dev_direct_sample"", ""deps_dev_repo_mapping""]",Published graph visualization package includes GraphWidget by 1.2.0 (2026-02-20). Its older HTML output and earlier package publication are not evidence of an earlier custom widget.
network-graph-viewer,Interactive network graphs in a Jupyter notebook,https://pypi.org/project/network-graph-viewer/,"[""scriptsmith/network-graph-viewer""]",[],False,custom_widget_candidate,source_supported_candidate,False,True,"[""anywidget""]","[""anywidget""]",2026-07-31T08:51:06.220345Z,2026-07-31T08:51:06.220345Z,0.1.0,2026-07-31T08:51:06.220345Z,0.1.0,False,2026-07-31T08:51:06.220345Z,0.1.0,2026-07-31T08:51:06.220345Z,True,"[""anywidget""]",False,not_established,True,True,True,0.3.0,3,2,3,False,0,ok,https://files.pythonhosted.org/packages/c5/9e/755a690e89dad529c976d117f50aadadedce602500268b18c1b00e516355/network_graph_viewer-0.1.0-py3-none-any.whl,https://files.pythonhosted.org/packages/c5/9e/755a690e89dad529c976d117f50aadadedce602500268b18c1b00e516355/network_graph_viewer-0.1.0-py3-none-any.whl,history/network-graph-viewer.json,"[""deps_dev_repo_mapping""]",
ngsolve-jupyterlab-widgets,NGSolve Jupyter Widget Library,https://pypi.org/project/ngsolve-jupyterlab-widgets/,"[""ngsolve/ngsolve_jupyterlab_widgets""]",[],False,custom_widget_candidate,source_supported_candidate,False,True,"[""traditional_custom_widget""]","[""traditional_custom_widget""]",2020-05-18T14:38:14.706184Z,2020-05-18T14:38:14.706184Z,0.1.5,,,,,,,True,"[""traditional_custom_widget""]",False,not_established,False,False,False,0.1.10,2,2,0,False,0,ok,https://files.pythonhosted.org/packages/1e/b4/15cf59c01b784c846a6557909a1ec91b0b2abfd39e3ffda223dbc22a6f5f/ngsolve_jupyterlab_widgets-0.1.5.tar.gz,,history/ngsolve-jupyterlab-widgets.json,"[""pypi_name_index""]",
node-graph-widget,Widget for node-graph,https://pypi.org/project/node-graph-widget/,[],[],False,custom_widget_candidate,source_supported_candidate,False,True,"[""anywidget""]","[""anywidget""]",2024-12-03T13:07:23.653804Z,2024-12-03T13:07:23.653804Z,0.0.1,2024-12-03T13:07:23.653804Z,0.0.1,False,2024-12-03T13:07:23.653804Z,0.0.1,2024-12-03T13:07:23.653804Z,True,"[""anywidget""]",False,not_established,True,False,True,0.0.5,5,2,5,False,0,ok,https://files.pythonhosted.org/packages/de/c1/a146e69a6db572acfb0ab006f04fdf5913d722eba909f07a9ad33bfd2af2/node_graph_widget-0.0.1-py3-none-any.whl,https://files.pythonhosted.org/packages/de/c1/a146e69a6db572acfb0ab006f04fdf5913d722eba909f07a9ad33bfd2af2/node_graph_widget-0.0.1-py3-none-any.whl,history/node-graph-widget.json,"[""deps_dev_direct_sample"", ""pypi_name_index""]",
numerous-apps,Application package for numerous,https://pypi.org/project/numerous-apps/,"[""numerous-com/numerous-app"", ""numerous-com/numerous-apps""]",[],False,custom_widget_candidate,source_supported_candidate,False,True,"[""anywidget""]","[""anywidget""]",2024-12-12T08:32:42.489527Z,2024-12-12T08:32:42.489527Z,0.0.2,2024-12-12T08:32:42.489527Z,0.0.2,False,2024-12-12T08:32:42.489527Z,0.0.2,2024-12-12T08:32:42.489527Z,True,"[""anywidget""]",False,not_established,True,False,True,0.6.2,32,2,32,False,0,ok,https://files.pythonhosted.org/packages/57/3e/cc064ff38662695cd56f51ab042f39e86c1bfdca10e461c2ff185ba4413b/numerous_apps-0.0.2-py3-none-any.whl,https://files.pythonhosted.org/packages/57/3e/cc064ff38662695cd56f51ab042f39e86c1bfdca10e461c2ff185ba4413b/numerous_apps-0.0.2-py3-none-any.whl,history/numerous-apps.json,"[""deps_dev_direct_sample"", ""deps_dev_repo_mapping""]",
numerous-widgets,"Widgets and patterns for building apps using frameworks like Panel, Marimo, and Jupyter based on the AnyWidget library.",https://pypi.org/project/numerous-widgets/,"[""numerous-com/numerous-widgets"", ""pypa/sampleproject""]",[],False,custom_widget_candidate,source_supported_candidate,False,True,"[""anywidget""]","[""anywidget""]",2024-12-02T14:11:05.122811Z,2024-12-02T14:11:05.122811Z,0.0.2,2024-12-02T14:11:05.122811Z,0.0.2,False,2024-12-02T14:11:05.122811Z,0.0.2,2024-12-02T14:11:05.122811Z,True,"[""anywidget""]",False,not_established,True,False,True,0.3.0,110,2,110,False,0,ok,https://files.pythonhosted.org/packages/94/1a/b813f332dd38935459ad9fa075aac53ca4f0ef8cd24196a3753b5cca4eb3/numerous_widgets-0.0.2-py3-none-any.whl,https://files.pythonhosted.org/packages/94/1a/b813f332dd38935459ad9fa075aac53ca4f0ef8cd24196a3753b5cca4eb3/numerous_widgets-0.0.2-py3-none-any.whl,history/numerous-widgets.json,"[""deps_dev_repo_mapping"", ""pypi_name_index""]",
nwb-video-widgets,Interactive Jupyter widgets for NWB video and pose visualization,https://pypi.org/project/nwb-video-widgets/,"[""catalystneuro/nwb-video-widgets""]",[],False,custom_widget_candidate,source_supported_candidate,False,True,"[""anywidget""]","[""anywidget""]",2026-02-02T15:16:25.951415Z,2026-02-02T15:16:25.951415Z,0.1.0,2026-02-02T15:16:25.951415Z,0.1.0,False,2026-02-02T15:16:25.951415Z,0.1.0,2026-02-02T15:16:25.951415Z,True,"[""anywidget""]",False,not_established,True,True,True,0.1.7,7,2,7,False,0,ok,https://files.pythonhosted.org/packages/9b/7d/67197ed7d6f727c54d6902aafe157565ce377efdd73afc7c549382bc52f6/nwb_video_widgets-0.1.0-py3-none-any.whl,https://files.pythonhosted.org/packages/9b/7d/67197ed7d6f727c54d6902aafe157565ce377efdd73afc7c549382bc52f6/nwb_video_widgets-0.1.0-py3-none-any.whl,history/nwb-video-widgets.json,"[""deps_dev_repo_mapping"", ""pypi_name_index""]",
nyancad,NyanCAD Python library for schematic editor with anywidget integration,https://pypi.org/project/nyancad/,"[""nyancad/mosaic""]",[],False,custom_widget_candidate,source_supported_candidate,False,True,"[""anywidget""]","[""anywidget""]",2025-06-19T11:56:52.424513Z,2025-06-19T11:56:52.424513Z,0.1.0,2025-06-19T11:56:52.424513Z,0.1.0,False,2025-06-19T11:56:52.424513Z,0.1.0,2025-06-19T11:56:52.424513Z,True,"[""anywidget""]",False,not_established,True,True,True,0.18.5,32,2,32,False,0,ok,https://files.pythonhosted.org/packages/df/f9/1b17238bd419f703cc82678e06561cbdddaaef3f039b3ecaf4dca5142ae5/nyancad-0.1.0-py3-none-any.whl,https://files.pythonhosted.org/packages/df/f9/1b17238bd419f703cc82678e06561cbdddaaef3f039b3ecaf4dca5142ae5/nyancad-0.1.0-py3-none-any.whl,history/nyancad.json,"[""deps_dev_direct_sample"", ""deps_dev_repo_mapping""]",
nzshm-rupture-widget,Ipywidgets map widget that can display 3D GeoJSON.,https://pypi.org/project/nzshm-rupture-widget/,"[""gns-science/nzshm-rupture-widget""]","[""GNS-Science/nzshm-rupture-widget""]",True,custom_widget_candidate,source_supported_candidate,True,True,"[""anywidget""]","[""anywidget""]",2024-09-20T04:26:12.327194Z,2024-09-20T04:26:12.327194Z,0.0.0,2024-09-20T04:26:12.327194Z,0.0.0,False,2024-09-20T04:26:12.327194Z,0.0.0,2024-09-20T04:26:12.327194Z,True,"[""anywidget""]",False,not_established,False,False,False,0.0.0.1,2,2,2,False,0,ok,https://files.pythonhosted.org/packages/3e/2d/502437c89c968d6e7533b16b40761b2195510174fde9f1097b65b49790ee/nzshm_rupture_widget-0.0.0-py2.py3-none-any.whl,https://files.pythonhosted.org/packages/3e/2d/502437c89c968d6e7533b16b40761b2195510174fde9f1097b65b49790ee/nzshm_rupture_widget-0.0.0-py2.py3-none-any.whl,history/nzshm-rupture-widget.json,"[""deps_dev_repo_mapping"", ""pypi_name_index""]",
observable-jupyter-widget,Connect Observable notebooks to the Jupyter kernel for two-way interactivity,https://pypi.org/project/observable-jupyter-widget/,"[""thomasballinger/observable-jupyter-widget""]","[""thomasballinger/observable-jupyter-widget""]",True,custom_widget_candidate,source_supported_candidate,True,True,"[""traditional_custom_widget""]","[""traditional_custom_widget""]",2021-11-10T17:39:46.611034Z,2021-11-10T17:39:46.611034Z,0.1.0.dev0,,,,,,,True,"[""traditional_custom_widget""]",False,not_established,False,False,False,0.1.8.dev0,9,2,0,False,0,ok,https://files.pythonhosted.org/packages/82/2e/177eda2f97a81d4952a4c5ff73cfd73af651990408e4972cb7e950f9809f/observable_jupyter_widget-0.1.0.dev0-py2.py3-none-any.whl,,history/observable-jupyter-widget.json,"[""deps_dev_repo_mapping"", ""pypi_name_index""]",
ogdf-python-widget,A Custom Jupyter Widget Library,https://pypi.org/project/ogdf-python-widget/,[],[],False,custom_widget_candidate,source_supported_candidate,False,True,"[""traditional_custom_widget""]","[""traditional_custom_widget""]",2022-06-08T09:46:18.235410Z,2022-06-08T09:46:18.235410Z,0.1.0a0,,,,,,,True,"[""traditional_custom_widget""]",False,not_established,False,False,False,0.1.1,3,2,0,False,0,ok,https://files.pythonhosted.org/packages/62/60/e7f0e8a548c9a3b8b7f2b2b64b7541e1f1943848e58ba56c7cc16a551da7/ogdf_python_widget-0.1.0a0-py2.py3-none-any.whl,,history/ogdf-python-widget.json,"[""pypi_name_index""]",
oleo,Interactive netlist visualisation tools compatible with GDSFactory,https://pypi.org/project/oleo/,"[""daquintero/oleo""]","[""daquintero/oleo""]",True,custom_widget_candidate,source_supported_candidate,True,True,"[""traditional_custom_widget""]","[""traditional_custom_widget""]",2023-06-14T21:19:35.892261Z,2023-06-14T21:19:35.892261Z,0.0.9,,,,,,,True,"[""traditional_custom_widget""]",False,not_established,False,False,False,0.0.9,1,1,1,False,0,ok,https://files.pythonhosted.org/packages/7a/eb/c5bd238526848c952a323305439c7144a37bbd2d8c22db371b90aa3dcab0/oleo-0.0.9-py3-none-any.whl,,history/oleo.json,"[""deps_dev_repo_mapping""]",
oold,Linked data class python package,https://pypi.org/project/oold/,"[""oo-ld/oold-python""]",[],False,custom_widget_candidate,source_supported_candidate,False,True,"[""anywidget""]","[""anywidget""]",2023-09-21T06:35:39.899364Z,2025-08-09T16:58:00.682235Z,0.7.0,2025-08-09T16:58:00.682235Z,0.7.0,False,2025-08-09T16:58:00.682235Z,0.7.0,2025-08-09T16:58:00.682235Z,False,[],False,not_established,False,False,True,2.2.0,48,9,48,False,0,ok,https://files.pythonhosted.org/packages/46/56/92be4e067a7f21b3b169bf1a9c30f9b4ffcfb18f59309649817194dd59c5/oold-0.7.0-py3-none-any.whl,https://files.pythonhosted.org/packages/46/56/92be4e067a7f21b3b169bf1a9c30f9b4ffcfb18f59309649817194dd59c5/oold-0.7.0-py3-none-any.whl,history/oold.json,"[""deps_dev_repo_mapping""]",
open3d,Open3D: A Modern Library for 3D Data Processing.,https://pypi.org/project/open3d/,"[""isl-org/open3d""]","[""isl-org/Open3D""]",True,custom_widget_candidate,source_supported_candidate,True,True,[],"[""traditional_custom_widget""]",2019-09-06T07:21:10.780139Z,2019-09-06T07:21:25.754952Z,0.8.0.0,,,,,,,True,"[""traditional_custom_widget""]",False,not_established,False,False,False,0.20.0,18,1,5,False,0,no_supported_artifact_under_16MiB,https://files.pythonhosted.org/packages/82/67/8c76913af2547196d49f634d5077eb3e7932cdfff8871889864086158f2f/open3d-0.8.0.0-cp37-cp37m-manylinux1_x86_64.whl,,history/open3d.json,"[""deps_dev_direct_sample"", ""deps_dev_repo_mapping""]",
optmentorwidgets,Jupyter Widgets for DIVE virtual learning environment.,https://pypi.org/project/optmentorwidgets/,"[""dive4dec/divewidgets""]","[""dive4dec/divewidgets""]",True,custom_widget_candidate,source_supported_candidate,True,True,"[""traditional_custom_widget""]","[""traditional_custom_widget""]",2025-04-01T09:26:11.071883Z,2025-04-01T16:09:14.832471Z,0.1.10,,,,,,,False,[],False,not_established,True,True,True,0.2.8,16,8,16,False,0,ok,https://files.pythonhosted.org/packages/1e/66/c1cf2416093b4f1d827d621cd88a37a488bdec9d305c31d9e4bb7ceace53/optmentorwidgets-0.1.10-py2.py3-none-any.whl,,history/optmentorwidgets.json,"[""deps_dev_repo_mapping"", ""pypi_name_index""]",
optmwidgets,Jupyter Widgets for DIVE virtual learning environment.,https://pypi.org/project/optmwidgets/,"[""chiwangso2/optmwidgets""]",[],False,custom_widget_candidate,source_supported_candidate,False,True,"[""traditional_custom_widget""]","[""traditional_custom_widget""]",2025-02-10T09:42:35.998894Z,2025-02-10T09:42:35.998894Z,0.1.5,,,,,,,True,"[""traditional_custom_widget""]",False,not_established,True,True,True,0.1.5,1,1,1,False,0,ok,https://files.pythonhosted.org/packages/8c/00/c4d2fe1d1484e1dbd62a2a66014ec23a1a07eee9ae86d4d832b46773f5f1/optmwidgets-0.1.5-py2.py3-none-any.whl,,history/optmwidgets.json,"[""deps_dev_repo_mapping"", ""pypi_name_index""]",
p5widget,An p5.js anywidget for notebooks,https://pypi.org/project/p5widget/,"[""georgeyk/p5-widget""]",[],False,custom_widget_candidate,source_supported_candidate,False,True,"[""anywidget""]","[""anywidget""]",2025-04-21T21:17:43.308271Z,2025-04-21T21:17:43.308271Z,0.1.0,2025-04-21T21:17:43.308271Z,0.1.0,False,2025-04-21T21:17:43.308271Z,0.1.0,2025-04-21T21:17:43.308271Z,True,"[""anywidget""]",False,not_established,True,True,True,0.1.0,1,1,1,False,0,ok,https://files.pythonhosted.org/packages/f7/11/6ddcb58d93335c7662a970c3d19ff7d0c617c8fa86fe6a84387ac7ede3c2/p5widget-0.1.0-py3-none-any.whl,https://files.pythonhosted.org/packages/f7/11/6ddcb58d93335c7662a970c3d19ff7d0c617c8fa86fe6a84387ac7ede3c2/p5widget-0.1.0-py3-none-any.whl,history/p5widget.json,"[""pypi_name_index""]",
pandapower-viz,Interactive web visualizer for pandapower networks,https://pypi.org/project/pandapower-viz/,"[""matheusduartedm/pandapower-viz""]",[],False,custom_widget_candidate,source_supported_candidate,False,True,"[""anywidget""]","[""anywidget""]",2026-03-29T18:14:13.555856Z,2026-03-29T18:14:13.555856Z,0.1.0,2026-03-29T18:14:13.555856Z,0.1.0,False,2026-03-29T18:14:13.555856Z,0.1.0,2026-03-29T18:14:13.555856Z,True,"[""anywidget""]",False,not_established,True,True,True,1.2.0,4,2,4,False,0,ok,https://files.pythonhosted.org/packages/4d/d3/dfc3a5c2c4d694c02f31aa413e1c9f01a6924ff1f73d7315fd1b1002f812/pandapower_viz-0.1.0-py3-none-any.whl,https://files.pythonhosted.org/packages/4d/d3/dfc3a5c2c4d694c02f31aa413e1c9f01a6924ff1f73d7315fd1b1002f812/pandapower_viz-0.1.0-py3-none-any.whl,history/pandapower-viz.json,"[""deps_dev_repo_mapping""]",
pandas-sanddance,Custom Jupyter Widget for SanDance,https://pypi.org/project/pandas-sanddance/,"[""satotake/pandas-sanddance""]","[""satotake/pandas-sanddance""]",True,custom_widget_candidate,source_supported_candidate,True,True,"[""traditional_custom_widget""]","[""traditional_custom_widget""]",2020-05-16T09:01:49.995920Z,2020-05-16T09:01:49.995920Z,0.1.0a0,,,,,,,True,"[""traditional_custom_widget""]",False,not_established,False,False,False,0.2.0,2,2,0,False,0,ok,https://files.pythonhosted.org/packages/42/08/b7a7d301c68ca3f10191c9af7f2fbccf3e745e77691effa75c10a3725530/pandas_sanddance-0.1.0a0.tar.gz,,history/pandas-sanddance.json,"[""deps_dev_repo_mapping""]",
path-vis,Visualize transformation frame paths in Jupyter environments,https://pypi.org/project/path-vis/,"[""matthewandretaylor/path_vis""]",[],False,custom_widget_candidate,source_supported_candidate,False,True,"[""anywidget""]","[""anywidget""]",2026-02-17T22:20:00.270828Z,2026-02-17T22:20:00.270828Z,0.0.1,2026-02-17T22:20:00.270828Z,0.0.1,False,2026-02-17T22:20:00.270828Z,0.0.1,2026-02-17T22:20:00.270828Z,True,"[""anywidget""]",False,not_established,True,True,True,0.0.3,3,2,3,False,0,ok,https://files.pythonhosted.org/packages/ee/50/fd04c7f674375315330f7cc8e9ca3bf39bb87b406a2775dce8ba000a0d16/path_vis-0.0.1-py3-none-any.whl,https://files.pythonhosted.org/packages/ee/50/fd04c7f674375315330f7cc8e9ca3bf39bb87b406a2775dce8ba000a0d16/path_vis-0.0.1-py3-none-any.whl,history/path-vis.json,"[""deps_dev_repo_mapping""]",
patinae,Patinae: Modern molecular visualization in Rust with WebGPU rendering,https://pypi.org/project/patinae/,"[""zmactep/patinae""]",[],False,custom_widget_candidate,source_supported_candidate,False,True,"[""anywidget""]","[""anywidget""]",2026-06-13T20:59:30.944232Z,2026-06-13T21:00:02.773059Z,0.4.0,2026-06-13T21:00:02.773059Z,0.4.0,False,2026-06-13T21:00:02.773059Z,0.4.0,2026-06-13T20:59:30.944232Z,True,"[""anywidget""]",False,not_established,True,True,True,0.5.1,14,2,14,False,0,ok,https://files.pythonhosted.org/packages/86/1d/e399741914ba95a1a579fc102000623e7106561d0083cd32b85aa6f3baaf/patinae-0.4.0-cp314-cp314-win_arm64.whl,https://files.pythonhosted.org/packages/86/1d/e399741914ba95a1a579fc102000623e7106561d0083cd32b85aa6f3baaf/patinae-0.4.0-cp314-cp314-win_arm64.whl,history/patinae.json,"[""deps_dev_repo_mapping""]",
patoka,A collection of Jupyter Lab widgets for IBM Qiskit,https://pypi.org/project/patoka/,"[""see-mike-out/patoka""]",[],False,custom_widget_candidate,source_supported_candidate,False,True,"[""anywidget""]","[""anywidget""]",2025-01-22T22:17:27.778165Z,2025-01-22T22:17:27.778165Z,0.2.7,2025-01-22T22:17:27.778165Z,0.2.7,False,2025-01-22T22:17:27.778165Z,0.2.7,2025-01-22T22:17:27.778165Z,True,"[""anywidget""]",False,not_established,True,False,True,0.2.16,8,2,8,False,0,ok,https://files.pythonhosted.org/packages/ce/92/d1280763f61a7a966aa8420763df624a0929bbc53b9735c920362d3016a3/patoka-0.2.7-py3-none-any.whl,https://files.pythonhosted.org/packages/ce/92/d1280763f61a7a966aa8420763df624a0929bbc53b9735c920362d3016a3/patoka-0.2.7-py3-none-any.whl,history/patoka.json,"[""deps_dev_repo_mapping""]",
pdpilot,A Jupyter widget for exploring PDP and ICE plots.,https://pypi.org/project/pdpilot/,"[""danielkerrigan/pdpilot""]","[""DanielKerrigan/PDPilot""]",True,custom_widget_candidate,source_supported_candidate,True,True,"[""traditional_custom_widget""]","[""traditional_custom_widget""]",2023-02-22T19:51:12.738191Z,2023-02-22T19:51:12.738191Z,0.4.0,,,,,,,True,"[""traditional_custom_widget""]",False,not_established,False,False,False,0.6.1,17,2,17,False,0,ok,https://files.pythonhosted.org/packages/8c/79/8382d5dcbd7ffcab9140a94fce3ecf39e83b07c80d0b4ca7f804bf173f6c/pdpilot-0.4.0-py2.py3-none-any.whl,,history/pdpilot.json,"[""deps_dev_repo_mapping""]",
peaksjs-widget,ipywidget to interact with audio waveforms through peaks.js,https://pypi.org/project/peaksjs-widget/,"[""ktonal/peaksjs-widget""]",[],False,custom_widget_candidate,source_supported_candidate,False,True,"[""traditional_custom_widget""]","[""traditional_custom_widget""]",2023-04-11T04:43:47.389696Z,2023-04-11T04:43:47.389696Z,0.1.0,,,,,,,True,"[""traditional_custom_widget""]",False,not_established,False,False,False,0.2.1,7,2,7,False,0,ok,https://files.pythonhosted.org/packages/39/34/0c311c1dad7930ac08ebeae3586adb31a765c27a2f61dcaad20dc2f41bab/peaksjs_widget-0.1.0-py3-none-any.whl,,history/peaksjs-widget.json,"[""pypi_name_index""]",
persist-ext,PersIst is a JupyterLab extension to enable persistent interactive visualizations in JupyterLab notebooks.,https://pypi.org/project/persist-ext/,"[""visdesignlab/persist""]","[""visdesignlab/persist""]",True,custom_widget_candidate,source_supported_candidate,True,True,"[""anywidget""]","[""anywidget""]",2023-06-25T20:11:27.452214Z,2023-10-22T08:42:08.121213Z,0.1.0,2023-10-22T08:42:08.121213Z,0.1.0,False,2023-10-22T08:42:08.121213Z,0.1.0,2023-10-22T08:37:57.765968Z,False,[],False,not_established,False,False,False,1.6.2,35,10,35,False,0,ok,https://files.pythonhosted.org/packages/9b/43/5895710579e4ff1de0ed2d72f47dde2083e080f981854f60954faae7fb65/persist_ext-0.1.0-py3-none-any.whl,https://files.pythonhosted.org/packages/9b/43/5895710579e4ff1de0ed2d72f47dde2083e080f981854f60954faae7fb65/persist_ext-0.1.0-py3-none-any.whl,history/persist-ext.json,"[""deps_dev_repo_mapping""]",
perspective-python,,https://pypi.org/project/perspective-python/,"[""perspective-dev/perspective""]","[""finos/perspective""]",True,custom_widget_candidate,source_supported_candidate,True,True,"[""anywidget""]","[""anywidget"", ""traditional_custom_widget""]",2018-01-30T21:26:59.156300Z,2018-09-04T15:10:29.373370Z,0.0.12,2026-07-28T02:56:46.258011Z,5.0.0,False,2026-07-28T02:56:46.258011Z,5.0.0,2026-07-28T02:56:42.171726Z,False,[],True,review_component_continuity,False,False,False,5.5.1,149,14,88,False,0,ok,https://files.pythonhosted.org/packages/1a/69/1ea672e0428a2707dbe653af31d6e5da4eb69d52086464dcf4b03eadadc2/perspective-python-0.0.12.tar.gz,https://files.pythonhosted.org/packages/0b/dc/44fb22b19413e738eb47716c652b3ca736a26100452f7ea19d27171e562c/perspective_python-5.0.0-cp311-abi3-manylinux_2_28_aarch64.whl,history/perspective-python.json,"[""deps_dev_repo_mapping""]",
pfund-plot,A library for financial data visualization,https://pypi.org/project/pfund-plot/,"[""pfund-software-ltd/pfund-plot""]",[],False,custom_widget_candidate,source_supported_candidate,False,True,"[""anywidget""]","[""anywidget""]",2024-10-18T09:04:23.800664Z,2026-06-05T14:49:56.550649Z,0.0.1,2026-06-05T14:49:56.550649Z,0.0.1,False,2026-06-05T14:49:56.550649Z,0.0.1,2026-06-05T14:49:56.550649Z,False,[],False,not_established,False,False,True,0.0.5,8,5,8,False,0,ok,https://files.pythonhosted.org/packages/38/d3/989d69a7415f39d547bf70a821bd6b350a27036f053e2bd7163706118793/pfund_plot-0.0.1-py3-none-any.whl,https://files.pythonhosted.org/packages/38/d3/989d69a7415f39d547bf70a821bd6b350a27036f053e2bd7163706118793/pfund_plot-0.0.1-py3-none-any.whl,history/pfund-plot.json,"[""deps_dev_repo_mapping""]",
pgljupyter,PlantGL and L-Py Jupyter widgets,https://pypi.org/project/pgljupyter/,"[""fredboudon/plantgl-jupyter""]","[""fredboudon/plantgl-jupyter""]",True,custom_widget_candidate,source_supported_candidate,True,True,"[""traditional_custom_widget""]","[""traditional_custom_widget""]",2020-08-13T07:47:13.648134Z,2020-08-13T07:47:13.648134Z,0.1.9,,,,,,,True,"[""traditional_custom_widget""]",False,not_established,False,False,False,2.0.0,31,2,0,False,0,ok,https://files.pythonhosted.org/packages/ac/19/615c962d3a658f74bf0004e802330d3e83502a3b555be1df85c7ef991db8/pgljupyter-0.1.9-py2.py3-none-any.whl,,history/pgljupyter.json,"[""deps_dev_repo_mapping""]",
photonviz,"GPU-accelerated (WebGL2) charts for Jupyter, JupyterLab and Google Colab",https://pypi.org/project/photonviz/,"[""coredumpdev/photon""]",[],False,custom_widget_candidate,source_supported_candidate,False,True,"[""anywidget""]","[""anywidget""]",2026-07-25T19:55:43.916214Z,2026-07-25T19:55:43.916214Z,0.5.0,2026-07-25T19:55:43.916214Z,0.5.0,False,2026-07-25T19:55:43.916214Z,0.5.0,2026-07-25T19:55:43.916214Z,True,"[""anywidget""]",False,not_established,True,True,True,0.7.2,5,2,5,False,0,ok,https://files.pythonhosted.org/packages/e3/d9/defb4cfa881fbaeec898a847cb53acdda0b95fb47d45e86915cd2c9a50d6/photonviz-0.5.0-py3-none-any.whl,https://files.pythonhosted.org/packages/e3/d9/defb4cfa881fbaeec898a847cb53acdda0b95fb47d45e86915cd2c9a50d6/photonviz-0.5.0-py3-none-any.whl,history/photonviz.json,"[""deps_dev_repo_mapping""]",
picogym,small modular simulation environments,https://pypi.org/project/picogym/,"[""matthewandretaylor/picogym""]",[],False,custom_widget_candidate,source_supported_candidate,False,True,"[""anywidget""]","[""anywidget""]",2026-08-07T18:03:53.673079Z,2026-08-07T18:03:53.673079Z,0.0.5,2026-08-07T18:03:53.673079Z,0.0.5,False,2026-08-07T18:03:53.673079Z,0.0.5,2026-08-07T18:03:53.673079Z,True,"[""anywidget""]",False,not_established,True,True,True,0.0.5,1,1,1,False,0,ok,https://files.pythonhosted.org/packages/06/6d/a3efa2c24e8d425cb95780dd5394b0a4239aa0290e8e28b9329c1e1c6bf6/picogym-0.0.5-py3-none-any.whl,https://files.pythonhosted.org/packages/06/6d/a3efa2c24e8d425cb95780dd5394b0a4239aa0290e8e28b9329c1e1c6bf6/picogym-0.0.5-py3-none-any.whl,history/picogym.json,"[""deps_dev_repo_mapping""]",
plexgraph,"Interactive graph visualization for multilayer, temporal and hypergraph networks, in notebooks and the browser.",https://pypi.org/project/plexgraph/,"[""instabaines/plexgraph""]",[],False,custom_widget_candidate,source_supported_candidate,False,True,"[""anywidget""]","[""anywidget""]",2026-09-24T14:27:49.153594Z,2026-09-24T14:27:49.153594Z,0.2.0,2026-09-24T14:27:49.153594Z,0.2.0,False,2026-09-24T14:27:49.153594Z,0.2.0,2026-09-24T14:27:49.153594Z,True,"[""anywidget""]",False,not_established,True,True,True,0.2.0,1,1,1,False,0,ok,https://files.pythonhosted.org/packages/78/31/6b72e8e3b3b74180a9727e0a492d54fbf1ed3faa756e044c0b01711f8982/plexgraph-0.2.0-py3-none-any.whl,https://files.pythonhosted.org/packages/78/31/6b72e8e3b3b74180a9727e0a492d54fbf1ed3faa756e044c0b01711f8982/plexgraph-0.2.0-py3-none-any.whl,history/plexgraph.json,"[""deps_dev_repo_mapping""]",
plopp,Visualization library for Scipp,https://pypi.org/project/plopp/,"[""scipp/plopp""]",[],False,custom_widget_candidate,source_supported_candidate,False,True,"[""anywidget""]","[""anywidget""]",2022-08-25T17:05:57.487318Z,2026-09-23T14:14:32.495003Z,26.9.0,2026-09-23T14:14:32.495003Z,26.9.0,False,2026-09-23T14:14:32.495003Z,26.9.0,2025-02-21T21:39:56.693978Z,False,[],False,not_established,False,False,True,26.9.0,63,41,55,False,0,ok,https://files.pythonhosted.org/packages/7f/7e/8139f0faa2ff7aee2759300061e4b7e5e661775bcd5bf70810d0793af48a/plopp-26.9.0-py3-none-any.whl,https://files.pythonhosted.org/packages/7f/7e/8139f0faa2ff7aee2759300061e4b7e5e661775bcd5bf70810d0793af48a/plopp-26.9.0-py3-none-any.whl,history/plopp.json,"[""deps_dev_repo_mapping""]",
plotly,An open-source interactive data visualization library for Python,https://pypi.org/project/plotly/,"[""plotly/plotly.py""]","[""plotly/plotly.py""]",True,custom_widget_package,accepted_after_assistant_review,True,True,"[""anywidget""]","[""anywidget"", ""traditional_custom_widget""]",2013-06-12T23:28:58.185010Z,2024-09-12T15:36:31.068677Z,5.24.1,2024-11-27T20:13:52.098925Z,6.0.0rc0,True,2025-01-28T19:33:47.777265Z,6.0.0,2025-06-26T16:20:40.760696Z,False,[],True,component_transition_supported,False,False,False,7.1.0,320,23,40,False,0,ok,https://files.pythonhosted.org/packages/79/4f/428f6d959818d7425a94c190a6b26fbc58035cbef40bf249be0b62a9aedd/plotly-5.24.1.tar.gz,https://files.pythonhosted.org/packages/45/1b/3c058b6e883a7ddc122b3d0e6552bff1b5b4ab712444bb4e320517d9b944/plotly-6.0.0rc0-py3-none-any.whl,history/plotly.json,"[""deps_dev_repo_mapping""]","BaseFigureWidget is a traditional custom widget in 5.24.1 and an anywidget subclass in 6.0.0rc0, followed by stable 6.0.0. Dependency metadata first declares anywidget later, so its date is not used as the implementation date."
plotomics,"High-performance bioinformatics visualization widgets (volcano, heatmaps, dot plot, violin, embedding, spatial, oncoprint, lollipop, Kaplan-Meier, signature profile, UpSet, treemap, network, Hi-C, genome viewers) backed by a shared JavaScript core.",https://pypi.org/project/plotomics/,"[""samuelbharti/plotomics""]",[],False,custom_widget_candidate,source_supported_candidate,False,True,"[""anywidget""]","[""anywidget""]",2026-08-14T00:14:54.691149Z,2026-08-14T00:14:54.691149Z,0.1.0,2026-08-14T00:14:54.691149Z,0.1.0,False,2026-08-14T00:14:54.691149Z,0.1.0,2026-08-14T00:14:54.691149Z,True,"[""anywidget""]",False,not_established,True,True,True,0.2.0,2,2,2,False,0,ok,https://files.pythonhosted.org/packages/69/66/cd0438caa26c37d7e27b3bf5f0a0258cfdfe0803474d07d8b8eb7a7ad61c/plotomics-0.1.0-py3-none-any.whl,https://files.pythonhosted.org/packages/69/66/cd0438caa26c37d7e27b3bf5f0a0258cfdfe0803474d07d8b8eb7a7ad61c/plotomics-0.1.0-py3-none-any.whl,history/plotomics.json,"[""deps_dev_repo_mapping""]",
pluot-widget,AnyWidget for rendering Pluot visualizations client-side via WebAssembly. Pure python package.,https://pypi.org/project/pluot-widget/,"[""keller-mark/pluot""]",[],False,custom_widget_candidate,source_supported_candidate,False,True,"[""anywidget""]","[""anywidget""]",2026-09-25T00:29:41.405718Z,2026-09-25T00:29:41.405718Z,0.0.1,2026-09-25T00:29:41.405718Z,0.0.1,False,2026-09-25T00:29:41.405718Z,0.0.1,2026-09-25T00:29:41.405718Z,True,"[""anywidget""]",False,not_established,True,True,True,0.1.23,3,2,3,False,0,ok,https://files.pythonhosted.org/packages/82/46/3e89d00767db4f10ac9ecbca1290ccc8301da2fec60faae72b2ba6425a86/pluot_widget-0.0.1-py3-none-any.whl,https://files.pythonhosted.org/packages/82/46/3e89d00767db4f10ac9ecbca1290ccc8301da2fec60faae72b2ba6425a86/pluot_widget-0.0.1-py3-none-any.whl,history/pluot-widget.json,"[""deps_dev_repo_mapping"", ""pypi_name_index""]",
powerbiclient,A Custom Jupyter Widget Library,https://pypi.org/project/powerbiclient/,"[""microsoft/powerbi-jupyter""]","[""microsoft/powerbi-jupyter""]",True,custom_widget_candidate,source_supported_candidate,True,True,"[""traditional_custom_widget""]","[""traditional_custom_widget""]",2021-05-10T11:13:42.544443Z,2021-05-10T11:13:42.544443Z,0.1.3.dev0,,,,,,,True,"[""traditional_custom_widget""]",False,not_established,False,False,False,3.1.1,13,2,4,False,0,ok,https://files.pythonhosted.org/packages/ee/34/e7256070f3f10bf1e5b5bbc714e8afe684e872eb5b8b662a2f04dbdce323/powerbiclient-0.1.3.dev0-py2.py3-none-any.whl,,history/powerbiclient.json,"[""deps_dev_repo_mapping""]",
process-tree-widget,Interactive process tree visualization widget for security and forensics analysis in marimo notebooks,https://pypi.org/project/process-tree-widget/,[],[],False,custom_widget_candidate,source_supported_candidate,False,True,"[""anywidget""]","[""anywidget""]",2025-10-08T09:56:34.800655Z,2025-10-08T09:56:34.800655Z,0.0.1,2025-10-08T09:56:34.800655Z,0.0.1,False,2025-10-08T09:56:34.800655Z,0.0.1,2025-10-08T09:56:34.800655Z,True,"[""anywidget""]",False,not_established,True,True,True,0.1.8,9,2,9,False,0,ok,https://files.pythonhosted.org/packages/bb/68/0622ccb2fb4fe3c17b30fef7cc715dd557b0aa99e19c9eb74b3715a783e3/process_tree_widget-0.0.1-py2.py3-none-any.whl,https://files.pythonhosted.org/packages/bb/68/0622ccb2fb4fe3c17b30fef7cc715dd557b0aa99e19c9eb74b3715a783e3/process_tree_widget-0.0.1-py2.py3-none-any.whl,history/process-tree-widget.json,"[""pypi_name_index""]",
psiqdk-visualize,Jupyter widget for rendering Circuit and QRE files,https://pypi.org/project/psiqdk-visualize/,[],[],False,custom_widget_candidate,source_supported_candidate,False,True,"[""anywidget""]","[""anywidget""]",2026-04-10T11:35:52.820087Z,2026-05-26T22:21:17.986639Z,0.97.2,2026-05-26T22:21:17.986639Z,0.97.2,False,2026-05-26T22:21:17.986639Z,0.97.2,2026-05-26T22:21:17.986639Z,False,[],False,not_established,True,True,True,1.1.0,6,3,6,False,0,ok,https://files.pythonhosted.org/packages/82/d5/0567800d4e391c044670bfd67cbf6f9c5fbcd8c1cd83d33f72780b59988c/psiqdk_visualize-0.97.2-py3-none-any.whl,https://files.pythonhosted.org/packages/82/d5/0567800d4e391c044670bfd67cbf6f9c5fbcd8c1cd83d33f72780b59988c/psiqdk_visualize-0.97.2-py3-none-any.whl,history/psiqdk-visualize.json,"[""deps_dev_direct_sample""]",
puzzle-widget,Jupyter widget where students drag scrambled code lines into the correct order (the %%puzzle cell magic),https://pypi.org/project/puzzle-widget/,"[""munch-group/puzzle-widget""]",[],False,custom_widget_candidate,source_supported_candidate,False,True,"[""anywidget""]","[""anywidget""]",2026-07-19T18:51:11.599675Z,2026-07-19T18:51:11.599675Z,0.1.6,2026-07-19T18:51:11.599675Z,0.1.6,False,2026-07-19T18:51:11.599675Z,0.1.6,2026-07-19T18:51:11.599675Z,True,"[""anywidget""]",False,not_established,True,True,True,0.1.21,11,2,11,False,0,ok,https://files.pythonhosted.org/packages/47/0e/b863dd6ad3d093225225d589cc577d635faf13ab95ed73b3cd21b04189b9/puzzle_widget-0.1.6-py3-none-any.whl,https://files.pythonhosted.org/packages/47/0e/b863dd6ad3d093225225d589cc577d635faf13ab95ed73b3cd21b04189b9/puzzle_widget-0.1.6-py3-none-any.whl,history/puzzle-widget.json,"[""pypi_name_index""]",
py5jupyter,Jupyter tools for py5,https://pypi.org/project/py5jupyter/,"[""py5coding/py5jupyter""]","[""py5coding/py5jupyter""]",True,custom_widget_candidate,source_supported_candidate,True,True,[],"[""traditional_custom_widget""]",2022-05-16T16:37:11.037158Z,2022-05-16T16:37:11.037158Z,0.1.2a0,,,,,,,True,"[""traditional_custom_widget""]",False,not_established,False,False,False,0.2.1a0,4,2,2,False,0,ok,https://files.pythonhosted.org/packages/b4/92/4cabca434391d3f5306d11d2643493458853286e789f24db3deff01692d5/py5jupyter-0.1.2a0-py2.py3-none-any.whl,,history/py5jupyter.json,"[""deps_dev_repo_mapping""]",
pyabc2,Python ABC notation tools,https://pypi.org/project/pyabc2/,"[""zmoon/pyabc2""]",[],False,custom_widget_candidate,source_supported_candidate,False,True,"[""anywidget""]","[""anywidget""]",2022-11-28T23:16:30.965857Z,2026-01-20T19:39:57.231112Z,0.1.1,2026-01-20T19:39:57.231112Z,0.1.1,False,2026-01-20T19:39:57.231112Z,0.1.1,2026-01-20T19:39:57.231112Z,False,[],False,not_established,False,False,True,0.1.3,7,6,7,False,0,ok,https://files.pythonhosted.org/packages/c3/7e/989df37e2ac052aa9be631ff19dd9f2c381dd1861da61752c5e5e3fb9fbd/pyabc2-0.1.1-py3-none-any.whl,https://files.pythonhosted.org/packages/c3/7e/989df37e2ac052aa9be631ff19dd9f2c381dd1861da61752c5e5e3fb9fbd/pyabc2-0.1.1-py3-none-any.whl,history/pyabc2.json,"[""deps_dev_repo_mapping""]",
pyannotebook,pyannote jupyter widget,https://pypi.org/project/pyannotebook/,"[""hbredin/pyannotebook"", ""pyannote/pyannotebook""]","[""hbredin/pyannotebook""]",True,custom_widget_candidate,source_supported_candidate,True,True,"[""traditional_custom_widget""]","[""traditional_custom_widget""]",2022-12-09T12:42:12.816167Z,2022-12-09T12:42:12.816167Z,0.1.0.dev0,,,,,,,True,"[""traditional_custom_widget""]",False,not_established,False,False,False,0.1.0.dev0,1,1,1,False,0,ok,https://files.pythonhosted.org/packages/84/e8/00cc792810134c037c1988ab78d12f1daad798511af6d51908ca1f74754e/pyannotebook-0.1.0.dev0-py3-none-any.whl,,history/pyannotebook.json,"[""repository_package_declaration""]",
pybabylonjs,BabylonJS widget,https://pypi.org/project/pybabylonjs/,"[""tiledb-inc/tiledb-pybabylonjs""]","[""TileDB-Inc/TileDB-PyBabylonJS""]",True,custom_widget_candidate,source_supported_candidate,True,True,"[""traditional_custom_widget""]","[""traditional_custom_widget""]",2021-03-18T14:45:22.876210Z,2021-03-18T14:45:22.876210Z,0.1.0.dev0,,,,,,,True,"[""traditional_custom_widget""]",False,not_established,False,False,False,1.6.3,57,2,33,False,0,ok,https://files.pythonhosted.org/packages/a8/f7/e864a8347cd011a7bbb74a82d876f5fdc5f47a3e74e3202e5e0ce1b412f9/pybabylonjs-0.1.0.dev0-py2.py3-none-any.whl,,history/pybabylonjs.json,"[""deps_dev_repo_mapping""]",
pydgey,Interactive pipeline widgets for Google Colab and Jupyter.,https://pypi.org/project/pydgey/,"[""leightonpayne/pydgey""]",[],False,custom_widget_candidate,source_supported_candidate,False,True,"[""anywidget""]","[""anywidget""]",2026-02-01T20:11:13.248252Z,2026-02-01T20:11:13.248252Z,0.1.0,2026-02-01T20:11:13.248252Z,0.1.0,False,2026-02-01T20:11:13.248252Z,0.1.0,2026-02-01T20:11:13.248252Z,True,"[""anywidget""]",False,not_established,True,True,True,0.1.0,1,1,1,False,0,ok,https://files.pythonhosted.org/packages/dd/0f/6607936087d283ec231f1058420b6d3afb93b558ef02f24a83c1d4b3e83a/pydgey-0.1.0-py3-none-any.whl,https://files.pythonhosted.org/packages/dd/0f/6607936087d283ec231f1058420b6d3afb93b558ef02f24a83c1d4b3e83a/pydgey-0.1.0-py3-none-any.whl,history/pydgey.json,"[""deps_dev_repo_mapping""]",
pyesasky,ESASky Python wrapper,https://pypi.org/project/pyesasky/,"[""esdc-esac-esa-int/pyesasky""]","[""esdc-esac-esa-int/pyesasky""]",True,custom_widget_candidate,source_supported_candidate,True,True,"[""traditional_custom_widget""]","[""traditional_custom_widget""]",2019-10-04T12:09:12.342482Z,2019-10-04T12:09:12.342482Z,1.2.0,,,,,,,True,"[""traditional_custom_widget""]",False,not_established,False,False,False,2.0.6,38,2,7,False,0,ok,https://files.pythonhosted.org/packages/90/94/055014fe10c8734c5d422beff63672f407f75880fd43bded42f2f54a4f51/pyesasky-1.2.0-py2.py3-none-any.whl,,history/pyesasky.json,"[""deps_dev_repo_mapping""]",
pyglobegl,anywidget wrapper for globe.gl,https://pypi.org/project/pyglobegl/,"[""owenlamont/pyglobegl""]",[],False,custom_widget_candidate,source_supported_candidate,False,True,"[""anywidget""]","[""anywidget""]",2026-01-11T14:27:39.017943Z,2026-01-11T14:27:39.017943Z,0.1.0,2026-01-11T14:27:39.017943Z,0.1.0,False,2026-01-11T14:27:39.017943Z,0.1.0,2026-01-11T14:27:39.017943Z,True,"[""anywidget""]",False,not_established,True,True,True,0.9.1,12,2,12,False,0,ok,https://files.pythonhosted.org/packages/61/8f/9c3c26982b6fec39fee8b93076c5d59ac325b9e299e679fb8e037e9ecd3d/pyglobegl-0.1.0-py3-none-any.whl,https://files.pythonhosted.org/packages/61/8f/9c3c26982b6fec39fee8b93076c5d59ac325b9e299e679fb8e037e9ecd3d/pyglobegl-0.1.0-py3-none-any.whl,history/pyglobegl.json,"[""deps_dev_repo_mapping""]",
pyglvis,Jupyter Widget for GLVis,https://pypi.org/project/pyglvis/,"[""glvis/pyglvis""]","[""GLVis/pyglvis""]",True,custom_widget_candidate,source_supported_candidate,True,True,"[""traditional_custom_widget""]","[""traditional_custom_widget""]",2019-02-07T03:58:16.857867Z,2019-02-07T03:58:16.857867Z,0.1.0b1,,,,,,,True,"[""traditional_custom_widget""]",False,not_established,False,False,False,0.1.2,2,2,0,False,0,ok,https://files.pythonhosted.org/packages/89/02/e9dc84033422ad4256463b61e8d13d7cd7622b99e49d624c342d649e07fd/pyglvis-0.1.0b1.tar.gz,,history/pyglvis.json,"[""deps_dev_repo_mapping""]",
pygv,,https://pypi.org/project/pygv/,"[""manzt/pygv""]","[""manzt/pygv""]",True,custom_widget_candidate,source_supported_candidate,True,True,"[""anywidget""]","[""anywidget""]",2024-03-30T18:29:43.442772Z,2024-03-30T18:30:05.953720Z,0.0.0,2024-03-30T18:30:05.953720Z,0.0.0,False,2024-03-30T18:30:05.953720Z,0.0.0,2024-03-30T18:29:43.442772Z,True,"[""anywidget""]",False,not_established,False,False,False,0.2.2,5,2,5,False,0,ok,https://files.pythonhosted.org/packages/11/b0/a2279ad5f20f2c6b73b3e51f0ae50eb2c01745cc60838fbca58a4d6387fa/pygv-0.0.0-py2.py3-none-any.whl,https://files.pythonhosted.org/packages/11/b0/a2279ad5f20f2c6b73b3e51f0ae50eb2c01745cc60838fbca58a4d6387fa/pygv-0.0.0-py2.py3-none-any.whl,history/pygv.json,"[""deps_dev_repo_mapping""]",
pygwalker,pygwalker: turn your data into an interactive UI for data exploration and visualization,https://pypi.org/project/pygwalker/,"[""kanaries/pygwalker""]","[""Kanaries/pygwalker""]",True,custom_widget_candidate,source_supported_candidate,True,True,"[""anywidget""]","[""anywidget""]",2023-02-16T19:23:33.378704Z,2024-10-26T14:44:44.988952Z,0.4.9.11,2024-10-26T14:44:44.988952Z,0.4.9.11,False,2024-10-26T14:44:44.988952Z,0.4.9.11,2024-10-26T14:44:44.988952Z,False,[],False,not_established,False,False,False,0.5.0.1,223,34,223,False,0,ok,https://files.pythonhosted.org/packages/c1/90/190574f9316bd21454fe7993826f84199877328001d3afea59c8517102c3/pygwalker-0.4.9.11-py3-none-any.whl,https://files.pythonhosted.org/packages/c1/90/190574f9316bd21454fe7993826f84199877328001d3afea59c8517102c3/pygwalker-0.4.9.11-py3-none-any.whl,history/pygwalker.json,"[""deps_dev_direct_sample"", ""deps_dev_repo_mapping""]",
pyironflow,react xyflow for pyiron,https://pypi.org/project/pyironflow/,"[""pyiron/pyironflow""]","[""pyiron/pyironFlow""]",True,custom_widget_candidate,source_supported_candidate,True,True,"[""anywidget""]","[""anywidget""]",2024-10-18T14:20:37.815335Z,2024-10-18T14:20:37.815335Z,0.0.1,2024-10-18T14:20:37.815335Z,0.0.1,False,2024-10-18T14:20:37.815335Z,0.0.1,2024-10-18T14:20:37.815335Z,True,"[""anywidget""]",False,not_established,False,False,False,0.1.3,27,2,27,False,0,ok,https://files.pythonhosted.org/packages/c6/78/d7291c2607d143a774247b31255dcb5ede42491a0c8e2ab5c63b051a97c7/pyironflow-0.0.1-py3-none-any.whl,https://files.pythonhosted.org/packages/c6/78/d7291c2607d143a774247b31255dcb5ede42491a0c8e2ab5c63b051a97c7/pyironflow-0.0.1-py3-none-any.whl,history/pyironflow.json,"[""deps_dev_direct_sample"", ""deps_dev_repo_mapping""]",
pylifemap,Taxonomy data visualizations on the Lifemap tree of life,https://pypi.org/project/pylifemap/,"[""lifemap-tol/pylifemap""]","[""juba/pylifemap""]",True,custom_widget_candidate,source_supported_candidate,True,True,"[""anywidget""]","[""anywidget""]",2025-12-11T17:10:59.428660Z,2025-12-11T17:10:59.428660Z,0.1,2025-12-11T17:10:59.428660Z,0.1,False,2025-12-11T17:10:59.428660Z,0.1,2025-12-11T17:10:59.428660Z,True,"[""anywidget""]",False,not_established,True,True,True,0.2.1,6,2,6,False,0,ok,https://files.pythonhosted.org/packages/5b/58/91cddd2b91643ea2e0f35abefd2d3b6ee18aa18b14b3a7b635aaaec21bed/pylifemap-0.1-py3-none-any.whl,https://files.pythonhosted.org/packages/5b/58/91cddd2b91643ea2e0f35abefd2d3b6ee18aa18b14b3a7b635aaaec21bed/pylifemap-0.1-py3-none-any.whl,history/pylifemap.json,"[""deps_dev_repo_mapping""]",
pymatviz,A toolkit for visualizations in materials informatics,https://pypi.org/project/pymatviz/,"[""janosh/pymatviz""]",[],False,custom_widget_candidate,source_supported_candidate,False,True,"[""anywidget""]","[""anywidget""]",2022-03-01T21:19:01.853075Z,2025-07-24T17:58:16.182612Z,0.17.0,2025-07-24T17:58:16.182612Z,0.17.0,False,2025-07-24T17:58:16.182612Z,0.17.0,2025-07-24T17:58:16.182612Z,False,[],False,not_established,False,False,True,0.18.0,44,34,37,False,0,ok,https://files.pythonhosted.org/packages/76/5f/9bff4f9c1393dbc1838c0048e831f2fa2e14b3ede74b29048eb205664e66/pymatviz-0.17.0-py3-none-any.whl,https://files.pythonhosted.org/packages/76/5f/9bff4f9c1393dbc1838c0048e831f2fa2e14b3ede74b29048eb205664e66/pymatviz-0.17.0-py3-none-any.whl,history/pymatviz.json,"[""deps_dev_direct_sample"", ""deps_dev_repo_mapping""]",
pymotif,jupyter widget bindings for the motif library,https://pypi.org/project/pymotif/,"[""cylynx/motif.gl""]","[""cylynx/motif.gl""]",True,custom_widget_candidate,source_supported_candidate,True,True,"[""traditional_custom_widget""]","[""traditional_custom_widget""]",2021-05-21T02:37:36.131201Z,2021-05-21T02:37:36.131201Z,0.0.1.dev0,,,,,,,True,"[""traditional_custom_widget""]",False,not_established,False,False,False,0.0.6,12,2,0,False,0,ok,https://files.pythonhosted.org/packages/16/7c/6e4e26b7cff4c756af43b9ff40854b0c462ebe87438e85c3eceb39ceb996/pymotif-0.0.1.dev0-py2.py3-none-any.whl,,history/pymotif.json,"[""deps_dev_repo_mapping""]",
pymyio,Python bindings for the myIO d3.js chart library,https://pypi.org/project/pymyio/,"[""mortonanalytics/myio"", ""mortonanalytics/pymyio""]",[],False,custom_widget_candidate,source_supported_candidate,False,True,"[""anywidget""]","[""anywidget""]",2026-05-05T03:12:17.187097Z,2026-05-05T03:12:17.187097Z,0.1.0,2026-05-05T03:12:17.187097Z,0.1.0,False,2026-05-05T03:12:17.187097Z,0.1.0,2026-05-05T03:12:17.187097Z,True,"[""anywidget""]",False,not_established,True,True,True,0.4.0,6,2,6,False,0,ok,https://files.pythonhosted.org/packages/d0/7e/f0b9fd5c7287ed7a700310642853bd6e301956cd90bd9040bd3f9babf64a/pymyio-0.1.0-py3-none-any.whl,https://files.pythonhosted.org/packages/d0/7e/f0b9fd5c7287ed7a700310642853bd6e301956cd90bd9040bd3f9babf64a/pymyio-0.1.0-py3-none-any.whl,history/pymyio.json,"[""deps_dev_direct_sample"", ""deps_dev_repo_mapping""]",
pynodewidget,A Python wrapper for ReactFlow using AnyWidget - build interactive node graphs without JavaScript,https://pypi.org/project/pynodewidget/,"[""henningscheufler/pynodewidget""]",[],False,custom_widget_package,accepted_after_assistant_review,False,True,"[""anywidget""]","[""anywidget""]",2025-11-24T16:09:42.488808Z,2025-11-24T16:09:42.488808Z,0.1.0,2025-11-24T16:09:42.488808Z,0.1.0,False,2025-11-24T16:09:42.488808Z,0.1.0,2025-11-24T16:09:42.488808Z,True,"[""anywidget""]",False,not_established,True,True,True,0.2.3,5,2,5,False,0,ok,https://files.pythonhosted.org/packages/fa/82/0eeacb23de0b396b7cebeafeb0acc9cce5c42d8adee074acdafc5369901e/pynodewidget-0.1.0-py3-none-any.whl,https://files.pythonhosted.org/packages/fa/82/0eeacb23de0b396b7cebeafeb0acc9cce5c42d8adee074acdafc5369901e/pynodewidget-0.1.0-py3-none-any.whl,history/pynodewidget.json,"[""deps_dev_repo_mapping"", ""pypi_name_index""]",Published React Flow integration exports NodeFlowWidget; released source defines anywidget subclasses in pynodewidget/widget.py.
pyobservablejs,Observable notebooks as Python widgets and headless computations,https://pypi.org/project/pyobservablejs/,"[""peter-gy/pyobservablejs""]",[],False,custom_widget_candidate,source_supported_candidate,False,True,"[""anywidget""]","[""anywidget""]",2026-06-02T16:35:10.090902Z,2026-06-02T16:35:10.090902Z,0.0.0rc1,2026-06-02T16:35:10.090902Z,0.0.0rc1,True,2026-09-18T06:18:37.069211Z,0.2.1,2026-06-02T16:35:10.090902Z,True,"[""anywidget""]",False,not_established,True,True,True,0.2.1,16,3,16,False,0,ok,https://files.pythonhosted.org/packages/8b/77/6de82fa856823e75cdd499f2eec18e2abb8d3ec1c19b43c7aa04bc78082b/pyobservablejs-0.0.0rc1-py3-none-any.whl,https://files.pythonhosted.org/packages/8b/77/6de82fa856823e75cdd499f2eec18e2abb8d3ec1c19b43c7aa04bc78082b/pyobservablejs-0.0.0rc1-py3-none-any.whl,history/pyobservablejs.json,"[""deps_dev_repo_mapping""]",
pyobsplot,Observable Plot in Jupyter notebooks and Quarto documents,https://pypi.org/project/pyobsplot/,"[""juba/pyobsplot""]","[""juba/pyobsplot""]",True,custom_widget_candidate,source_supported_candidate,True,True,"[""anywidget""]","[""anywidget""]",2023-03-30T07:21:58.168937Z,2023-03-30T07:21:58.168937Z,0.1.0,2023-03-30T07:21:58.168937Z,0.1.0,False,2023-03-30T07:21:58.168937Z,0.1.0,2023-03-30T07:21:58.168937Z,True,"[""anywidget""]",False,not_established,False,False,False,0.5.4,27,2,27,False,0,ok,https://files.pythonhosted.org/packages/ad/22/e11e33e2360e788d762c07bd2c1e363cea7d76a9afc022a4bb05e16f2b3e/pyobsplot-0.1.0-py3-none-any.whl,https://files.pythonhosted.org/packages/ad/22/e11e33e2360e788d762c07bd2c1e363cea7d76a9afc022a4bb05e16f2b3e/pyobsplot-0.1.0-py3-none-any.whl,history/pyobsplot.json,"[""deps_dev_direct_sample"", ""deps_dev_repo_mapping""]",
pyomovi,A Custom Jupyter Widget Library,https://pypi.org/project/pyomovi/,"[""andeplane/pyomovi""]","[""andeplane/pyomovi""]",True,custom_widget_candidate,source_supported_candidate,True,True,"[""traditional_custom_widget""]","[""traditional_custom_widget""]",2022-12-07T16:31:39.870071Z,2022-12-07T16:31:39.870071Z,0.1.0,,,,,,,True,"[""traditional_custom_widget""]",False,not_established,False,False,False,0.18.0,5,2,5,False,0,ok,https://files.pythonhosted.org/packages/f5/be/8eb2645f3bae8a9ab4c70912f15338e68879a01f8c6755afc4010173d8cc/pyomovi-0.1.0-py3-none-any.whl,,history/pyomovi.json,"[""deps_dev_repo_mapping""]",
pypowsybl-jupyter,Widgets for pypowsybl in Jupyter notebooks,https://pypi.org/project/pypowsybl-jupyter/,"[""powsybl/pypowsybl-jupyter""]","[""powsybl/pypowsybl-jupyter""]",True,custom_widget_candidate,source_supported_candidate,True,True,"[""anywidget""]","[""anywidget""]",2024-05-14T14:55:04.062291Z,2024-05-14T14:55:04.062291Z,0.0.1,2024-05-14T14:55:04.062291Z,0.0.1,False,2024-05-14T14:55:04.062291Z,0.0.1,2024-05-14T14:55:04.062291Z,True,"[""anywidget""]",False,not_established,False,False,False,1.3.0,7,2,7,False,0,ok,https://files.pythonhosted.org/packages/46/ed/0926084dd8f2f95f6382dd6ca50604366b25e22eedacf7866c4dd0afb4a8/pypowsybl_jupyter-0.0.1-py3-none-any.whl,https://files.pythonhosted.org/packages/46/ed/0926084dd8f2f95f6382dd6ca50604366b25e22eedacf7866c4dd0afb4a8/pypowsybl_jupyter-0.0.1-py3-none-any.whl,history/pypowsybl-jupyter.json,"[""deps_dev_direct_sample"", ""deps_dev_repo_mapping""]",
pyquirk,A Python widget for Quirk,https://pypi.org/project/pyquirk/,"[""adgt/pyquirk""]","[""adgt/pyQuirk""]",True,custom_widget_candidate,source_supported_candidate,True,True,"[""traditional_custom_widget""]","[""traditional_custom_widget""]",2021-03-21T04:11:59.177537Z,2021-03-21T04:11:59.177537Z,0.1.1b0,,,,,,,True,"[""traditional_custom_widget""]",False,not_established,False,False,False,0.1.7b0,6,2,0,False,0,ok,https://files.pythonhosted.org/packages/af/20/c317562a944637f2ad7680800ea92d16608d0c8c2cf3864bd463d6e82ecc/pyQuirk-0.1.1b0-py2.py3-none-any.whl,,history/pyquirk.json,"[""deps_dev_repo_mapping""]",
pyscestoolbox,A set of metabolic model analysis tools for PySCeS.,https://pypi.org/project/pyscestoolbox/,"[""pysces/pyscestoolbox""]",[],False,custom_widget_candidate,source_supported_candidate,False,True,"[""traditional_custom_widget""]","[""traditional_custom_widget""]",2017-07-25T09:17:59.213525Z,2017-07-25T09:17:59.213525Z,0.8.6,,,,,,,True,"[""traditional_custom_widget""]",False,not_established,False,False,False,1.1.0,10,2,1,False,0,ok,https://files.pythonhosted.org/packages/90/a7/1d1b46e46c1c1f6a8ded784630ff378ab14c1d89c32012013eba269fd64a/PyscesToolbox-0.8.6.tar.gz,,history/pyscestoolbox.json,"[""deps_dev_direct_sample"", ""deps_dev_repo_mapping""]",
pysepal,"UI toolkit for building ipyvuetify and Solara dashboards, with first-class SEPAL integration",https://pypi.org/project/pysepal/,"[""openforis/pysepal""]",[],False,custom_widget_candidate,source_supported_candidate,False,True,"[""traditional_custom_widget""]","[""traditional_custom_widget""]",2026-03-04T09:49:05.139585Z,2026-03-04T09:49:05.139585Z,3.3.0,,,,,,,True,"[""traditional_custom_widget""]",False,not_established,True,True,True,4.1.0,16,2,16,False,0,ok,https://files.pythonhosted.org/packages/0e/d9/158541792cf553a20c1c3c111c40f645d503068fb09dbac2cfc1796a2242/pysepal-3.3.0-py3-none-any.whl,,history/pysepal.json,"[""deps_dev_repo_mapping""]",
pysimlin,Python bindings for the Simlin system dynamics simulation engine,https://pypi.org/project/pysimlin/,"[""bpowers/simlin""]",[],False,custom_widget_candidate,source_supported_candidate,False,True,"[""anywidget""]","[""anywidget""]",2025-09-11T17:50:24.376773Z,2026-08-21T09:28:58.687599Z,0.8.4,2026-08-21T09:28:58.687599Z,0.8.4,False,2026-08-21T09:28:58.687599Z,0.8.4,2026-08-21T09:28:33.467909Z,False,[],False,not_established,True,True,True,0.8.5,27,27,27,False,0,ok,https://files.pythonhosted.org/packages/b0/2c/8b957b93fb94447752cc6298a9a1ec413d44a82096ffd966f06f7a4abff2/pysimlin-0.8.4-cp314-cp314-macosx_11_0_arm64.whl,https://files.pythonhosted.org/packages/b0/2c/8b957b93fb94447752cc6298a9a1ec413d44a82096ffd966f06f7a4abff2/pysimlin-0.8.4-cp314-cp314-macosx_11_0_arm64.whl,history/pysimlin.json,"[""deps_dev_repo_mapping""]",
pyssv,Leverage the power of shaders for scientific visualisation in Jupyter,https://pypi.org/project/pyssv/,"[""space928/shaders-for-scientific-visualisation""]","[""space928/Shaders-For-Scientific-Visualisation""]",True,custom_widget_candidate,source_supported_candidate,True,True,"[""traditional_custom_widget""]","[""traditional_custom_widget""]",2023-10-18T16:13:47.627864Z,2023-10-18T16:13:47.627864Z,0.1.0,,,,,,,True,"[""traditional_custom_widget""]",False,not_established,False,False,False,0.7.1,11,2,11,False,0,ok,https://files.pythonhosted.org/packages/6a/ac/fbb286ebc3934a61b90daf31f9e82da7b64f87b3d022b824bdcb86df3b21/pyssv-0.1.0-py3-none-any.whl,,history/pyssv.json,"[""deps_dev_repo_mapping""]",
pythreejs,"Interactive 3D graphics for the Jupyter Notebook and JupyterLab, using Three.js and Jupyter Widgets.",https://pypi.org/project/pythreejs/,"[""jupyter-widgets/pythreejs""]","[""jupyter-widgets/pythreejs""]",True,custom_widget_candidate,source_supported_candidate,True,True,"[""traditional_custom_widget""]","[""traditional_custom_widget""]",2015-07-07T18:26:23.034155Z,2015-07-07T18:26:23.034155Z,0.1.0,,,,,,,True,"[""traditional_custom_widget""]",False,not_established,False,False,False,2.4.2,46,2,1,False,0,ok,https://files.pythonhosted.org/packages/c5/23/63b5f58270e04192b206e3a84a586334cecd042543fa7142705c72407b21/pythreejs-0.1.0.tar.gz,,history/pythreejs.json,"[""deps_dev_direct_sample"", ""deps_dev_repo_mapping""]",
pytutor-widget,Project description,https://pypi.org/project/pytutor-widget/,"[""munch-group/codelens-widget""]",[],False,custom_widget_candidate,source_supported_candidate,False,True,"[""anywidget""]","[""anywidget""]",2026-05-23T13:53:02.771636Z,2026-05-23T13:53:02.771636Z,0.1.18,2026-05-23T13:53:02.771636Z,0.1.18,False,2026-05-23T13:53:02.771636Z,0.1.18,2026-05-23T13:53:02.771636Z,True,"[""anywidget""]",False,not_established,True,True,True,0.1.26,5,2,5,False,0,ok,https://files.pythonhosted.org/packages/bc/a5/87ebab12cfb3aa156eaddc6059626a79c1d8f7ddf62ea0810153d4a3535d/pytutor_widget-0.1.18-py3-none-any.whl,https://files.pythonhosted.org/packages/bc/a5/87ebab12cfb3aa156eaddc6059626a79c1d8f7ddf62ea0810153d4a3535d/pytutor_widget-0.1.18-py3-none-any.whl,history/pytutor-widget.json,"[""pypi_name_index""]",
pyviewarr,,https://pypi.org/project/pyviewarr/,"[""joseph-long/viewarr-workspace""]",[],False,custom_widget_candidate,source_supported_candidate,False,True,"[""anywidget""]","[""anywidget""]",2026-01-22T17:27:19.398660Z,2026-01-22T17:27:19.398660Z,0.1.0,2026-01-22T17:27:19.398660Z,0.1.0,False,2026-01-22T17:27:19.398660Z,0.1.0,2026-01-22T17:27:19.398660Z,True,"[""anywidget""]",False,not_established,True,True,True,0.3.5,9,2,9,False,0,ok,https://files.pythonhosted.org/packages/17/2a/d7f9004dffa4179b1c22bd85e969a780196421bd56f60501961238deff07/pyviewarr-0.1.0-py2.py3-none-any.whl,https://files.pythonhosted.org/packages/17/2a/d7f9004dffa4179b1c22bd85e969a780196421bd56f60501961238deff07/pyviewarr-0.1.0-py2.py3-none-any.whl,history/pyviewarr.json,"[""deps_dev_direct_sample"", ""deps_dev_repo_mapping""]",
pyvisacharts,A Jupyter Widget for Visa Chart Components,https://pypi.org/project/pyvisacharts/,"[""visa/visa-chart-components""]","[""visa/visa-chart-components""]",True,custom_widget_candidate,source_supported_candidate,True,True,"[""traditional_custom_widget""]","[""traditional_custom_widget""]",2022-07-29T01:46:43.356593Z,2022-07-29T01:46:43.356593Z,1.0.0,,,,,,,True,"[""traditional_custom_widget""]",False,not_established,False,False,False,3.0.1,8,2,7,False,0,ok,https://files.pythonhosted.org/packages/92/ea/742471803661de130eba9475974c11a61632009b2e34205fbe8ce5fd2a34/pyvisacharts-1.0.0-py2.py3-none-any.whl,,history/pyvisacharts.json,"[""deps_dev_repo_mapping""]",
pywidget,Jupyter widgets with pure Python rendering via Pyodide,https://pypi.org/project/pywidget/,"[""ktaletsk/pywidget""]",[],False,custom_widget_candidate,source_supported_candidate,False,True,"[""anywidget""]","[""anywidget""]",2026-03-05T22:44:25.075396Z,2026-03-05T22:44:25.075396Z,0.1.0,2026-03-05T22:44:25.075396Z,0.1.0,False,2026-03-05T22:44:25.075396Z,0.1.0,2026-03-05T22:44:25.075396Z,True,"[""anywidget""]",False,not_established,True,True,True,0.1.0,1,1,1,False,0,ok,https://files.pythonhosted.org/packages/06/57/4f64a97334d88b7813c89d56a203a6565be5280b8a5ede14d2688c751e2f/pywidget-0.1.0-py3-none-any.whl,https://files.pythonhosted.org/packages/06/57/4f64a97334d88b7813c89d56a203a6565be5280b8a5ede14d2688c751e2f/pywidget-0.1.0-py3-none-any.whl,history/pywidget.json,"[""deps_dev_repo_mapping"", ""pypi_name_index""]",
pywry,"A lightweight and blazingly fast, cross-platform, WebView rendering engine and desktop UI toolkit for Python. Batteries included.",https://pypi.org/project/pywry/,"[""deeleeramone/pywry""]",[],False,custom_widget_candidate,source_supported_candidate,False,True,"[""anywidget""]","[""anywidget""]",2023-01-09T16:07:09.474470Z,2026-03-25T19:34:47.102601Z,2.0.0rc2,2026-03-25T19:34:47.102601Z,2.0.0rc2,True,2026-04-24T05:34:14.716105Z,2.0.0,2026-03-25T19:34:24.796255Z,False,[],False,not_established,False,False,True,2.0.6,74,35,74,False,0,ok,https://files.pythonhosted.org/packages/6e/60/e97068b885a835b42ac19a568cf186694f5bf0f7bee7233ee4dec625613c/pywry-2.0.0rc2-cp311-cp311-win_arm64.whl,https://files.pythonhosted.org/packages/6e/60/e97068b885a835b42ac19a568cf186694f5bf0f7bee7233ee4dec625613c/pywry-2.0.0rc2-cp311-cp311-win_arm64.whl,history/pywry.json,"[""deps_dev_repo_mapping""]",
pywwt,Interactively visualize astronomy data in WorldWide Telescope,https://pypi.org/project/pywwt/,"[""worldwidetelescope/pywwt""]","[""WorldWideTelescope/pywwt""]",True,custom_widget_candidate,source_supported_candidate,True,True,"[""traditional_custom_widget""]","[""traditional_custom_widget""]",2014-01-23T05:19:13.743577Z,2017-11-30T11:37:54.573993Z,0.3.0a0,,,,,,,False,[],False,not_established,False,False,False,0.26.0,48,4,15,False,0,ok,https://files.pythonhosted.org/packages/4c/7f/792e56fe5f50d9b389664d2df3b331fd270d6096b13c7a9b2f80e4513bbd/pywwt-0.3.0a0.tar.gz,,history/pywwt.json,"[""deps_dev_repo_mapping""]",
pyzx,Library for quantum circuit rewriting and optimisation using the ZX-calculus,https://pypi.org/project/pyzx/,"[""zxcalc/pyzx""]","[""Quantomatic/pyzx"", ""zxcalc/pyzx""]",True,custom_widget_candidate,source_supported_candidate,True,True,"[""traditional_custom_widget""]","[""traditional_custom_widget""]",2020-04-07T15:00:47.915964Z,2020-04-07T15:00:47.915964Z,0.5.0,,,,,,,True,"[""traditional_custom_widget""]",False,not_established,False,False,False,0.10.6,20,2,12,False,0,ok,https://files.pythonhosted.org/packages/e1/3a/229fd4185422775781de7ec7abb18595658eaca29ec3575b7a8de06f3f4e/pyzx-0.5.0-py3-none-any.whl,,history/pyzx.json,"[""deps_dev_direct_sample"", ""deps_dev_repo_mapping""]",
qgrid,An Interactive Grid for Sorting and Filtering DataFrames in Jupyter Notebook,https://pypi.org/project/qgrid/,"[""quantopian/qgrid""]","[""quantopian/qgrid""]",True,custom_widget_candidate,source_supported_candidate,True,True,"[""traditional_custom_widget""]","[""traditional_custom_widget""]",2014-10-11T20:39:20.348250Z,2016-02-23T01:08:52.524386Z,0.3.0,,,,,,,False,[],False,not_established,False,False,False,1.3.1,68,5,0,False,0,ok,https://files.pythonhosted.org/packages/6a/9c/b8115a73eddaad21db2641db76065aa122ca9bb5ab007f1c0c69eaa85f37/qgrid-0.3.0.tar.gz,,history/qgrid.json,"[""deps_dev_repo_mapping""]",
qgridnext,An Interactive Grid for Sorting and Filtering DataFrames in Jupyter,https://pypi.org/project/qgridnext/,"[""zhihanyue/qgridnext""]","[""zhihanyue/qgridnext""]",True,custom_widget_candidate,source_supported_candidate,True,True,"[""traditional_custom_widget""]","[""traditional_custom_widget""]",2024-02-07T11:18:50.920106Z,2024-02-07T11:18:50.920106Z,2.0.0rc0,,,,,,,True,"[""traditional_custom_widget""]",False,not_established,False,False,False,2.0.4,7,2,7,False,0,ok,https://files.pythonhosted.org/packages/6c/4e/dc2a1cc32e4ba2622241d9524834ac585ed4d8422601dd4f344b5c0a5698/qgridnext-2.0.0rc0-py3-none-any.whl,,history/qgridnext.json,"[""deps_dev_repo_mapping""]",
qsharp-widgets,,https://pypi.org/project/qsharp-widgets/,[],[],False,custom_widget_candidate,source_supported_candidate,False,True,"[""anywidget""]","[""anywidget""]",2023-12-07T00:54:47.342545Z,2023-12-07T00:54:47.342545Z,1.0.24.dev0,2023-12-07T00:54:47.342545Z,1.0.24.dev0,True,2024-01-11T23:52:21.276430Z,1.0.33,2023-12-07T00:54:47.342545Z,True,"[""anywidget""]",False,not_established,False,False,False,1.32.3,186,3,186,False,0,ok,https://files.pythonhosted.org/packages/3f/b4/14df9a781fd10e61242f76f5529e5f920f7c0ec35f3efd73da4011797962/qsharp_widgets-1.0.24.dev0-py2.py3-none-any.whl,https://files.pythonhosted.org/packages/3f/b4/14df9a781fd10e61242f76f5529e5f920f7c0ec35f3efd73da4011797962/qsharp_widgets-1.0.24.dev0-py2.py3-none-any.whl,history/qsharp-widgets.json,"[""deps_dev_direct_sample"", ""pypi_name_index""]",
qsl,"A package for labeling image, video, and time series data quickly",https://pypi.org/project/qsl/,"[""faustomorales/qsl""]","[""faustomorales/qsl""]",True,custom_widget_candidate,source_supported_candidate,True,True,"[""anywidget""]","[""anywidget"", ""traditional_custom_widget""]",2021-03-14T22:51:06.095190Z,2025-09-10T15:58:51.830387Z,0.2.46,2025-09-16T19:36:34.825525Z,0.2.47,False,2025-09-16T19:36:34.825525Z,0.2.47,2025-09-16T19:36:34.825525Z,False,[],True,review_component_continuity,False,False,True,0.2.48,148,15,27,False,0,ok,https://files.pythonhosted.org/packages/d2/00/f090c6479505edae587e373c498c128c2568988ed821d41dbef58eb9f746/qsl-0.2.46-py3-none-any.whl,https://files.pythonhosted.org/packages/88/76/e42dd044707ed48024b58ccc460d2c5e290aac1a3e572e0770b583ea1761/qsl-0.2.47-py3-none-any.whl,history/qsl.json,"[""deps_dev_repo_mapping""]",
quak,,https://pypi.org/project/quak/,"[""manzt/quak""]","[""manzt/quak""]",True,custom_widget_candidate,source_supported_candidate,True,True,"[""anywidget""]","[""anywidget""]",2024-06-25T05:07:07.417865Z,2024-07-26T02:38:55.320805Z,0.1.0,2024-07-26T02:38:55.320805Z,0.1.0,False,2024-07-26T02:38:55.320805Z,0.1.0,2024-06-25T05:07:07.417865Z,False,[],False,not_established,False,False,False,0.3.5,20,3,20,False,0,ok,https://files.pythonhosted.org/packages/06/96/689fb6bea82a7293f1944e8b1ca7fa424dba64446898c95a98a1bd82d850/quak-0.1.0-py2.py3-none-any.whl,https://files.pythonhosted.org/packages/06/96/689fb6bea82a7293f1944e8b1ca7fa424dba64446898c95a98a1bd82d850/quak-0.1.0-py2.py3-none-any.whl,history/quak.json,"[""deps_dev_repo_mapping""]",
quisp,A Custom Jupyter Widget Library,https://pypi.org/project/quisp/,"[""sfc-aqua/quisp.py""]",[],False,custom_widget_candidate,source_supported_candidate,True,True,"[""traditional_custom_widget""]","[""traditional_custom_widget""]",2023-02-12T13:38:19.714332Z,2023-02-12T13:38:19.714332Z,0.1.2,,,,,,,True,"[""traditional_custom_widget""]",False,not_established,False,False,False,0.3.0,4,2,4,False,0,ok,https://files.pythonhosted.org/packages/fb/27/cad6afc2e45188e18dc934bf1f6da2785f38663250045b13dfade4cff2d5/quisp-0.1.2-py3-none-any.whl,,history/quisp.json,"[""deps_dev_repo_mapping""]",
quisp-widget,A Custom Jupyter Widget Library,https://pypi.org/project/quisp-widget/,"[""sfc-aqua/quisp.py""]",[],False,custom_widget_candidate,source_supported_candidate,False,True,"[""traditional_custom_widget""]","[""traditional_custom_widget""]",2023-01-06T02:39:30.889619Z,2023-01-06T02:39:30.889619Z,0.1.0.dev0,,,,,,,True,"[""traditional_custom_widget""]",False,not_established,False,False,False,0.1.0.dev1,2,2,2,False,0,ok,https://files.pythonhosted.org/packages/a9/f5/d54f4a4286aa83c0494cbd7d280793023a33c5a41ed9e20fc88d262e6cee/quisp_widget-0.1.0.dev0-py2.py3-none-any.whl,,history/quisp-widget.json,"[""pypi_name_index""]",
rainbow-tensor,Explain tensor operations and element origins with SVG visualizations,https://pypi.org/project/rainbow-tensor/,"[""niox1337/rainbow-tensor""]",[],False,custom_widget_candidate,source_supported_candidate,False,True,"[""anywidget""]","[""anywidget""]",2026-06-16T02:01:50.924303Z,2026-09-22T22:00:41.646471Z,1.3.0,2026-09-22T22:00:41.646471Z,1.3.0,False,2026-09-22T22:00:41.646471Z,1.3.0,2026-09-22T22:00:41.646471Z,False,[],False,not_established,True,True,True,1.3.1,25,25,25,False,0,ok,https://files.pythonhosted.org/packages/66/14/85121f209ac9c0cb024e74c9ff8fc6fa3f96ab1f265a04e4557c9bf8734b/rainbow_tensor-1.3.0-py3-none-any.whl,https://files.pythonhosted.org/packages/66/14/85121f209ac9c0cb024e74c9ff8fc6fa3f96ab1f265a04e4557c9bf8734b/rainbow_tensor-1.3.0-py3-none-any.whl,history/rainbow-tensor.json,"[""deps_dev_repo_mapping""]",
rayrun,Python widget for on-demand GPU/CPU compute using RunPod and Ray,https://pypi.org/project/rayrun/,"[""rambip/rayrun""]",[],False,custom_widget_candidate,source_supported_candidate,False,True,"[""anywidget""]","[""anywidget""]",2026-02-19T16:35:15.681833Z,2026-02-19T16:35:15.681833Z,0.1.0,2026-02-19T16:35:15.681833Z,0.1.0,False,2026-02-19T16:35:15.681833Z,0.1.0,2026-02-19T16:35:15.681833Z,True,"[""anywidget""]",False,not_established,True,True,True,0.1.0,1,1,1,False,0,ok,https://files.pythonhosted.org/packages/9f/77/849aad452b8bf6d42851633a45888f0154aa4a135b0d57720377e3483c76/rayrun-0.1.0-py3-none-any.whl,https://files.pythonhosted.org/packages/9f/77/849aad452b8bf6d42851633a45888f0154aa4a135b0d57720377e3483c76/rayrun-0.1.0-py3-none-any.whl,history/rayrun.json,"[""deps_dev_direct_sample"", ""deps_dev_repo_mapping""]",
reactome-anywidget,Add your description here,https://pypi.org/project/reactome-anywidget/,[],[],False,custom_widget_candidate,source_supported_candidate,False,True,"[""anywidget""]","[""anywidget""]",2025-02-19T09:23:56.546559Z,2025-02-19T09:23:56.546559Z,0.0.0a0,2025-02-19T09:23:56.546559Z,0.0.0a0,True,,,2025-02-19T09:23:56.546559Z,True,"[""anywidget""]",False,not_established,True,True,True,0.0.0a0,1,1,1,False,0,ok,https://files.pythonhosted.org/packages/e6/e3/28578f177323457b58f2b2d272a1459e971e804eb1c41858c695e3b3f7c1/reactome_anywidget-0.0.0a0-py3-none-any.whl,https://files.pythonhosted.org/packages/e6/e3/28578f177323457b58f2b2d272a1459e971e804eb1c41858c695e3b3f7c1/reactome_anywidget-0.0.0a0-py3-none-any.whl,history/reactome-anywidget.json,"[""pypi_name_index""]",
reactpy-jupyter,"It's React, but in Python",https://pypi.org/project/reactpy-jupyter/,"[""reactive-python/reactpy"", ""reactive-python/reactpy-jupyter""]","[""reactive-python/reactpy-jupyter""]",True,custom_widget_candidate,source_supported_candidate,True,True,"[""anywidget""]","[""anywidget""]",2023-04-15T01:28:27.952679Z,2023-04-15T01:28:27.952679Z,0.8.0,2023-04-15T01:28:27.952679Z,0.8.0,False,2023-04-15T01:28:27.952679Z,0.8.0,2023-04-15T01:28:27.952679Z,True,"[""anywidget""]",False,not_established,False,False,False,0.9.5,8,2,8,False,0,ok,https://files.pythonhosted.org/packages/03/e7/5b97c0075959c58175d5ad2b3941e318b6f9f23f269e3889a6a6a7dbdcf5/reactpy_jupyter-0.8.0-py3-none-any.whl,https://files.pythonhosted.org/packages/03/e7/5b97c0075959c58175d5ad2b3941e318b6f9f23f269e3889a6a6a7dbdcf5/reactpy_jupyter-0.8.0-py3-none-any.whl,history/reactpy-jupyter.json,"[""repository_package_declaration""]",
rebound,An open-source multi-purpose N-body code,https://pypi.org/project/rebound/,"[""hannorein/rebound""]","[""hannorein/rebound""]",True,custom_widget_candidate,source_supported_candidate,True,True,"[""traditional_custom_widget""]","[""traditional_custom_widget""]",2015-04-11T22:33:26.253950Z,2026-09-22T12:44:07.299912Z,5.2.0,,,,,,,False,[],False,not_established,False,False,True,5.2.0,236,13,51,False,0,ok,https://files.pythonhosted.org/packages/ef/b2/ec3c226f2634c58e85db0b9142b93aaca7a349374d4e6ae9b95b42c56e22/rebound-5.2.0-cp39-cp39-win32.whl,,history/rebound.json,"[""deps_dev_repo_mapping""]",
reglscatterpy,"Interactive WebGL scatterplots for single-cell data (AnnData/MuData/SpatialData) in Jupyter, VS Code and Shiny for Python",https://pypi.org/project/reglscatterpy/,"[""george123ya/reglscatterplotr"", ""george123ya/reglscatterpy""]",[],False,custom_widget_candidate,source_supported_candidate,False,True,"[""anywidget""]","[""anywidget""]",2026-06-19T09:03:34.622489Z,2026-06-19T09:03:34.622489Z,0.4.0,2026-06-19T09:03:34.622489Z,0.4.0,False,2026-06-19T09:03:34.622489Z,0.4.0,2026-06-19T09:03:34.622489Z,True,"[""anywidget""]",False,not_established,True,True,True,0.6.36,10,2,10,False,0,ok,https://files.pythonhosted.org/packages/e0/e9/c91a7a951584e885fddf2272bad8c5b1746681773ba4c2eed733167bdd4f/reglscatterpy-0.4.0-py3-none-any.whl,https://files.pythonhosted.org/packages/e0/e9/c91a7a951584e885fddf2272bad8c5b1746681773ba4c2eed733167bdd4f/reglscatterpy-0.4.0-py3-none-any.whl,history/reglscatterpy.json,"[""deps_dev_repo_mapping""]",
rej,Interactive image registration tool for JupyterLab,https://pypi.org/project/rej/,"[""ceresimaging/rej"", ""snickell/rej""]","[""snickell/rej""]",True,custom_widget_candidate,source_supported_candidate,True,True,"[""traditional_custom_widget""]","[""traditional_custom_widget""]",2020-04-09T09:55:19.349179Z,2020-04-09T09:55:19.349179Z,0.1.0,,,,,,,True,"[""traditional_custom_widget""]",False,not_established,False,False,False,3.0.0,17,2,0,False,0,ok,https://files.pythonhosted.org/packages/63/0d/38dc898f6e5a315204a1e28e8983d5f6cad9d4a3d6fff5edf563962c7cbd/rej-0.1.0-py3-none-any.whl,,history/rej.json,"[""repository_package_declaration""]",
rendercanvas,"One canvas API, multiple backends",https://pypi.org/project/rendercanvas/,"[""pygfx/rendercanvas""]",[],False,custom_widget_candidate,source_supported_candidate,False,True,"[""anywidget""]","[""anywidget""]",2024-11-18T15:57:28.158835Z,2026-07-17T14:35:32.118419Z,2.7.0,2026-07-17T14:35:32.118419Z,2.7.0,False,2026-07-17T14:35:32.118419Z,2.7.0,2026-07-17T14:35:32.118419Z,False,[],False,not_established,False,False,True,2.7.2,25,24,25,False,0,ok,https://files.pythonhosted.org/packages/4d/a9/bbd474593e536859a8fd4468f1e4393f5723fc0cf216b9b6b7a8c2aa108b/rendercanvas-2.7.0-py3-none-any.whl,https://files.pythonhosted.org/packages/4d/a9/bbd474593e536859a8fd4468f1e4393f5723fc0cf216b9b6b7a8c2aa108b/rendercanvas-2.7.0-py3-none-any.whl,history/rendercanvas.json,"[""deps_dev_repo_mapping""]",
rerun-notebook,Implementation helper for running rerun-sdk in notebooks,https://pypi.org/project/rerun-notebook/,"[""rerun-io/rerun""]","[""rerun-io/rerun""]",True,custom_widget_candidate,source_supported_candidate,True,True,"[""anywidget""]","[""anywidget""]",2024-07-04T13:15:13.242096Z,2024-07-04T13:15:13.242096Z,0.17.0rc1,2024-07-04T13:15:13.242096Z,0.17.0rc1,True,2024-07-08T14:21:03.768915Z,0.17.0,2024-07-04T13:15:13.242096Z,True,"[""anywidget""]",False,not_established,False,False,False,0.38.1,198,3,198,False,0,ok,https://files.pythonhosted.org/packages/32/21/22163186449e7921166d9634c9439a623eb336741c1f02f403416c4cdebb/rerun_notebook-0.17.0rc1-py2.py3-none-any.whl,https://files.pythonhosted.org/packages/32/21/22163186449e7921166d9634c9439a623eb336741c1f02f403416c4cdebb/rerun_notebook-0.17.0rc1-py2.py3-none-any.whl,history/rerun-notebook.json,"[""deps_dev_direct_sample"", ""repository_package_declaration""]",
retentioneering,"Open-source Python toolkit, MCP server, and agent skills for reproducible product and quantitative UX analytics on clickstream and event logs: multiscale interactive user-flow graphs, customer journeys and user flow analysis, behavioral segmentation, A/B tests, process mining, and Markov models",https://pypi.org/project/retentioneering/,"[""retentioneering/retentioneering-tools""]",[],False,custom_widget_candidate,source_supported_candidate,False,True,"[""anywidget""]","[""anywidget""]",2019-04-02T17:37:27.276725Z,2025-10-26T10:20:18.099896Z,4.0.0rc9,2025-10-26T10:20:18.099896Z,4.0.0rc9,True,2026-07-15T16:10:12.594090Z,5.0.0,2025-10-26T10:20:18.099896Z,False,[],False,not_established,False,False,True,5.2.3,63,35,40,False,0,ok,https://files.pythonhosted.org/packages/65/2b/87ff94413d22df4a0401c80dcb3944cac826ddb953674e09cda48bdf4673/retentioneering-4.0.0rc9-py3-none-any.whl,https://files.pythonhosted.org/packages/65/2b/87ff94413d22df4a0401c80dcb3944cac826ddb953674e09cda48bdf4673/retentioneering-4.0.0rc9-py3-none-any.whl,history/retentioneering.json,"[""deps_dev_direct_sample"", ""deps_dev_repo_mapping""]",
revisit-notebook-widget,,https://pypi.org/project/revisit-notebook-widget/,[],[],False,custom_widget_candidate,source_supported_candidate,False,True,"[""anywidget""]","[""anywidget""]",2025-01-10T21:10:10.809743Z,2025-01-10T21:10:14.294991Z,0.0.0,2025-01-10T21:10:14.294991Z,0.0.0,False,2025-01-10T21:10:14.294991Z,0.0.0,2025-01-10T21:10:10.809743Z,True,"[""anywidget""]",False,not_established,True,False,True,0.0.2,3,2,3,False,0,ok,https://files.pythonhosted.org/packages/e0/a8/1524ade7238953a802cf971ca927b6125d7f6e5d78e7713a7e828faff64b/revisit_notebook_widget-0.0.0-py2.py3-none-any.whl,https://files.pythonhosted.org/packages/e0/a8/1524ade7238953a802cf971ca927b6125d7f6e5d78e7713a7e828faff64b/revisit_notebook_widget-0.0.0-py2.py3-none-any.whl,history/revisit-notebook-widget.json,"[""pypi_name_index""]",
riskflow-widgets,Jupyter widget library for riskflow,https://pypi.org/project/riskflow-widgets/,"[""sylam/riskflow_widgets""]",[],False,custom_widget_candidate,source_supported_candidate,False,True,"[""traditional_custom_widget""]","[""traditional_custom_widget""]",2022-09-11T19:05:47.942477Z,2022-09-11T19:05:47.942477Z,0.1.1b0,,,,,,,True,"[""traditional_custom_widget""]",False,not_established,False,False,False,0.2.1,2,2,1,False,0,ok,https://files.pythonhosted.org/packages/66/c2/185b703d3bfbda6531f405302999aa82084553c66f7e6151075f309e0540/riskflow_widgets-0.1.1b0-py2.py3-none-any.whl,,history/riskflow-widgets.json,"[""pypi_name_index""]",
ruviz,Python bindings and notebook widget support for ruviz,https://pypi.org/project/ruviz/,"[""ameyanagi/ruviz""]",[],False,custom_widget_candidate,source_supported_candidate,False,True,"[""anywidget""]","[""anywidget""]",2026-04-01T15:28:32.636595Z,2026-04-01T15:28:34.638687Z,0.3.3,2026-04-01T15:28:34.638687Z,0.3.3,False,2026-04-01T15:28:34.638687Z,0.3.3,2026-04-01T15:28:32.636595Z,True,"[""anywidget""]",False,not_established,True,True,True,0.14.2,36,2,36,False,0,ok,https://files.pythonhosted.org/packages/80/d4/885e7f744d8b9f8545d81165d748eb47eab7f5ed398d72a9856f5e9a99bc/ruviz-0.3.3-cp310-abi3-macosx_11_0_arm64.whl,https://files.pythonhosted.org/packages/80/d4/885e7f744d8b9f8545d81165d748eb47eab7f5ed398d72a9856f5e9a99bc/ruviz-0.3.3-cp310-abi3-macosx_11_0_arm64.whl,history/ruviz.json,"[""deps_dev_repo_mapping""]",
saefarer,,https://pypi.org/project/saefarer/,[],[],False,custom_widget_candidate,source_supported_candidate,False,True,"[""anywidget""]","[""anywidget""]",2025-06-02T18:17:28.506700Z,2025-06-02T18:17:28.506700Z,0.0.0,2025-06-02T18:17:28.506700Z,0.0.0,False,2025-06-02T18:17:28.506700Z,0.0.0,2025-06-02T18:17:28.506700Z,True,"[""anywidget""]",False,not_established,True,True,True,0.0.2,3,2,3,False,0,ok,https://files.pythonhosted.org/packages/d0/bc/28e9cfa3fe926c0907a50f32c4cd015e706caa82a39dbed321b289c915e7/saefarer-0.0.0-py3-none-any.whl,https://files.pythonhosted.org/packages/d0/bc/28e9cfa3fe926c0907a50f32c4cd015e706caa82a39dbed321b289c915e7/saefarer-0.0.0-py3-none-any.whl,history/saefarer.json,"[""deps_dev_direct_sample""]",
sage-combinat-widgets,Jupyter widgets for SAGE Combinat,https://pypi.org/project/sage-combinat-widgets/,"[""sagemath/sage-combinat-widgets""]",[],False,custom_widget_candidate,source_supported_candidate,False,True,"[""traditional_custom_widget""]","[""traditional_custom_widget""]",2018-10-28T14:32:05.279675Z,2019-04-03T16:49:58.198094Z,0.7.2,,,,,,,False,[],False,not_established,False,False,False,0.7.8,13,8,0,False,0,ok,https://files.pythonhosted.org/packages/d5/5e/c3ca8e372b845439834c3779b51a34c5b60a57e0e252507e8fed584399ab/sage_combinat_widgets-0.7.2-py2.py3-none-any.whl,,history/sage-combinat-widgets.json,"[""pypi_name_index""]",
sagemaker-datawrangler,Amazon SageMaker Data Wrangler Library,https://pypi.org/project/sagemaker-datawrangler/,[],[],False,custom_widget_candidate,source_supported_candidate,False,True,"[""traditional_custom_widget""]","[""traditional_custom_widget""]",2022-11-12T20:03:12.203738Z,2023-04-04T17:38:44.213017Z,0.4.0,,,,,,,False,[],False,not_established,False,False,False,0.4.3,5,4,5,False,0,ok,https://files.pythonhosted.org/packages/f3/57/3501928d72a01945ff4821f46642ba1be8c99589cf1c0a6cd54a1d93a2fe/sagemaker_datawrangler-0.4.0-py3-none-any.whl,,history/sagemaker-datawrangler.json,"[""deps_dev_direct_sample""]",
sandbox-widget,"Jupyter widget that runs a cell in a fresh, isolated namespace (the %%exercise cell magic)",https://pypi.org/project/sandbox-widget/,"[""munch-group/sandbox-widget""]",[],False,custom_widget_candidate,source_supported_candidate,False,True,"[""anywidget""]","[""anywidget""]",2026-08-03T06:35:08.796838Z,2026-08-03T06:35:08.796838Z,1.0.5,2026-08-03T06:35:08.796838Z,1.0.5,False,2026-08-03T06:35:08.796838Z,1.0.5,2026-08-03T06:35:08.796838Z,True,"[""anywidget""]",False,not_established,True,True,True,1.0.21,9,2,9,False,0,ok,https://files.pythonhosted.org/packages/c0/06/621c003a6044162f6fefcd093bcdd6b8152abb139e20afc8e5713484d711/sandbox_widget-1.0.5-py3-none-any.whl,https://files.pythonhosted.org/packages/c0/06/621c003a6044162f6fefcd093bcdd6b8152abb139e20afc8e5713484d711/sandbox_widget-1.0.5-py3-none-any.whl,history/sandbox-widget.json,"[""pypi_name_index""]",
scatter3d-anywidget,3D scatter widget with lasso selection,https://pypi.org/project/scatter3d-anywidget/,"[""joseblanca/any_scatter3d""]",[],False,custom_widget_candidate,source_supported_candidate,False,True,"[""anywidget""]","[""anywidget""]",2026-01-13T14:23:59.973630Z,2026-01-13T14:24:03.153222Z,0.1.2,2026-01-13T14:24:03.153222Z,0.1.2,False,2026-01-13T14:24:03.153222Z,0.1.2,2026-01-13T14:23:59.973630Z,True,"[""anywidget""]",False,not_established,True,True,True,0.1.14,13,2,13,False,0,ok,https://files.pythonhosted.org/packages/4f/32/18ccbd74dbd482988a177078b376b31bf329225580f7f0fcedb1590292d2/scatter3d_anywidget-0.1.2-py3-none-any.whl,https://files.pythonhosted.org/packages/4f/32/18ccbd74dbd482988a177078b376b31bf329225580f7f0fcedb1590292d2/scatter3d_anywidget-0.1.2-py3-none-any.whl,history/scatter3d-anywidget.json,"[""deps_dev_repo_mapping"", ""pypi_name_index""]",
scicat-widget,SciCat dataset widget,https://pypi.org/project/scicat-widget/,"[""scicatproject/scicat_widget""]",[],False,custom_widget_candidate,source_supported_candidate,False,True,"[""anywidget""]","[""anywidget""]",2026-02-04T15:11:30.428412Z,2026-02-04T15:11:30.428412Z,26.2.0,2026-02-04T15:11:30.428412Z,26.2.0,False,2026-02-04T15:11:30.428412Z,26.2.0,2026-02-04T15:11:30.428412Z,True,"[""anywidget""]",False,not_established,True,True,True,26.7.3,6,2,6,False,0,ok,https://files.pythonhosted.org/packages/bb/fb/032c0a6a71e0f559aa12261ca03b29c8bb8d9dc394b1ec4ea435c5e4991e/scicat_widget-26.2.0-py3-none-any.whl,https://files.pythonhosted.org/packages/bb/fb/032c0a6a71e0f559aa12261ca03b29c8bb8d9dc394b1ec4ea435c5e4991e/scicat_widget-26.2.0-py3-none-any.whl,history/scicat-widget.json,"[""pypi_name_index""]",
script-widget,"Jupyter widget that runs a cell in a fresh, isolated namespace (the %%exercise cell magic)",https://pypi.org/project/script-widget/,"[""munch-group/sandbox-widget""]",[],False,custom_widget_candidate,source_supported_candidate,False,True,"[""anywidget""]","[""anywidget""]",2026-07-20T11:30:17.852706Z,2026-07-20T11:30:17.852706Z,0.1.18,2026-07-20T11:30:17.852706Z,0.1.18,False,2026-07-20T11:30:17.852706Z,0.1.18,2026-07-20T11:30:17.852706Z,True,"[""anywidget""]",False,not_established,True,True,True,1.0.3,5,2,5,False,0,ok,https://files.pythonhosted.org/packages/2c/58/e647cec9339fa8c13f7ec5e8e6ac99f1fc0cb495ebb70120dfaa4d8bdef5/script_widget-0.1.18-py3-none-any.whl,https://files.pythonhosted.org/packages/2c/58/e647cec9339fa8c13f7ec5e8e6ac99f1fc0cb495ebb70120dfaa4d8bdef5/script_widget-0.1.18-py3-none-any.whl,history/script-widget.json,"[""pypi_name_index""]",
scsketch,Interactive exploration of single-cell embeddings with directional analysis,https://pypi.org/project/scsketch/,"[""colabobio/scsketch""]",[],False,custom_widget_candidate,source_supported_candidate,False,True,"[""anywidget""]","[""anywidget""]",2025-08-27T21:18:17.035324Z,2025-08-27T21:18:17.035324Z,0.0.0,2025-08-27T21:18:17.035324Z,0.0.0,False,2025-08-27T21:18:17.035324Z,0.0.0,2025-08-27T21:18:17.035324Z,True,"[""anywidget""]",False,not_established,True,True,True,0.3.0,12,2,12,False,0,ok,https://files.pythonhosted.org/packages/b7/84/46ce6cd648190edf1f94d72a74c2d52679e3bfcd4d76cc10d52d3ea99f16/scsketch-0.0.0-py2.py3-none-any.whl,https://files.pythonhosted.org/packages/b7/84/46ce6cd648190edf1f94d72a74c2d52679e3bfcd4d76cc10d52d3ea99f16/scsketch-0.0.0-py2.py3-none-any.whl,history/scsketch.json,"[""deps_dev_repo_mapping""]",
searchselect,A searchable multi-select AnyWidget for picking strings from a list in a notebook.,https://pypi.org/project/searchselect/,"[""pedramezani/searchselect""]",[],False,custom_widget_candidate,source_supported_candidate,False,True,"[""anywidget""]","[""anywidget""]",2026-08-30T14:56:10.435739Z,2026-08-30T14:56:10.435739Z,0.1.0,2026-08-30T14:56:10.435739Z,0.1.0,False,2026-08-30T14:56:10.435739Z,0.1.0,2026-08-30T14:56:10.435739Z,True,"[""anywidget""]",False,not_established,True,True,True,0.1.0,1,1,1,False,0,ok,https://files.pythonhosted.org/packages/b4/53/92b07904b7a14298df296d1e73ab3e2c1ec6c50b1f99f26967c7f877a24e/searchselect-0.1.0-py3-none-any.whl,https://files.pythonhosted.org/packages/b4/53/92b07904b7a14298df296d1e73ab3e2c1ec6c50b1f99f26967c7f877a24e/searchselect-0.1.0-py3-none-any.whl,history/searchselect.json,"[""deps_dev_repo_mapping""]",
semantic-link-labs,Semantic Link Labs for Microsoft Fabric,https://pypi.org/project/semantic-link-labs/,"[""microsoft/semantic-link-labs""]",[],False,custom_widget_candidate,source_supported_candidate,False,True,"[""anywidget""]","[""anywidget""]",2024-06-14T11:45:19.912059Z,2026-05-14T11:25:51.149239Z,0.15.0,2026-05-14T11:25:51.149239Z,0.15.0,False,2026-05-14T11:25:51.149239Z,0.15.0,2026-05-14T11:25:49.362353Z,False,[],False,not_established,False,False,True,0.17.1,63,34,63,False,0,ok,https://files.pythonhosted.org/packages/b5/29/d591f37c1816c44c2dde7f88d6ef7b2c0137cc3f765508b2022d964e45ab/semantic_link_labs-0.15.0-py3-none-any.whl,https://files.pythonhosted.org/packages/b5/29/d591f37c1816c44c2dde7f88d6ef7b2c0137cc3f765508b2022d964e45ab/semantic_link_labs-0.15.0-py3-none-any.whl,history/semantic-link-labs.json,"[""deps_dev_direct_sample"", ""deps_dev_repo_mapping""]",
serialhub,WebSerial widget for JupyterLab,https://pypi.org/project/serialhub/,"[""cdr4eelz/serialhub""]","[""cdr4eelz/serialhub""]",True,custom_widget_candidate,source_supported_candidate,True,True,"[""traditional_custom_widget""]","[""traditional_custom_widget""]",2020-07-15T03:08:19.153112Z,2020-07-15T03:08:19.153112Z,0.0.3.dev0,,,,,,,True,"[""traditional_custom_widget""]",False,not_established,False,False,False,0.0.37,29,2,0,False,0,ok,https://files.pythonhosted.org/packages/55/03/2a0bc4170381476e5aa731fc04892f9f8383c12a65870771ee9bc7f5c33e/serialhub-0.0.3.dev0-py2.py3-none-any.whl,,history/serialhub.json,"[""deps_dev_repo_mapping""]",
setmlvis,A new visualization method for comparing different models for bounding box detection.,https://pypi.org/project/setmlvis/,"[""visdunneright/setmlvis""]","[""VisDunneRight/setmlvis""]",True,custom_widget_candidate,source_supported_candidate,True,True,"[""traditional_custom_widget""]","[""traditional_custom_widget""]",2023-10-24T16:39:36.304751Z,2023-12-10T19:56:00.081570Z,0.2.5.dev0,,,,,,,False,[],False,not_established,False,False,False,0.5.0,7,4,7,False,0,ok,https://files.pythonhosted.org/packages/5c/78/d106b46c831f75c215d19b127ce9fd8bcc7c786b08612a69c7e00174bd96/setmlvis-0.2.5.dev0-py3-none-any.whl,,history/setmlvis.json,"[""deps_dev_repo_mapping""]",
sidecar,A sidecar output widget for JupyterLab,https://pypi.org/project/sidecar/,"[""jupyter-widgets/jupyterlab-sidecar""]",[],False,custom_widget_candidate,source_supported_candidate,True,True,"[""traditional_custom_widget""]","[""traditional_custom_widget""]",2018-03-26T09:32:38.069338Z,2018-03-26T09:32:38.069338Z,0.1.0.dev0,,,,,,,True,"[""traditional_custom_widget""]",False,not_established,False,False,False,0.8.1,10,2,4,False,0,ok,https://files.pythonhosted.org/packages/71/15/08c9794982a46d2c4dff3d7c0175a19509b344594e1e6a4f01d82d7b9f6d/sidecar-0.1.0.dev0-py2.py3-none-any.whl,,history/sidecar.json,"[""deps_dev_direct_sample"", ""deps_dev_repo_mapping""]",
sigma-anywidget,,https://pypi.org/project/sigma-anywidget/,"[""ethan rooke/sigma-anywidget""]",[],False,custom_widget_candidate,source_supported_candidate,False,True,"[""anywidget""]","[""anywidget""]",2026-05-30T21:29:25.714260Z,2026-05-30T21:29:25.714260Z,0.0.1,2026-05-30T21:29:25.714260Z,0.0.1,False,2026-05-30T21:29:25.714260Z,0.0.1,2026-05-30T21:29:25.714260Z,True,"[""anywidget""]",False,not_established,True,True,True,0.0.1,1,1,1,False,0,ok,https://files.pythonhosted.org/packages/54/8b/0d8fa9a1d8e3ca7c2b3d3cf066cc279b76630f42621c84c9f75bc5dc8daf/sigma_anywidget-0.0.1-py3-none-any.whl,https://files.pythonhosted.org/packages/54/8b/0d8fa9a1d8e3ca7c2b3d3cf066cc279b76630f42621c84c9f75bc5dc8daf/sigma_anywidget-0.0.1-py3-none-any.whl,history/sigma-anywidget.json,"[""pypi_name_index""]",
signavis,Python wrapper for SignaVis Player (HTML/Streamlit embedding),https://pypi.org/project/signavis/,"[""limitlessgreen/signavis""]",[],False,custom_widget_candidate,source_supported_candidate,False,True,"[""anywidget""]","[""anywidget""]",2026-05-08T09:49:56.398967Z,2026-05-08T09:49:56.398967Z,0.7.0,2026-05-08T09:49:56.398967Z,0.7.0,False,2026-05-08T09:49:56.398967Z,0.7.0,2026-05-08T09:49:56.398967Z,True,"[""anywidget""]",False,not_established,True,True,True,0.7.6,7,2,7,False,0,ok,https://files.pythonhosted.org/packages/c7/41/21b699389c56b229dce9b358f93bf148593e78330d1b994d2c7e06d3740f/signavis-0.7.0-py3-none-any.whl,https://files.pythonhosted.org/packages/c7/41/21b699389c56b229dce9b358f93bf148593e78330d1b994d2c7e06d3740f/signavis-0.7.0-py3-none-any.whl,history/signavis.json,"[""deps_dev_repo_mapping""]",
skelescope,,https://pypi.org/project/skelescope/,[],[],False,custom_widget_candidate,source_supported_candidate,False,True,"[""anywidget""]","[""anywidget""]",2024-04-12T14:58:42.134545Z,2024-04-12T14:58:42.134545Z,0.0.1,2024-04-12T14:58:42.134545Z,0.0.1,False,2024-04-12T14:58:42.134545Z,0.0.1,2024-04-12T14:58:42.134545Z,True,"[""anywidget""]",False,not_established,False,False,False,0.0.8,8,2,8,False,0,ok,https://files.pythonhosted.org/packages/02/4a/799f1489b8fb45ad57456a509fcfe0251d6c39dae260b1d151a90197cdc5/skelescope-0.0.1-py3-none-any.whl,https://files.pythonhosted.org/packages/02/4a/799f1489b8fb45ad57456a509fcfe0251d6c39dae260b1d151a90197cdc5/skelescope-0.0.1-py3-none-any.whl,history/skelescope.json,"[""deps_dev_direct_sample""]",
sketchy-svg,A png drawing to svg converter,https://pypi.org/project/sketchy-svg/,"[""rambip/sketch-vectorization""]",[],False,custom_widget_candidate,source_supported_candidate,False,True,"[""anywidget""]","[""anywidget""]",2026-02-22T08:54:24.841820Z,2026-02-22T08:54:24.841820Z,0.1.0,2026-02-22T08:54:24.841820Z,0.1.0,False,2026-02-22T08:54:24.841820Z,0.1.0,2026-02-22T08:54:24.841820Z,True,"[""anywidget""]",False,not_established,True,True,True,0.2.7,8,2,8,False,0,ok,https://files.pythonhosted.org/packages/90/ba/ef82cd653ccae943161f972dcf958ad2940a3957ed4e3227ba03a97bacad/sketchy_svg-0.1.0-py3-none-any.whl,https://files.pythonhosted.org/packages/90/ba/ef82cd653ccae943161f972dcf958ad2940a3957ed4e3227ba03a97bacad/sketchy_svg-0.1.0-py3-none-any.whl,history/sketchy-svg.json,"[""deps_dev_repo_mapping""]",
solas-widget,A Custom Jupyter Widget Library,https://pypi.org/project/solas-widget/,"[""willeppy/solas-widget""]",[],False,custom_widget_candidate,source_supported_candidate,False,True,"[""traditional_custom_widget""]","[""traditional_custom_widget""]",2021-10-20T01:24:22.647242Z,2021-10-20T01:24:22.647242Z,0.1.5,,,,,,,True,"[""traditional_custom_widget""]",False,not_established,False,False,False,0.1.5,1,1,0,False,0,ok,https://files.pythonhosted.org/packages/33/3e/d5c9406aa552398b085a769a6693c2750d45b9f06e4235a39dce846a63b7/solas-widget-0.1.5.tar.gz,,history/solas-widget.json,"[""pypi_name_index""]",
soniscope-jupyter,jupyter notebook widget with a scatter plot and an interactive lens to enable interactive sonification,https://pypi.org/project/soniscope-jupyter/,"[""fhstp/soniscope-jupyter""]","[""fhstp/soniscope-jupyter""]",True,custom_widget_candidate,source_supported_candidate,True,True,"[""traditional_custom_widget""]","[""traditional_custom_widget""]",2022-04-14T12:33:34.725602Z,2022-04-14T12:33:34.725602Z,0.1.4.dev0,,,,,,,True,"[""traditional_custom_widget""]",False,not_established,False,False,False,0.1.8,5,2,4,False,0,ok,https://files.pythonhosted.org/packages/cd/b5/7abf4d3861db9cb10eacce578df5799952e74dd63ad5070f50a7868d300d/soniscope_jupyter-0.1.4.dev0-py2.py3-none-any.whl,,history/soniscope-jupyter.json,"[""deps_dev_repo_mapping""]",
sonivis-lens-widget,jupyter notebook widget with a scatter plot and an interactive lens,https://pypi.org/project/sonivis-lens-widget/,"[""fhstp/soniscope-jupyter""]","[""fhstp/soniscope-jupyter""]",True,custom_widget_candidate,source_supported_candidate,False,True,"[""traditional_custom_widget""]","[""traditional_custom_widget""]",2022-01-17T14:11:05.188630Z,2022-01-17T14:11:05.188630Z,0.1.0.dev0,,,,,,,True,"[""traditional_custom_widget""]",False,not_established,False,False,False,0.1.4.dev0,5,2,0,False,0,ok,https://files.pythonhosted.org/packages/f2/35/9382d42cf8a691302a5b4e3dd13434fbb0faac55b7e4b40db3346b1bb575/sonivis_lens_widget-0.1.0.dev0-py2.py3-none-any.whl,,history/sonivis-lens-widget.json,"[""pypi_name_index""]",
sonoscope,,https://pypi.org/project/sonoscope/,"[""mbsantiago/sonoscope""]",[],False,custom_widget_candidate,source_supported_candidate,False,True,"[""anywidget""]","[""anywidget""]",2026-08-19T18:18:03.591786Z,2026-08-19T18:18:03.591786Z,0.1.0,2026-08-19T18:18:03.591786Z,0.1.0,False,2026-08-19T18:18:03.591786Z,0.1.0,2026-08-19T18:18:03.591786Z,True,"[""anywidget""]",False,not_established,True,True,True,0.2.0,2,2,2,False,0,ok,https://files.pythonhosted.org/packages/12/f8/2d19a44e186b5207519ed504157510148482d450b623ccd5c45c8d4ecd96/sonoscope-0.1.0-py3-none-any.whl,https://files.pythonhosted.org/packages/12/f8/2d19a44e186b5207519ed504157510148482d450b623ccd5c45c8d4ecd96/sonoscope-0.1.0-py3-none-any.whl,history/sonoscope.json,"[""deps_dev_repo_mapping""]",
soupernova,Make viewing stars a blast,https://pypi.org/project/soupernova/,"[""matt craig/soupernova"", ""mwcraig/soupernova""]","[""mwcraig/soupernova""]",True,custom_widget_candidate,source_supported_candidate,True,True,"[""anywidget""]","[""anywidget""]",2024-07-14T20:30:51.698445Z,2024-07-14T20:30:51.698445Z,0.1.0,2024-07-14T20:30:51.698445Z,0.1.0,False,2024-07-14T20:30:51.698445Z,0.1.0,2024-07-14T20:30:51.698445Z,True,"[""anywidget""]",False,not_established,False,False,False,0.1.0,1,1,1,False,0,ok,https://files.pythonhosted.org/packages/1a/8b/4b7a51209d29d165165313ab9428e520b198a4965b5f5715374becf48776/soupernova-0.1.0-py3-none-any.whl,https://files.pythonhosted.org/packages/1a/8b/4b7a51209d29d165165313ab9428e520b198a4965b5f5715374becf48776/soupernova-0.1.0-py3-none-any.whl,history/soupernova.json,"[""repository_package_declaration""]",
spatial-rx,Tools for exploring spatial omics data in notebooks,https://pypi.org/project/spatial-rx/,"[""ckmah/spatial-rx""]",[],False,custom_widget_candidate,source_supported_candidate,False,True,"[""anywidget""]","[""anywidget""]",2026-08-25T23:52:50.636212Z,2026-08-25T23:52:50.636212Z,0.1.0,2026-08-25T23:52:50.636212Z,0.1.0,False,2026-08-25T23:52:50.636212Z,0.1.0,2026-08-25T23:52:50.636212Z,True,"[""anywidget""]",False,not_established,True,True,True,1.0.1,3,2,3,False,0,ok,https://files.pythonhosted.org/packages/39/ba/1d1e7d7eb600697f9de2ebd73af27acce69dfe87c1fd57d5c564eb429aca/spatial_rx-0.1.0-py3-none-any.whl,https://files.pythonhosted.org/packages/39/ba/1d1e7d7eb600697f9de2ebd73af27acce69dfe87c1fd57d5c564eb429aca/spatial_rx-0.1.0-py3-none-any.whl,history/spatial-rx.json,"[""deps_dev_repo_mapping""]",
spatialvista,Interactive 2D/3D spatial transcriptomics visualization for Jupyter and the browser,https://pypi.org/project/spatialvista/,"[""jianyang-lab/spatial-vista-py""]",[],False,custom_widget_candidate,source_supported_candidate,False,True,"[""anywidget""]","[""anywidget""]",2026-01-30T07:01:40.557842Z,2026-01-30T07:01:40.557842Z,0.1.0,2026-01-30T07:01:40.557842Z,0.1.0,False,2026-01-30T07:01:40.557842Z,0.1.0,2026-01-30T07:01:40.557842Z,True,"[""anywidget""]",False,not_established,True,True,True,1.1.0,6,2,6,False,0,ok,https://files.pythonhosted.org/packages/96/46/9e8a72e457f71f025343939cf537b769991ffc9508fc394939a88eb74d3a/spatialvista-0.1.0-py3-none-any.whl,https://files.pythonhosted.org/packages/96/46/9e8a72e457f71f025343939cf537b769991ffc9508fc394939a88eb74d3a/spatialvista-0.1.0-py3-none-any.whl,history/spatialvista.json,"[""deps_dev_repo_mapping""]",
speechwidgets,A library with Jupyter widgets for speech processing,https://pypi.org/project/speechwidgets/,"[""nicolvisser/speechwidgets""]","[""nicolvisser/speechwidgets""]",True,custom_widget_candidate,source_supported_candidate,True,True,"[""traditional_custom_widget""]","[""traditional_custom_widget""]",2023-03-23T03:09:44.263844Z,2023-03-23T03:09:44.263844Z,0.1.0,,,,,,,True,"[""traditional_custom_widget""]",False,not_established,False,False,False,1.0.1,7,2,7,False,0,ok,https://files.pythonhosted.org/packages/b4/f4/a021bb3e5c49d0f294594589c87c008a8b999e1c5343a7e737046d3da6cb/speechwidgets-0.1.0-py2.py3-none-any.whl,,history/speechwidgets.json,"[""deps_dev_repo_mapping"", ""pypi_name_index""]",
steps-widget,Jupyter widget and CLI that trace Python expression evaluation step by step (the %%steps cell magic and the print-steps command),https://pypi.org/project/steps-widget/,"[""munch-group/steps-widget""]",[],False,custom_widget_candidate,source_supported_candidate,False,True,"[""anywidget""]","[""anywidget""]",2026-07-18T09:11:54.844213Z,2026-07-18T09:11:54.844213Z,0.1.18,2026-07-18T09:11:54.844213Z,0.1.18,False,2026-07-18T09:11:54.844213Z,0.1.18,2026-07-18T09:11:54.844213Z,True,"[""anywidget""]",False,not_established,True,True,True,0.2.11,10,2,10,False,0,ok,https://files.pythonhosted.org/packages/89/a3/19aa2022aacaea4a65de532fa4d1ae1ffc6a545d0f83bcd07595aa3980bb/steps_widget-0.1.18-py3-none-any.whl,https://files.pythonhosted.org/packages/89/a3/19aa2022aacaea4a65de532fa4d1ae1ffc6a545d0f83bcd07595aa3980bb/steps_widget-0.1.18-py3-none-any.whl,history/steps-widget.json,"[""deps_dev_direct_sample"", ""pypi_name_index""]",
stipple,"WebGPU scatter widget for Jupyter — render millions of points, lasso, return row indices to Python.",https://pypi.org/project/stipple/,"[""smledbetter/stipple""]",[],False,custom_widget_candidate,source_supported_candidate,False,True,"[""anywidget""]","[""anywidget""]",2026-05-15T19:14:35.543225Z,2026-05-15T19:14:35.543225Z,0.1.0,2026-05-15T19:14:35.543225Z,0.1.0,False,2026-05-15T19:14:35.543225Z,0.1.0,2026-05-15T19:14:35.543225Z,True,"[""anywidget""]",False,not_established,True,True,True,0.1.2,3,2,3,False,0,ok,https://files.pythonhosted.org/packages/6b/f4/fa01aae2703a1af7defc0952d92523a238549b8b240fc833658285be8c68/stipple-0.1.0-py3-none-any.whl,https://files.pythonhosted.org/packages/6b/f4/fa01aae2703a1af7defc0952d92523a238549b8b240fc833658285be8c68/stipple-0.1.0-py3-none-any.whl,history/stipple.json,"[""deps_dev_repo_mapping""]",
svetlanna,SVETlANNa is an open-source Python library for simulation of free-space optical set-ups and neuromorphic systems such as Diffractive Neural Networks.,https://pypi.org/project/svetlanna/,"[""compphyslab/svetlanna""]",[],False,custom_widget_candidate,source_supported_candidate,False,True,"[""anywidget""]","[""anywidget""]",2025-06-11T16:03:25.096825Z,2025-06-11T16:03:25.096825Z,1.0.1,2025-06-11T16:03:25.096825Z,1.0.1,False,2025-06-11T16:03:25.096825Z,1.0.1,2025-06-11T16:03:25.096825Z,True,"[""anywidget""]",False,not_established,True,True,True,2.0.2,7,2,7,False,0,ok,https://files.pythonhosted.org/packages/9a/0e/1d9939da80d096eb30bc46d50dbc948193913bbe09a3a092cc16b4fc1fcb/svetlanna-1.0.1.tar.gz,https://files.pythonhosted.org/packages/9a/0e/1d9939da80d096eb30bc46d50dbc948193913bbe09a3a092cc16b4fc1fcb/svetlanna-1.0.1.tar.gz,history/svetlanna.json,"[""deps_dev_direct_sample"", ""deps_dev_repo_mapping""]",
table-widget,,https://pypi.org/project/table-widget/,[],[],False,custom_widget_candidate,source_supported_candidate,False,True,"[""anywidget""]","[""anywidget""]",2025-01-08T19:51:19.569526Z,2025-01-08T19:51:19.569526Z,0.0.1,2025-01-08T19:51:19.569526Z,0.0.1,False,2025-01-08T19:51:19.569526Z,0.0.1,2025-01-08T19:51:19.569526Z,True,"[""anywidget""]",False,not_established,True,False,True,0.0.3,3,2,3,False,0,ok,https://files.pythonhosted.org/packages/88/ce/61c28ef4375891041aa8cf221bbc64c1dbb0310d64662870caa81cfd84df/table_widget-0.0.1-py2.py3-none-any.whl,https://files.pythonhosted.org/packages/88/ce/61c28ef4375891041aa8cf221bbc64c1dbb0310d64662870caa81cfd84df/table_widget-0.0.1-py2.py3-none-any.whl,history/table-widget.json,"[""deps_dev_direct_sample"", ""pypi_name_index""]",
tempo-ql,Toolkit and interactive widget for querying time-series healthcare data,https://pypi.org/project/tempo-ql/,"[""cmudig/tempo-ql""]",[],False,custom_widget_candidate,source_supported_candidate,False,True,"[""anywidget""]","[""anywidget""]",2025-11-07T12:15:38.082670Z,2025-11-07T12:15:38.082670Z,0.1.1,2025-11-07T12:15:38.082670Z,0.1.1,False,2025-11-07T12:15:38.082670Z,0.1.1,2025-11-07T12:15:38.082670Z,True,"[""anywidget""]",False,not_established,True,True,True,0.1.3,3,2,3,False,0,ok,https://files.pythonhosted.org/packages/93/f6/43eafb2e230955c1846be6f419e59ad442e80f636f52c6d8dbd7a8a9bb05/tempo_ql-0.1.1-py3-none-any.whl,https://files.pythonhosted.org/packages/93/f6/43eafb2e230955c1846be6f419e59ad442e80f636f52c6d8dbd7a8a9bb05/tempo_ql-0.1.1-py3-none-any.whl,history/tempo-ql.json,"[""deps_dev_repo_mapping""]",
tensor-visualizer,A Jupyter widget for visualizing tensors as heatmaps.,https://pypi.org/project/tensor-visualizer/,"[""apple/tensor-visualizer""]","[""apple/tensor-visualizer""]",True,custom_widget_candidate,source_supported_candidate,True,True,"[""anywidget""]","[""anywidget""]",2024-08-27T22:36:28.740324Z,2024-08-27T22:36:28.740324Z,0.1.0,2024-08-27T22:36:28.740324Z,0.1.0,False,2024-08-27T22:36:28.740324Z,0.1.0,2024-08-27T22:36:28.740324Z,True,"[""anywidget""]",False,not_established,False,False,False,0.1.0,1,1,1,False,0,ok,https://files.pythonhosted.org/packages/d7/01/c895ba3966f7f0d8d1efb68fbb65b6d4ff53a5b4124e328e8d49a46382f9/tensor_visualizer-0.1.0-py3-none-any.whl,https://files.pythonhosted.org/packages/d7/01/c895ba3966f7f0d8d1efb68fbb65b6d4ff53a5b4124e328e8d49a46382f9/tensor_visualizer-0.1.0-py3-none-any.whl,history/tensor-visualizer.json,"[""deps_dev_repo_mapping""]",
tensorflow-model-analysis,A library for analyzing TensorFlow models,https://pypi.org/project/tensorflow-model-analysis/,"[""tensorflow/model-analysis""]","[""tensorflow/model-analysis""]",True,custom_widget_candidate,source_supported_candidate,True,True,"[""traditional_custom_widget""]","[""traditional_custom_widget""]",2018-03-23T21:38:31.761978Z,2018-03-23T21:38:31.761978Z,0.6.0,,,,,,,True,"[""traditional_custom_widget""]",False,not_established,False,False,False,0.52.0,61,2,9,False,0,ok,https://files.pythonhosted.org/packages/f3/0f/18006b9a67e4ce81cdf463ae7bff603e94d623d89972d2bc3d7f25dda9e6/tensorflow_model_analysis-0.6.0.tar.gz,,history/tensorflow-model-analysis.json,"[""deps_dev_direct_sample""]",
text-lloom,Concept Induction to analyze unstructured text,https://pypi.org/project/text-lloom/,"[""michelle123lam/lloom"", ""shyamsantoki/textlloom""]","[""michelle123lam/lloom"", ""shyamsantoki/textlloom""]",True,custom_widget_candidate,source_supported_candidate,True,True,"[""anywidget""]","[""anywidget""]",2024-03-29T01:40:06.751710Z,2024-03-29T01:40:06.751710Z,0.1,2024-03-29T01:40:06.751710Z,0.1,False,2024-03-29T01:40:06.751710Z,0.1,2024-03-29T01:40:06.751710Z,True,"[""anywidget""]",False,not_established,False,False,False,0.8.2.1,19,2,19,False,0,ok,https://files.pythonhosted.org/packages/08/17/dad1160dfb9fe744bf466ab6bcc865e8ad4f4d9b20a49a2543e62549718e/text_lloom-0.1-py3-none-any.whl,https://files.pythonhosted.org/packages/08/17/dad1160dfb9fe744bf466ab6bcc865e8ad4f4d9b20a49a2543e62549718e/text_lloom-0.1-py3-none-any.whl,history/text-lloom.json,"[""deps_dev_direct_sample"", ""deps_dev_repo_mapping"", ""repository_package_declaration""]",
text-selector,A Custom Jupyter Widget Library for selecting text and assigning tag to selected span,https://pypi.org/project/text-selector/,"[""randomunrandom/text_selector""]","[""randomunrandom/text_selector""]",True,custom_widget_candidate,source_supported_candidate,True,True,"[""traditional_custom_widget""]","[""traditional_custom_widget""]",2019-11-12T16:33:46.201980Z,2019-11-12T16:33:46.201980Z,2.0.5,,,,,,,True,"[""traditional_custom_widget""]",False,not_established,False,False,False,2.3.0,8,2,0,False,0,ok,https://files.pythonhosted.org/packages/f3/90/2794b6df0c017a56a0bc9366c41e8deb99994a981001bf4a002562d6b3ef/text_selector-2.0.5-py2.py3-none-any.whl,,history/text-selector.json,"[""deps_dev_repo_mapping""]",
texture-viz,Process and profile text datasets interactively,https://pypi.org/project/texture-viz/,"[""cmudig/texture""]","[""cmudig/Texture""]",True,custom_widget_candidate,source_supported_candidate,True,True,"[""anywidget""]","[""anywidget""]",2024-05-06T20:52:59.188138Z,2024-12-03T16:34:53.942911Z,0.0.5,2024-12-03T16:34:53.942911Z,0.0.5,False,2024-12-03T16:34:53.942911Z,0.0.5,2025-01-27T21:19:01.149369Z,False,[],False,not_established,False,False,True,0.0.11,11,7,11,False,0,ok,https://files.pythonhosted.org/packages/79/0a/823f57c15fe4884c153b3ce75252576eb1e001ab7034ce6a9b01b443d593/texture_viz-0.0.5-py3-none-any.whl,https://files.pythonhosted.org/packages/79/0a/823f57c15fe4884c153b3ce75252576eb1e001ab7034ce6a9b01b443d593/texture_viz-0.0.5-py3-none-any.whl,history/texture-viz.json,"[""deps_dev_direct_sample"", ""deps_dev_repo_mapping""]",
thomas-jupyter-widget,Widget to display and interact with Bayesian Networks in JupyterLab.,https://pypi.org/project/thomas-jupyter-widget/,"[""mellesies/thomas-jupyter-widget""]",[],False,custom_widget_candidate,source_supported_candidate,True,True,"[""traditional_custom_widget""]","[""traditional_custom_widget""]",2020-03-13T21:48:33.948780Z,2020-03-13T21:48:33.948780Z,0.1.0a16,,,,,,,True,"[""traditional_custom_widget""]",False,not_established,False,False,False,0.1.2,7,2,0,False,0,ok,https://files.pythonhosted.org/packages/20/a6/ebf3fa73ce85c86b03f043bd21e4226ea77eeb641dbca73624bf651ed79d/thomas_jupyter_widget-0.1.0a16-py2.py3-none-any.whl,,history/thomas-jupyter-widget.json,"[""deps_dev_repo_mapping"", ""pypi_name_index""]",
tiledb-plot-widget,Custom Jupyterlab widget for TileDB,https://pypi.org/project/tiledb-plot-widget/,"[""tiledb-inc/tiledb-jupyter-plot-widget""]","[""TileDB-Inc/TileDB-Jupyter-Plot-Widget""]",True,custom_widget_candidate,source_supported_candidate,True,True,"[""traditional_custom_widget""]","[""traditional_custom_widget""]",2020-04-21T13:18:13.919756Z,2020-04-21T13:18:13.919756Z,0.0.0,,,,,,,True,"[""traditional_custom_widget""]",False,not_established,False,False,False,1.1.0,33,2,6,False,0,ok,https://files.pythonhosted.org/packages/e2/b2/01820d97349089a4b8fa6f2c2c28448234ae3bf39c91bc87fecf1c9aecd6/tiledb_plot_widget-0.0.0-py2.py3-none-any.whl,,history/tiledb-plot-widget.json,"[""deps_dev_repo_mapping"", ""pypi_name_index""]",
tlakit,A Python and notebook client for the TLA+ toolchain,https://pypi.org/project/tlakit/,"[""luc-ai4fm/tlakit""]",[],False,custom_widget_candidate,source_supported_candidate,False,True,"[""anywidget""]","[""anywidget""]",2026-08-08T05:03:42.955545Z,2026-08-09T08:05:34.952130Z,0.1.1,2026-08-09T08:05:34.952130Z,0.1.1,False,2026-08-09T08:05:34.952130Z,0.1.1,2026-08-09T08:05:34.952130Z,False,[],False,not_established,True,True,True,0.1.1,2,2,2,False,0,ok,https://files.pythonhosted.org/packages/0b/49/efadbf1380fcf7a5bb3840f8cab8f9be3b10422abd095da737e8349a1bea/tlakit-0.1.1-py3-none-any.whl,https://files.pythonhosted.org/packages/0b/49/efadbf1380fcf7a5bb3840f8cab8f9be3b10422abd095da737e8349a1bea/tlakit-0.1.1-py3-none-any.whl,history/tlakit.json,"[""deps_dev_repo_mapping""]",
tldraw,Tldraw for Jupyter,https://pypi.org/project/tldraw/,"[""kolibril13/jupyter-tldraw""]","[""kolibril13/jupyter-tldraw""]",True,custom_widget_candidate,source_supported_candidate,True,True,"[""anywidget""]","[""anywidget""]",2023-05-03T21:18:13.987171Z,2023-08-13T11:50:02.654414Z,0.1.2,2023-08-13T11:50:02.654414Z,0.1.2,False,2023-08-13T11:50:02.654414Z,0.1.2,2023-08-13T11:50:02.654414Z,False,[],False,not_established,False,False,False,5.1.1,40,7,40,False,0,ok,https://files.pythonhosted.org/packages/d5/13/a8a3a90c29ac7f28851ed4466b4bd60ca5e189d2d23a1adfca1e2f5d24ce/tldraw-0.1.2-py2.py3-none-any.whl,https://files.pythonhosted.org/packages/d5/13/a8a3a90c29ac7f28851ed4466b4bd60ca5e189d2d23a1adfca1e2f5d24ce/tldraw-0.1.2-py2.py3-none-any.whl,history/tldraw.json,"[""deps_dev_direct_sample"", ""repository_package_declaration""]",
toponymy,A library for using large language models to name topics,https://pypi.org/project/toponymy/,"[""tutteinstitute/toponymy""]",[],False,custom_widget_candidate,source_supported_candidate,False,True,"[""anywidget""]","[""anywidget""]",2025-03-24T19:08:49.469460Z,2025-06-11T21:08:14.173148Z,0.3.0,2025-06-11T21:08:14.173148Z,0.3.0,False,2025-06-11T21:08:14.173148Z,0.3.0,2025-06-11T21:08:14.173148Z,False,[],False,not_established,True,True,True,0.5.4,8,3,8,False,0,ok,https://files.pythonhosted.org/packages/e6/9b/18cfeaa30d43087a9080a92e69f89267d59b914576ae2a8860fe41621832/toponymy-0.3.0-py3-none-any.whl,https://files.pythonhosted.org/packages/e6/9b/18cfeaa30d43087a9080a92e69f89267d59b914576ae2a8860fe41621832/toponymy-0.3.0-py3-none-any.whl,history/toponymy.json,"[""deps_dev_repo_mapping""]",
trainplot,"Dynamically updating plots in Jupyter notebooks, e.g. for visualizing training progress.",https://pypi.org/project/trainplot/,"[""jonasloos/trainplot""]",[],False,custom_widget_candidate,source_supported_candidate,False,True,"[""anywidget""]","[""anywidget""]",2023-10-11T19:47:50.723493Z,2025-06-10T17:49:16.446583Z,0.4.0,2025-06-10T17:49:16.446583Z,0.4.0,False,2025-06-10T17:49:16.446583Z,0.4.0,2025-06-10T17:49:16.446583Z,False,[],False,not_established,False,False,True,0.4.1,7,7,7,False,0,ok,https://files.pythonhosted.org/packages/26/54/26b64a96256647d450630bff373dba9554457c4b555f85233dc510520166/trainplot-0.4.0-py3-none-any.whl,https://files.pythonhosted.org/packages/26/54/26b64a96256647d450630bff373dba9554457c4b555f85233dc510520166/trainplot-0.4.0-py3-none-any.whl,history/trainplot.json,"[""deps_dev_repo_mapping""]",
transports,Generic communication library,https://pypi.org/project/transports/,"[""1kbgz/transports""]",[],False,custom_widget_candidate,source_supported_candidate,False,True,"[""anywidget""]","[""anywidget""]",2023-03-31T20:13:01.328500Z,2026-08-17T02:13:37.605150Z,0.7.0,2026-08-17T02:13:37.605150Z,0.7.0,False,2026-08-17T02:13:37.605150Z,0.7.0,2026-08-17T02:13:27.848776Z,False,[],False,not_established,False,False,True,0.10.0,16,8,16,False,0,ok,https://files.pythonhosted.org/packages/72/19/e0c13063f4a27bb579e9e6ebc0eb025d1f0a818d0f58d081a1a55d3ea62e/transports-0.7.0-cp314-cp314-pyemscripten_2026_0_wasm32.whl,https://files.pythonhosted.org/packages/72/19/e0c13063f4a27bb579e9e6ebc0eb025d1f0a818d0f58d081a1a55d3ea62e/transports-0.7.0-cp314-cp314-pyemscripten_2026_0_wasm32.whl,history/transports.json,"[""deps_dev_repo_mapping""]",
trident-chemwidgets,Jupyter widgets for working with chemical datasets,https://pypi.org/project/trident-chemwidgets/,"[""tridentbio/trident-chemwidgets""]","[""tridentbio/trident-chemwidgets""]",True,custom_widget_candidate,source_supported_candidate,True,True,"[""traditional_custom_widget""]","[""traditional_custom_widget""]",2022-04-06T15:42:14.223580Z,2022-04-06T15:42:14.223580Z,0.1.0,,,,,,,True,"[""traditional_custom_widget""]",False,not_established,False,False,False,0.2.1,3,2,0,False,0,ok,https://files.pythonhosted.org/packages/9d/a0/13b47ed070830f7b7b093cfc54b2f2e0f72f2b3b0d1f6491f62ef18e3f76/trident_chemwidgets-0.1.0-py2.py3-none-any.whl,,history/trident-chemwidgets.json,"[""deps_dev_repo_mapping"", ""pypi_name_index""]",
trrack-widget,anywidget time-travel controls powered by trrack.,https://pypi.org/project/trrack-widget/,"[""kirangadhave/trrackpy""]",[],False,custom_widget_candidate,source_supported_candidate,False,True,"[""anywidget""]","[""anywidget""]",2026-06-24T03:58:13.905213Z,2026-06-24T03:58:13.905213Z,0.0.1a1,2026-06-24T03:58:13.905213Z,0.0.1a1,True,,,2026-06-24T03:58:13.905213Z,True,"[""anywidget""]",False,not_established,True,True,True,0.0.1a2,2,2,2,False,0,ok,https://files.pythonhosted.org/packages/e7/6e/329e2f656a26768cb97ecda11bcc5b51ebec723f0b3921f22958797433e7/trrack_widget-0.0.1a1-py3-none-any.whl,https://files.pythonhosted.org/packages/e7/6e/329e2f656a26768cb97ecda11bcc5b51ebec723f0b3921f22958797433e7/trrack_widget-0.0.1a1-py3-none-any.whl,history/trrack-widget.json,"[""pypi_name_index""]",
turtle-widget,"An animated, turtle-compatible drawing widget for Jupyter notebooks",https://pypi.org/project/turtle-widget/,"[""munch-group/turtle-widget""]",[],False,custom_widget_candidate,source_supported_candidate,False,True,"[""anywidget""]","[""anywidget""]",2026-05-23T13:44:40.428158Z,2026-05-23T13:44:40.428158Z,0.1.18,2026-05-23T13:44:40.428158Z,0.1.18,False,2026-05-23T13:44:40.428158Z,0.1.18,2026-05-23T13:44:40.428158Z,True,"[""anywidget""]",False,not_established,True,True,True,1.0.10,12,2,12,False,0,ok,https://files.pythonhosted.org/packages/f2/2a/47e26114d5d9dc757b2b9f5b2cf06b6b2077bae0fb209354b01e26b88e24/turtle_widget-0.1.18-py3-none-any.whl,https://files.pythonhosted.org/packages/f2/2a/47e26114d5d9dc757b2b9f5b2cf06b6b2077bae0fb209354b01e26b88e24/turtle_widget-0.1.18-py3-none-any.whl,history/turtle-widget.json,"[""pypi_name_index""]",
tvb-phaseplane,Interactive phase plane widget for neural mass models,https://pypi.org/project/tvb-phaseplane/,"[""maedoc/trajecturtle""]",[],False,custom_widget_candidate,source_supported_candidate,False,True,"[""anywidget""]","[""anywidget""]",2026-04-30T11:09:56.304508Z,2026-04-30T11:09:56.304508Z,0.1.0,2026-04-30T11:09:56.304508Z,0.1.0,False,2026-04-30T11:09:56.304508Z,0.1.0,2026-04-30T11:09:56.304508Z,True,"[""anywidget""]",False,not_established,True,True,True,0.1.0,1,1,1,False,0,ok,https://files.pythonhosted.org/packages/5c/66/d39302fa21ea535a7734337faddb432fd8aad795c43d408ffb9f43384e0c/tvb_phaseplane-0.1.0-py3-none-any.whl,https://files.pythonhosted.org/packages/5c/66/d39302fa21ea535a7734337faddb432fd8aad795c43d408ffb9f43384e0c/tvb_phaseplane-0.1.0-py3-none-any.whl,history/tvb-phaseplane.json,"[""deps_dev_repo_mapping""]",
tweakpane,Python bindings for Tweakpane UI,https://pypi.org/project/tweakpane/,"[""manzt/ipytweakpane""]","[""manzt/ipytweakpane""]",True,custom_widget_candidate,source_supported_candidate,True,True,"[""anywidget""]","[""anywidget""]",2022-11-22T16:33:39.079226Z,2022-11-22T16:33:39.079226Z,0.0.0,2022-11-22T16:33:39.079226Z,0.0.0,False,2022-11-22T16:33:39.079226Z,0.0.0,2022-11-22T16:33:39.079226Z,True,"[""anywidget""]",False,not_established,False,False,False,0.2.0,5,2,5,False,0,ok,https://files.pythonhosted.org/packages/25/99/3584cc39dd65c9ab15b9d6687100abb45215019e6439e99b6af65ee54611/tweakpane-0.0.0-py3-none-any.whl,https://files.pythonhosted.org/packages/25/99/3584cc39dd65c9ab15b9d6687100abb45215019e6439e99b6af65ee54611/tweakpane-0.0.0-py3-none-any.whl,history/tweakpane.json,"[""deps_dev_repo_mapping""]",
uchimata,,https://pypi.org/project/uchimata/,"[""hms-dbmi/uchimata-py""]","[""dvdkouril/chromospyce""]",True,custom_widget_candidate,source_supported_candidate,False,True,"[""anywidget""]","[""anywidget""]",2025-07-28T19:47:31.024937Z,2025-07-28T19:47:31.024937Z,0.2.0,2025-07-28T19:47:31.024937Z,0.2.0,False,2025-07-28T19:47:31.024937Z,0.2.0,2025-07-28T19:47:31.024937Z,True,"[""anywidget""]",False,not_established,True,True,True,0.4.0,3,2,3,False,0,ok,https://files.pythonhosted.org/packages/63/a9/ebfbecd77aab672e12a2691dcd81b5a402ac05e91808134a20c4fbfaee59/uchimata-0.2.0-py3-none-any.whl,https://files.pythonhosted.org/packages/63/a9/ebfbecd77aab672e12a2691dcd81b5a402ac05e91808134a20c4fbfaee59/uchimata-0.2.0-py3-none-any.whl,history/uchimata.json,"[""deps_dev_repo_mapping""]",
ueler-viewer,Unified Exploratory Linked Viewer for spatial proteomics and multiplexed imaging,https://pypi.org/project/ueler-viewer/,"[""hartmannlab/ueler""]",[],False,custom_widget_candidate,source_supported_candidate,False,True,"[""anywidget""]","[""anywidget""]",2026-08-20T17:22:02.680548Z,2026-08-20T17:22:02.680548Z,0.5.0,2026-08-20T17:22:02.680548Z,0.5.0,False,2026-08-20T17:22:02.680548Z,0.5.0,2026-08-20T17:22:02.680548Z,True,"[""anywidget""]",False,not_established,True,True,True,0.5.0,1,1,1,False,0,ok,https://files.pythonhosted.org/packages/52/78/642f8f87e759743220561087915fa156cb2bc174bf7386d2488e785f19e9/ueler_viewer-0.5.0-py3-none-any.whl,https://files.pythonhosted.org/packages/52/78/642f8f87e759743220561087915fa156cb2bc174bf7386d2488e785f19e9/ueler_viewer-0.5.0-py3-none-any.whl,history/ueler-viewer.json,"[""deps_dev_repo_mapping""]",
upsetjs-jupyter-widget,UpSet.js is a re-implementation of UpSetR to create interactive set visualizations for more than three sets,https://pypi.org/project/upsetjs-jupyter-widget/,"[""upsetjs/upsetjs_jupyter_widget""]","[""upsetjs/upsetjs_jupyter_widget""]",True,custom_widget_candidate,source_supported_candidate,True,True,"[""traditional_custom_widget""]","[""traditional_custom_widget""]",2020-04-16T08:24:58.696366Z,2020-04-16T08:24:58.696366Z,0.4.1,,,,,,,True,"[""traditional_custom_widget""]",False,not_established,False,False,False,1.9.0,10,2,0,False,0,ok,https://files.pythonhosted.org/packages/dc/23/102dfee33289b6b8069172baca5315890a157cddedaf8c3e209bb2c472f7/upsetjs_jupyter_widget-0.4.1-py2.py3-none-any.whl,,history/upsetjs-jupyter-widget.json,"[""deps_dev_repo_mapping"", ""pypi_name_index""]",
url-widget,A custom Jupyter widget that provides thecurrent url of the notebook,https://pypi.org/project/url-widget/,"[""asfopensarlab/url_widget""]",[],False,custom_widget_candidate,source_supported_candidate,False,True,"[""traditional_custom_widget""]","[""traditional_custom_widget""]",2021-11-09T19:42:38.679428Z,2021-11-09T19:42:38.679428Z,0.0.0,,,,,,,True,"[""traditional_custom_widget""]",False,not_established,False,False,False,0.0.0,1,1,0,False,0,ok,https://files.pythonhosted.org/packages/49/3a/afbb14b0cb1e733400abdba8286abf05e8e2ad0f560a35e26f7099e9d461/url_widget-0.0.0-py2.py3-none-any.whl,,history/url-widget.json,"[""pypi_name_index""]",
vanity-widget,A Custom Jupyter Widget Library,https://pypi.org/project/vanity-widget/,"[""vanity/vanity""]",[],False,custom_widget_candidate,source_supported_candidate,False,True,"[""traditional_custom_widget""]","[""traditional_custom_widget""]",2021-10-27T00:57:54.491178Z,2021-10-27T00:57:54.491178Z,0.1.0,,,,,,,True,"[""traditional_custom_widget""]",False,not_established,False,False,False,0.1.0,1,1,0,False,0,ok,https://files.pythonhosted.org/packages/5e/81/043890a6a4d943f5bf8e1e2374ae794cca9da5157886bd0d583f0d24a7c4/vanity_widget-0.1.0-py2.py3-none-any.whl,,history/vanity-widget.json,"[""pypi_name_index""]",
vega,A Jupyter widget for Vega 5 and Vega-Lite 4,https://pypi.org/project/vega/,"[""vega/ipyvega""]","[""vega/ipyvega""]",True,custom_widget_candidate,source_supported_candidate,True,True,"[""traditional_custom_widget""]","[""traditional_custom_widget""]",2016-05-07T15:17:24.780702Z,2024-09-25T14:29:32.870848Z,4.1.0,,,,,,,False,[],False,not_established,False,False,False,4.1.0,40,13,2,False,0,ok,https://files.pythonhosted.org/packages/6d/45/efdf7f105943c2631d003b15753fbd379a937933fae72190ba32c953b405/vega-4.1.0-py3-none-any.whl,,history/vega.json,"[""deps_dev_repo_mapping""]",
vegafusion,Core tools for using VegaFusion from Python,https://pypi.org/project/vegafusion/,"[""hex-inc/vegafusion"", ""vega/vegafusion""]","[""vega/vegafusion""]",True,custom_widget_candidate,source_supported_candidate,True,True,"[""anywidget""]","[""anywidget""]",2022-01-15T14:53:57.161932Z,2025-09-29T11:57:05.772526Z,2.0.3,2025-09-29T11:57:05.772526Z,2.0.3,False,2025-09-29T11:57:05.772526Z,2.0.3,,False,[],False,not_established,False,False,True,2.0.3,75,13,58,False,0,ok,https://files.pythonhosted.org/packages/d5/98/30d1eefcb121bae9afa06661a6a2a1572af2908917a2b0ba42e697f22c09/vegafusion-2.0.3.tar.gz,https://files.pythonhosted.org/packages/d5/98/30d1eefcb121bae9afa06661a6a2a1572af2908917a2b0ba42e697f22c09/vegafusion-2.0.3.tar.gz,history/vegafusion.json,"[""repository_package_declaration""]",
viawidgets,A collection of simple custom widgets built with AnyWidget.,https://pypi.org/project/viawidgets/,[],[],False,custom_widget_candidate,source_supported_candidate,False,True,"[""anywidget""]","[""anywidget""]",2025-05-23T10:07:00.397799Z,2025-05-23T10:07:00.397799Z,0.1.0,2025-05-23T10:07:00.397799Z,0.1.0,False,2025-05-23T10:07:00.397799Z,0.1.0,2025-05-23T10:07:00.397799Z,True,"[""anywidget""]",False,not_established,True,True,True,0.1.2,3,2,3,False,0,ok,https://files.pythonhosted.org/packages/68/57/09fbfe30ca8a5239bb226de80107fb486664ec37f1f39afc528ac5a0f15f/viawidgets-0.1.0-py3-none-any.whl,https://files.pythonhosted.org/packages/68/57/09fbfe30ca8a5239bb226de80107fb486664ec37f1f39afc528ac5a0f15f/viawidgets-0.1.0-py3-none-any.whl,history/viawidgets.json,"[""pypi_name_index""]",
vibe-widget,Create interactive visualizations using natural language and LLMs,https://pypi.org/project/vibe-widget/,"[""dwootton/vibe-widget""]",[],False,custom_widget_candidate,source_supported_candidate,False,True,"[""anywidget""]","[""anywidget""]",2025-11-17T00:57:23.527382Z,2025-11-17T00:57:23.527382Z,0.1.0,2025-11-17T00:57:23.527382Z,0.1.0,False,2025-11-17T00:57:23.527382Z,0.1.0,2025-11-17T00:57:23.527382Z,True,"[""anywidget""]",False,not_established,True,True,True,0.3.3,11,2,11,False,0,ok,https://files.pythonhosted.org/packages/af/53/99b069563831fa5fa3ca0e1054226c50f3bb9ad787b3a0e253eec1423df0/vibe_widget-0.1.0-py3-none-any.whl,https://files.pythonhosted.org/packages/af/53/99b069563831fa5fa3ca0e1054226c50f3bb9ad787b3a0e253eec1423df0/vibe_widget-0.1.0-py3-none-any.whl,history/vibe-widget.json,"[""pypi_name_index""]",
videoplayerwidget,A Custom Jupyter Widget Library,https://pypi.org/project/videoplayerwidget/,"[""kedarisetti/videoplayerwidget""]","[""kedarisetti/VideoPlayerWidget""]",True,custom_widget_candidate,source_supported_candidate,True,True,"[""traditional_custom_widget""]","[""traditional_custom_widget""]",2022-12-03T21:58:46.323621Z,2022-12-03T21:58:46.323621Z,0.1.0,,,,,,,True,"[""traditional_custom_widget""]",False,not_established,False,False,False,0.1.0,1,1,1,False,0,ok,https://files.pythonhosted.org/packages/7c/6b/c46bd7ee46791dcc128712c8075ca6e53c9658f6ab1d3af2b07e3cca2553/VideoPlayerWidget-0.1.0-py2.py3-none-any.whl,,history/videoplayerwidget.json,"[""deps_dev_repo_mapping"", ""pypi_name_index""]",
visl3d,Python library to create interactive 3D visualisations of astrophysical spectral line data,https://pypi.org/project/visl3d/,"[""ixakalabadie/visl3d""]",[],False,custom_widget_candidate,source_supported_candidate,False,True,"[""anywidget""]","[""anywidget""]",2024-07-12T14:38:58.117959Z,2025-11-07T16:38:17.882742Z,0.5,2025-11-07T16:38:17.882742Z,0.5,False,2025-11-07T16:38:17.882742Z,0.5,,False,[],False,not_established,False,False,True,0.5,5,5,5,False,0,ok,https://files.pythonhosted.org/packages/b9/06/bfc4b738facc8e3c987ee2825e9741904d07493332d6951faa1cd8d3397d/visl3d-0.5-py3-none-any.whl,https://files.pythonhosted.org/packages/b9/06/bfc4b738facc8e3c987ee2825e9741904d07493332d6951faa1cd8d3397d/visl3d-0.5-py3-none-any.whl,history/visl3d.json,"[""deps_dev_repo_mapping""]",
vitessce,Jupyter widget facilitating interactive visualization of spatial single-cell data with Vitessce,https://pypi.org/project/vitessce/,"[""vitessce/vitessce-python""]","[""vitessce/vitessce-python""]",True,custom_widget_candidate,source_supported_candidate,True,True,"[""anywidget""]","[""anywidget"", ""traditional_custom_widget""]",2020-11-20T01:23:24.016057Z,2020-11-20T01:23:24.016057Z,0.1.0a0,2023-01-10T01:18:43.110066Z,2.0.1,False,2023-01-10T01:18:43.110066Z,2.0.1,2023-01-10T01:18:43.110066Z,True,"[""traditional_custom_widget""]",True,review_component_continuity,False,False,False,3.9.7,100,16,75,False,0,ok,https://files.pythonhosted.org/packages/9e/0c/702db9fec1e567f8fa16a806803b9e06ac0e84b6de086ec60f6bb94bf3cc/vitessce-0.1.0a0.tar.gz,https://files.pythonhosted.org/packages/93/a6/fc18fb97268bbe8a96edd3069b30712ae839afb005e03d909364141b00d7/vitessce-2.0.1-py2.py3-none-any.whl,history/vitessce.json,"[""deps_dev_repo_mapping""]",
vizarr,,https://pypi.org/project/vizarr/,"[""hms-dbmi/vizarr""]","[""hms-dbmi/vizarr""]",True,custom_widget_candidate,source_supported_candidate,True,True,"[""anywidget""]","[""anywidget""]",2023-10-19T21:31:32.399088Z,2023-10-19T21:31:32.399088Z,0.0.0,2023-10-19T21:31:32.399088Z,0.0.0,False,2023-10-19T21:31:32.399088Z,0.0.0,2023-10-19T21:31:32.399088Z,True,"[""anywidget""]",False,not_established,False,False,False,0.1.1,6,2,6,False,0,ok,https://files.pythonhosted.org/packages/ce/4b/c528488d9c34698ab0a40bb34c2205ee5d3b31b1ef40ccf1ba0e7b6c1a5a/vizarr-0.0.0-py2.py3-none-any.whl,https://files.pythonhosted.org/packages/ce/4b/c528488d9c34698ab0a40bb34c2205ee5d3b31b1ef40ccf1ba0e7b6c1a5a/vizarr-0.0.0-py2.py3-none-any.whl,history/vizarr.json,"[""repository_package_declaration""]",
vizic,A Jupyter widget for visualizing astronomical catalogs,https://pypi.org/project/vizic/,"[""ywx649999311/vizic""]","[""ywx649999311/vizic""]",True,custom_widget_candidate,source_supported_candidate,True,True,"[""traditional_custom_widget""]","[""traditional_custom_widget""]",2016-12-29T07:18:52.048373Z,2016-12-29T07:18:52.048373Z,0.0.1,,,,,,,True,"[""traditional_custom_widget""]",False,not_established,False,False,False,0.3,5,2,0,False,0,ok,https://files.pythonhosted.org/packages/3f/7a/d69d290a60f2f0f350f2645e7f6d7ded7a244e036504c6a5a8ed600a6598/vizic-0.0.1-py2.py3-none-any.whl,,history/vizic.json,"[""deps_dev_direct_sample"", ""deps_dev_repo_mapping""]",
vizpro,"VizPro is a high-level data visualization library that simplifies the creation of interactive plots in Jupyter Notebooks and JupyterLab. Unlike Matplotlib or Seaborn, VizPro automatically handles visual details such as layout, axis positioning, and sizing. Built as a Python wrapper for D3.js and TypeScript, it lets data scientists focus on insights rather than plot configuration. With just a few lines of code, you can create dynamic, interactive charts.",https://pypi.org/project/vizpro/,"[""matiasmaravi/vizpro""]",[],False,custom_widget_candidate,source_supported_candidate,False,True,"[""traditional_custom_widget""]","[""traditional_custom_widget""]",2025-10-27T03:47:03.853736Z,2025-10-27T03:47:03.853736Z,0.1.0.dev0,,,,,,,True,"[""traditional_custom_widget""]",False,not_established,True,True,True,0.1.7.dev0,8,2,8,False,0,ok,https://files.pythonhosted.org/packages/37/61/9e11187459241c91112b83d23b843602e6a8e4b0ce03c510212fba4ea04f/vizpro-0.1.0.dev0-py3-none-any.whl,,history/vizpro.json,"[""deps_dev_repo_mapping""]",
vuepy-core,"Vue.py is a progressive, incrementally-adoptable Python framework for building GUI in Jupyter and TUI in CLI.",https://pypi.org/project/vuepy-core/,"[""vuepy/vuepy""]","[""vuepy/vuepy""]",True,custom_widget_candidate,source_supported_candidate,True,True,"[""anywidget""]","[""anywidget""]",2025-03-10T16:01:15.962881Z,2025-03-10T16:01:15.962881Z,0.1.8a1,2025-03-10T16:01:15.962881Z,0.1.8a1,True,2025-03-10T16:55:23.744919Z,0.1.9,2025-03-10T16:01:15.962881Z,True,"[""anywidget""]",False,not_established,True,True,True,0.1.12,5,3,5,False,0,ok,https://files.pythonhosted.org/packages/74/3f/e6e369524d3322a2f6fe33e06935ba830d8ec7f0bce84657e41be07f6af8/vuepy_core-0.1.8a1-py3-none-any.whl,https://files.pythonhosted.org/packages/74/3f/e6e369524d3322a2f6fe33e06935ba830d8ec7f0bce84657e41be07f6af8/vuepy_core-0.1.8a1-py3-none-any.whl,history/vuepy-core.json,"[""repository_package_declaration""]",
weas-widget,A widget to visualize and interact with atomistic structures in Jupyter Notebook.,https://pypi.org/project/weas-widget/,"[""superstar54/weas-widget""]","[""superstar54/weas-widget""]",True,custom_widget_candidate,source_supported_candidate,True,True,"[""anywidget""]","[""anywidget""]",2024-02-21T17:59:02.108139Z,2024-02-21T17:59:02.108139Z,0.0.8,2024-02-21T17:59:02.108139Z,0.0.8,False,2024-02-21T17:59:02.108139Z,0.0.8,2024-02-21T17:59:02.108139Z,True,"[""anywidget""]",False,not_established,False,False,False,0.2.6,44,2,44,False,0,ok,https://files.pythonhosted.org/packages/14/97/f76c623e472a17f5aee99c22cfbce7a9a2d8f84c5bb7fb4846a4664dbf70/weas_widget-0.0.8-py3-none-any.whl,https://files.pythonhosted.org/packages/14/97/f76c623e472a17f5aee99c22cfbce7a9a2d8f84c5bb7fb4846a4664dbf70/weas_widget-0.0.8-py3-none-any.whl,history/weas-widget.json,"[""deps_dev_direct_sample"", ""deps_dev_repo_mapping"", ""pypi_name_index""]",
webgui-jupyter-widgets,Jupyter widgets library for webgui js visualization library,https://pypi.org/project/webgui-jupyter-widgets/,"[""cerbsim/webgui_jupyter_widgets""]","[""CERBSim/webgui_jupyter_widgets""]",True,custom_widget_candidate,source_supported_candidate,True,True,"[""traditional_custom_widget""]","[""traditional_custom_widget""]",2021-04-10T13:56:41.176285Z,2021-04-10T13:56:41.176285Z,0.1.0,,,,,,,True,"[""traditional_custom_widget""]",False,not_established,False,False,False,0.2.37,44,2,24,False,0,ok,https://files.pythonhosted.org/packages/e0/7f/4f349cf4f22ff504d571b1787e3d22cad65bd3e4cbdecc0227b86bc6359a/webgui_jupyter_widgets-0.1.0-py2.py3-none-any.whl,,history/webgui-jupyter-widgets.json,"[""deps_dev_repo_mapping"", ""pypi_name_index""]",
widget-bandsplot,A Jupyter widget to plot band structure and density of states.,https://pypi.org/project/widget-bandsplot/,"[""osscar-org/widget-bandsplot""]","[""osscar-org/widget-bandsplot""]",True,custom_widget_candidate,source_supported_candidate,True,True,"[""anywidget""]","[""anywidget"", ""traditional_custom_widget""]",2021-01-19T14:44:00.808326Z,2021-01-19T14:44:00.808326Z,0.1.0a0,2024-03-27T00:15:39.811867Z,0.6.4,False,2024-03-27T00:15:39.811867Z,0.6.4,2024-03-27T00:15:39.811867Z,True,"[""traditional_custom_widget""]",True,review_component_continuity,False,False,False,0.7.4,32,4,10,False,0,ok,https://files.pythonhosted.org/packages/42/c1/78f4cd4fa82070241000b94f81bc3a06cc0cc6e0aa226829b01dc0e9987e/widget_bandsplot-0.1.0a0-py2.py3-none-any.whl,https://files.pythonhosted.org/packages/e0/8f/d6a14e3cc8a2e90c72f87722834905b94092a48b92b0f6c1b69a8f9ece30/widget_bandsplot-0.6.4-py2.py3-none-any.whl,history/widget-bandsplot.json,"[""deps_dev_direct_sample"", ""deps_dev_repo_mapping"", ""pypi_name_index""]",
widget-bzvisualizer,A Jupyter widget to show the Brillouin zone of periodic crystals.,https://pypi.org/project/widget-bzvisualizer/,"[""osscar-org/widget-bzvisualizer""]","[""osscar-org/widget-bzvisualizer""]",True,custom_widget_candidate,source_supported_candidate,True,True,"[""anywidget""]","[""anywidget"", ""traditional_custom_widget""]",2021-03-21T17:24:05.073869Z,2021-03-21T17:24:05.073869Z,0.1.0a0,2024-03-25T17:29:53.579954Z,0.2.0,False,2024-03-25T17:29:53.579954Z,0.2.0,2024-03-25T17:29:53.579954Z,True,"[""traditional_custom_widget""]",True,review_component_continuity,False,False,False,0.2.7,23,4,8,False,0,ok,https://files.pythonhosted.org/packages/64/3d/8d20174b9382024b628d31b1fef520cf403936f26929768c3180b065f2c7/widget_bzvisualizer-0.1.0a0-py2.py3-none-any.whl,https://files.pythonhosted.org/packages/97/6d/98eaf58457d756027b423d208f8e0ddf2057cf19850775a743598185f01b/widget_bzvisualizer-0.2.0-py2.py3-none-any.whl,history/widget-bzvisualizer.json,"[""deps_dev_direct_sample"", ""deps_dev_repo_mapping"", ""pypi_name_index""]",
widget-code-input,A jupyter widget which allows users to implement small python functions dynamically and interactively.,https://pypi.org/project/widget-code-input/,"[""osscar-org/widget-code-input""]","[""osscar-org/widget-code-input""]",True,custom_widget_candidate,source_supported_candidate,True,True,"[""anywidget""]","[""anywidget"", ""traditional_custom_widget""]",2020-02-20T14:49:32.711706Z,2020-02-20T14:49:32.711706Z,1.1.0.dev0,2024-05-21T08:38:19.339778Z,4.0.10,False,2024-05-21T08:38:19.339778Z,4.0.10,2024-05-21T08:38:19.339778Z,True,"[""traditional_custom_widget""]",True,review_component_continuity,False,False,False,4.0.19,25,4,19,False,0,ok,https://files.pythonhosted.org/packages/ca/15/1b252ed4e442685ae20567e112e15537f8eb69822e5eb2a880222ee51f81/widget_code_input-1.1.0.dev0-py2.py3-none-any.whl,https://files.pythonhosted.org/packages/fc/ed/462e566e78abc54b29a53f74419340d4d21e5af6fd339399564378b6cabf/widget_code_input-4.0.10-py2.py3-none-any.whl,history/widget-code-input.json,"[""deps_dev_direct_sample"", ""deps_dev_repo_mapping"", ""pypi_name_index""]",
widget-dropdown,,https://pypi.org/project/widget-dropdown/,"[""aiidalab/widget-dropdown""]","[""aiidalab/widget-dropdown""]",True,custom_widget_candidate,source_supported_candidate,True,True,"[""anywidget""]","[""anywidget""]",2024-06-14T12:52:40.589733Z,2024-06-14T12:52:40.589733Z,0.1.0,2024-06-14T12:52:40.589733Z,0.1.0,False,2024-06-14T12:52:40.589733Z,0.1.0,2024-06-14T12:52:40.589733Z,True,"[""anywidget""]",False,not_established,False,False,False,0.4.1,8,2,8,False,0,ok,https://files.pythonhosted.org/packages/f2/9c/7bfc9ec7852ab7208657ceb7887049894450d50620920a13c20d29611222/widget_dropdown-0.1.0-py2.py3-none-any.whl,https://files.pythonhosted.org/packages/f2/9c/7bfc9ec7852ab7208657ceb7887049894450d50620920a13c20d29611222/widget_dropdown-0.1.0-py2.py3-none-any.whl,history/widget-dropdown.json,"[""deps_dev_direct_sample"", ""pypi_name_index"", ""repository_package_declaration""]",
widget-jsmol,A Jupyter widget to use Jmol/Jsmol.,https://pypi.org/project/widget-jsmol/,"[""osscar-org/widget-jsmol""]","[""osscar-org/widget-jsmol""]",True,custom_widget_candidate,source_supported_candidate,True,True,"[""traditional_custom_widget""]","[""traditional_custom_widget""]",2020-02-28T12:17:28.935641Z,2020-02-28T12:17:28.935641Z,0.1.1.dev0,,,,,,,True,"[""traditional_custom_widget""]",False,not_established,False,False,False,2.0.0,4,2,0,False,0,ok,https://files.pythonhosted.org/packages/44/a2/0068dc69197d5409dcd181ef880ee695c7b570d8249917117cabae059f4a/widget_jsmol-0.1.1.dev0-py2.py3-none-any.whl,,history/widget-jsmol.json,"[""deps_dev_repo_mapping"", ""pypi_name_index""]",
widget-optimade-client,A Jupyter widget for querying OPTIMADE-compatible providers,https://pypi.org/project/widget-optimade-client/,"[""materialscloud-org/tools-optimadeclient-react""]",[],False,custom_widget_candidate,source_supported_candidate,False,True,"[""anywidget""]","[""anywidget""]",2026-02-11T13:25:55.756998Z,2026-02-11T13:25:55.756998Z,0.1.0,2026-02-11T13:25:55.756998Z,0.1.0,False,2026-02-11T13:25:55.756998Z,0.1.0,2026-02-11T13:25:55.756998Z,True,"[""anywidget""]",False,not_established,True,True,True,0.1.0,1,1,1,False,0,ok,https://files.pythonhosted.org/packages/d7/cf/53db84a123ce227cea16aa959a856555e835975a42f619bc107b297db4a7/widget_optimade_client-0.1.0-py3-none-any.whl,https://files.pythonhosted.org/packages/d7/cf/53db84a123ce227cea16aa959a856555e835975a42f619bc107b297db4a7/widget_optimade_client-0.1.0-py3-none-any.whl,history/widget-optimade-client.json,"[""deps_dev_repo_mapping"", ""pypi_name_index""]",
widget-periodictable,A jupyter widget of the periodic table of elements.,https://pypi.org/project/widget-periodictable/,"[""osscar-org/widget-periodictable""]","[""osscar-org/widget-periodictable""]",True,custom_widget_candidate,source_supported_candidate,True,True,"[""anywidget""]","[""anywidget"", ""traditional_custom_widget""]",2020-03-09T14:24:46.109201Z,2020-03-09T14:24:46.109201Z,0.1.0.dev0,2024-03-10T14:47:15.617344Z,4.0.5,False,2024-03-10T14:47:15.617344Z,4.0.5,2024-03-10T14:47:15.617344Z,True,"[""traditional_custom_widget""]",True,review_component_continuity,False,False,False,4.2.1,23,4,8,False,0,ok,https://files.pythonhosted.org/packages/34/b4/4aa7280478ec324272fc5bbc08fcc83d6a9064aeabb38943c425a8e67988/widget_periodictable-0.1.0.dev0-py2.py3-none-any.whl,https://files.pythonhosted.org/packages/c5/3b/fd1dab52941546166089a6e0c008de751fb87f4413ef1e36810c7e9b24a2/widget_periodictable-4.0.5-py2.py3-none-any.whl,history/widget-periodictable.json,"[""deps_dev_direct_sample"", ""deps_dev_repo_mapping"", ""pypi_name_index""]",
widgyts,A Custom Jupyter Widget Library for Interactive Visualization with yt,https://pypi.org/project/widgyts/,"[""yt-project/widgyts""]","[""yt-project/widgyts""]",True,custom_widget_candidate,source_supported_candidate,True,True,"[""traditional_custom_widget""]","[""traditional_custom_widget""]",2018-12-18T21:30:48.881628Z,2018-12-18T21:31:22.902496Z,0.3.0,,,,,,,True,"[""traditional_custom_widget""]",False,not_established,False,False,False,0.5.1,4,2,2,False,0,ok,https://files.pythonhosted.org/packages/f8/24/53c688359c9c349024da00647326677b54add5c813c8d96bd7e6e62ca802/widgyts-0.3.0-py2.py3-none-any.whl,,history/widgyts.json,"[""deps_dev_repo_mapping""]",
wigglystuff,Collection of Anywidget Widgets,https://pypi.org/project/wigglystuff/,"[""koaning/wigglystuff""]","[""koaning/wigglystuff""]",True,custom_widget_candidate,source_supported_candidate,True,True,"[""anywidget""]","[""anywidget""]",2024-05-27T19:48:52.460427Z,2024-05-27T19:48:52.460427Z,0.1.0,2024-05-27T19:48:52.460427Z,0.1.0,False,2024-05-27T19:48:52.460427Z,0.1.0,2024-05-27T19:48:52.460427Z,True,"[""anywidget""]",False,not_established,False,False,False,0.5.32,101,2,101,False,0,ok,https://files.pythonhosted.org/packages/c2/74/b5ed6e784a26fd55e5bcebd178d27582d77d9a72023302aceb5a09e69741/wigglystuff-0.1.0-py2.py3-none-any.whl,https://files.pythonhosted.org/packages/c2/74/b5ed6e784a26fd55e5bcebd178d27582d77d9a72023302aceb5a09e69741/wigglystuff-0.1.0-py2.py3-none-any.whl,history/wigglystuff.json,"[""deps_dev_direct_sample"", ""repository_package_declaration""]",
witwidget,What-If Tool notebook widget,https://pypi.org/project/witwidget/,[],[],False,custom_widget_candidate,source_supported_candidate,False,True,"[""traditional_custom_widget""]","[""traditional_custom_widget""]",2018-12-07T15:15:49.132157Z,2018-12-07T15:15:49.132157Z,0.1.0a0,,,,,,,True,"[""traditional_custom_widget""]",False,not_established,False,False,False,1.8.1,38,2,0,False,0,ok,https://files.pythonhosted.org/packages/fa/3a/3a00155e9496ec86ee792df0121e662cd70a2565e979e83472c76d20475e/witwidget-0.1.0a0.tar.gz,,history/witwidget.json,"[""pypi_name_index""]",
witwidget-gpu,What-If Tool jupyter widget,https://pypi.org/project/witwidget-gpu/,"[""pair-code/what-if-tool""]",[],False,custom_widget_candidate,source_supported_candidate,False,True,"[""traditional_custom_widget""]","[""traditional_custom_widget""]",2019-04-01T14:10:49.726789Z,2019-04-01T14:10:49.726789Z,1.0.0,,,,,,,True,"[""traditional_custom_widget""]",False,not_established,False,False,False,1.6.0,15,2,0,False,0,ok,https://files.pythonhosted.org/packages/e5/7a/004fb1798a7036f0a649630ba3f92fe430a09577c7f3f0126105d0edb48f/witwidget_gpu-1.0.0-py2-none-any.whl,,history/witwidget-gpu.json,"[""pypi_name_index""]",
wxyz-core,experimental Jupyter widgets for JSON and evented transformations,https://pypi.org/project/wxyz-core/,"[""deathbeds/wxyz""]","[""deathbeds/wxyz""]",True,custom_widget_candidate,source_supported_candidate,True,True,"[""traditional_custom_widget""]","[""traditional_custom_widget""]",2020-12-27T18:35:31.455332Z,2020-12-27T18:35:31.455332Z,0.4.0,,,,,,,True,"[""traditional_custom_widget""]",False,not_established,False,False,False,0.5.1,5,2,0,False,0,ok,https://files.pythonhosted.org/packages/73/3c/a0e13b18618ec02ac9e30ef1296b8bade7599c381471f628f415ea645e96/wxyz_core-0.4.0-py3-none-any.whl,,history/wxyz-core.json,"[""deps_dev_direct_sample"", ""deps_dev_repo_mapping""]",
xai-tabular-widget,A widget for visualizing tabular attributions,https://pypi.org/project/xai-tabular-widget/,[],[],False,custom_widget_candidate,source_supported_candidate,False,True,"[""traditional_custom_widget""]","[""traditional_custom_widget""]",2021-03-29T22:38:17.729228Z,2021-03-29T22:38:17.729228Z,0.1.0,,,,,,,True,"[""traditional_custom_widget""]",False,not_established,False,False,False,0.1.0,1,1,0,False,0,ok,https://files.pythonhosted.org/packages/a5/70/b132208d90aca26e6689b81ebf227f3559d3531c1154366c65a0bfed2ef7/xai_tabular_widget-0.1.0-py2.py3-none-any.whl,,history/xai-tabular-widget.json,"[""pypi_name_index""]",
xarray-fancy-repr,Fancy reprs for Xarray objects in Jupyter notebooks,https://pypi.org/project/xarray-fancy-repr/,"[""benbovy/xarray-fancy-repr""]","[""benbovy/xarray-fancy-repr""]",True,custom_widget_candidate,source_supported_candidate,True,True,"[""anywidget""]","[""anywidget""]",2023-09-15T13:32:44.740598Z,2023-09-15T13:32:44.740598Z,0.0.1,2023-09-15T13:32:44.740598Z,0.0.1,False,2023-09-15T13:32:44.740598Z,0.0.1,2023-09-15T13:32:44.740598Z,True,"[""anywidget""]",False,not_established,False,False,False,0.0.2,2,2,2,False,0,ok,https://files.pythonhosted.org/packages/07/6c/ed321799483432bbaef1d97bd6e893e743ab851f66a96009f49217caffb0/xarray_fancy_repr-0.0.1-py2.py3-none-any.whl,https://files.pythonhosted.org/packages/07/6c/ed321799483432bbaef1d97bd6e893e743ab851f66a96009f49217caffb0/xarray_fancy_repr-0.0.1-py2.py3-none-any.whl,history/xarray-fancy-repr.json,"[""deps_dev_repo_mapping""]",
xdggs,Xarray extension for DGGS,https://pypi.org/project/xdggs/,"[""xarray-contrib/xdggs""]",[],False,custom_widget_candidate,source_supported_candidate,False,True,"[""anywidget""]","[""anywidget""]",2023-11-28T14:43:54.165452Z,2025-12-12T11:26:07.063314Z,0.5.0,2025-12-12T11:26:07.063314Z,0.5.0,False,2025-12-12T11:26:07.063314Z,0.5.0,2026-09-29T10:15:17.490420Z,False,[],False,not_established,False,False,True,0.7.0,11,11,11,False,0,ok,https://files.pythonhosted.org/packages/1d/73/6109768228e6a3b6b791a14b055d59ff192a310813af0fe0e1e8a5e38f10/xdggs-0.5.0-py3-none-any.whl,https://files.pythonhosted.org/packages/1d/73/6109768228e6a3b6b791a14b055d59ff192a310813af0fe0e1e8a5e38f10/xdggs-0.5.0-py3-none-any.whl,history/xdggs.json,"[""deps_dev_repo_mapping""]",
xmris,An xarray-based MRI and MRS toolbox,https://pypi.org/project/xmris/,"[""andrewendlinger/xmris""]",[],False,custom_widget_candidate,source_supported_candidate,False,True,"[""anywidget""]","[""anywidget""]",2026-02-18T17:19:25.554238Z,2026-03-02T10:17:11.892597Z,0.6.1,2026-03-02T10:17:11.892597Z,0.6.1,False,2026-03-02T10:17:11.892597Z,0.6.1,2026-03-02T10:17:11.892597Z,False,[],False,not_established,True,True,True,0.7.0,8,8,8,False,0,ok,https://files.pythonhosted.org/packages/52/48/ecff2261c64673757cce3a709ed2b1fe0f7ce47d4ff89a6a5bb833a3f8ba/xmris-0.6.1-py3-none-any.whl,https://files.pythonhosted.org/packages/52/48/ecff2261c64673757cce3a709ed2b1fe0f7ce47d4ff89a6a5bb833a3f8ba/xmris-0.6.1-py3-none-any.whl,history/xmris.json,"[""deps_dev_direct_sample"", ""deps_dev_repo_mapping""]",
xsmiles,A Custom Jupyter Widget Library,https://pypi.org/project/xsmiles/,"[""bayer-group/xsmiles-jupyterlab""]","[""Bayer-Group/xsmiles-jupyterlab""]",True,custom_widget_candidate,source_supported_candidate,True,True,"[""traditional_custom_widget""]","[""traditional_custom_widget""]",2022-09-07T09:07:01.808776Z,2022-09-07T09:07:01.808776Z,0.2.2,,,,,,,True,"[""traditional_custom_widget""]",False,not_established,False,False,False,0.2.2,1,1,0,False,0,ok,https://files.pythonhosted.org/packages/d8/5e/2a03d3552341e52f332cc3962790bc1cdd071319fd967590d4cbd9e6f569/xsmiles-0.2.2-py2.py3-none-any.whl,,history/xsmiles.json,"[""deps_dev_repo_mapping""]",
xy,"Experimental Python charting engine with a native Rust core, binary columnar transport, and a GPU render client",https://pypi.org/project/xy/,"[""reflex-dev/xy""]",[],False,custom_widget_candidate,source_supported_candidate,False,True,"[""anywidget""]","[""anywidget""]",2026-07-17T03:56:31.438348Z,2026-07-17T03:56:33.823684Z,0.0.1,2026-07-17T03:56:33.823684Z,0.0.1,False,2026-07-17T03:56:33.823684Z,0.0.1,2026-07-17T03:56:31.438348Z,True,"[""anywidget""]",False,not_established,True,True,True,0.0.7,9,2,9,False,0,ok,https://files.pythonhosted.org/packages/14/8e/91664f28cfbe7b84b4fafc9007696f8f3afbdf69d99d1a4e6cf71300a58c/xy-0.0.1-py3-none-macosx_11_0_arm64.whl,https://files.pythonhosted.org/packages/14/8e/91664f28cfbe7b84b4fafc9007696f8f3afbdf69d99d1a4e6cf71300a58c/xy-0.0.1-py3-none-macosx_11_0_arm64.whl,history/xy.json,"[""deps_dev_direct_sample"", ""deps_dev_repo_mapping""]",
yfiles-jupyter-graphs,A diagram visualization extension for JupyterLab and Jupyter Notebooks powered by yFiles for HTML,https://pypi.org/project/yfiles-jupyter-graphs/,"[""yworks/yfiles-jupyter-graphs""]",[],False,custom_widget_candidate,source_supported_candidate,False,True,"[""traditional_custom_widget""]","[""traditional_custom_widget""]",2022-04-06T08:14:12.820168Z,2022-04-06T08:14:12.820168Z,1.0.0,,,,,,,True,"[""traditional_custom_widget""]",False,not_established,False,False,False,2.0.0,47,2,38,False,0,ok,https://files.pythonhosted.org/packages/d1/ea/983dddf3196b986d1330e6dca95fa2dfbd38e2eb9dd57b1278fb2d4da33f/yfiles_jupyter_graphs-1.0.0-py2.py3-none-any.whl,,history/yfiles-jupyter-graphs.json,"[""deps_dev_direct_sample""]",
yuuno,Yuuno = Jupyter + VapourSynth,https://pypi.org/project/yuuno/,"[""irrational-encoding-wizardry/yuuno""]","[""Irrational-Encoding-Wizardry/yuuno""]",True,custom_widget_candidate,source_supported_candidate,True,True,"[""traditional_custom_widget""]","[""traditional_custom_widget""]",2017-01-06T21:48:37.633882Z,2022-01-15T19:29:43.659857Z,1.4,,,,,,,False,[],False,not_established,False,False,False,1.4,40,13,0,False,0,ok,https://files.pythonhosted.org/packages/19/80/6623306706ae2cee865de1890344b20228c3bd22e2a46a0e7ad6ca3ca627/yuuno-1.4-py2.py3-none-any.whl,,history/yuuno.json,"[""deps_dev_direct_sample"", ""deps_dev_repo_mapping""]",
ziviz,Ziviz,https://pypi.org/project/ziviz/,"[""mikheyevav/ziviz""]","[""mikheyevav/ziviz""]",True,custom_widget_candidate,source_supported_candidate,True,True,"[""traditional_custom_widget""]","[""traditional_custom_widget""]",2020-09-12T14:49:58.547947Z,2020-09-12T14:50:47.187751Z,0.1.1,,,,,,,True,"[""traditional_custom_widget""]",False,not_established,False,False,False,0.1.5,5,2,0,False,0,ok,https://files.pythonhosted.org/packages/41/37/3b7cd6694e066420573d71c503aada1b73799ee72bfa94ebf8b0c900503b/ziviz-0.1.1-py3-none-any.whl,,history/ziviz.json,"[""deps_dev_repo_mapping""]",
